datetime,station_id,station_name,latitude,longitude,district,PM25,PM10,SO2,NO2,O3,CO,AQI,temperature,humidity,wind_speed,wind_direction,precipitation,pressure,data_mode
2026-08-06 00:00:00,HHHT001,呼和浩特市环境监测中心站,40.8421,111.749,新城区,25.0,42.1,7.8,27.7,58.6,0.89,36,24.1,46.0,2.8,71.6,1.0,1011.1,DEMO
2026-08-06 00:00:00,HHHT002,如意开发区,40.825,111.8,赛罕区,40.2,58.4,19.4,40.6,50.8,0.89,57,22.7,36.0,1.9,4.6,0.0,1008.5,DEMO
2026-08-06 00:00:00,HHHT003,呼市一监,40.81,111.67,回民区,36.9,51.7,9.3,36.4,29.6,0.83,52,25.3,67.1,3.3,262.7,0.0,1004.9,DEMO
2026-08-06 00:00:00,HHHT004,小召前街,40.805,111.665,回民区,40.6,53.1,13.7,32.6,53.3,0.93,57,21.7,36.2,3.8,288.8,0.0,1013.8,DEMO
2026-08-06 00:00:00,HHHT005,二十九中,40.78,111.7,玉泉区,30.4,45.2,10.2,28.5,57.5,0.99,43,24.3,49.8,3.8,310.4,0.0,1003.2,DEMO
2026-08-06 00:00:00,HHHT006,工大金川校区,40.76,111.62,土默特左旗,38.7,50.6,16.5,26.6,51.8,0.9,55,24.9,41.7,1.1,55.5,0.0,1014.7,DEMO
2026-08-06 01:00:00,HHHT001,呼和浩特市环境监测中心站,40.8421,111.749,新城区,26.8,36.6,15.6,31.7,46.0,0.78,38,26.1,26.0,4.6,79.0,0.0,1015.2,DEMO
2026-08-06 01:00:00,HHHT002,如意开发区,40.825,111.8,赛罕区,36.6,46.8,10.1,34.3,40.4,0.86,52,22.8,47.7,4.3,18.6,0.0,1012.7,DEMO
2026-08-06 01:00:00,HHHT003,呼市一监,40.81,111.67,回民区,22.5,32.2,9.7,28.8,51.1,0.92,32,21.7,48.0,2.5,23.4,0.0,1008.0,DEMO
2026-08-06 01:00:00,HHHT004,小召前街,40.805,111.665,回民区,46.9,69.3,16.1,35.0,44.5,0.89,65,20.1,42.2,3.4,334.5,0.0,1007.8,DEMO
2026-08-06 01:00:00,HHHT005,二十九中,40.78,111.7,玉泉区,24.2,32.1,14.1,43.0,63.0,0.66,35,22.0,46.5,2.5,60.9,0.0,1019.7,DEMO
2026-08-06 01:00:00,HHHT006,工大金川校区,40.76,111.62,土默特左旗,30.6,44.2,15.9,36.2,57.9,0.77,44,26.6,54.5,4.1,252.3,0.0,1011.0,DEMO
2026-08-06 02:00:00,HHHT001,呼和浩特市环境监测中心站,40.8421,111.749,新城区,27.5,36.6,13.2,39.4,42.8,0.87,39,20.0,46.2,4.4,211.8,0.0,1012.6,DEMO
2026-08-06 02:00:00,HHHT002,如意开发区,40.825,111.8,赛罕区,41.1,53.8,19.0,37.2,41.2,1.0,58,25.8,56.7,2.9,97.1,0.0,1013.3,DEMO
2026-08-06 02:00:00,HHHT003,呼市一监,40.81,111.67,回民区,43.2,62.5,12.3,35.6,56.8,1.01,60,20.5,36.2,4.8,282.4,0.0,1005.7,DEMO
2026-08-06 02:00:00,HHHT004,小召前街,40.805,111.665,回民区,41.7,61.2,14.1,36.9,55.2,0.83,58,19.8,47.8,3.3,149.9,0.0,1013.3,DEMO
2026-08-06 02:00:00,HHHT005,二十九中,40.78,111.7,玉泉区,35.5,44.8,13.7,42.8,68.7,0.84,51,19.1,57.6,2.3,156.9,0.0,1014.3,DEMO
2026-08-06 02:00:00,HHHT006,工大金川校区,40.76,111.62,土默特左旗,27.7,36.5,14.1,42.2,43.1,0.6,40,15.7,49.6,2.6,300.1,0.0,1016.7,DEMO
2026-08-06 03:00:00,HHHT001,呼和浩特市环境监测中心站,40.8421,111.749,新城区,25.1,35.0,11.9,23.7,61.9,0.85,36,29.6,37.9,2.3,345.9,0.0,1013.4,DEMO
2026-08-06 03:00:00,HHHT002,如意开发区,40.825,111.8,赛罕区,32.9,43.1,18.2,28.7,62.6,0.87,47,18.3,51.3,3.6,170.9,0.0,1017.4,DEMO
2026-08-06 03:00:00,HHHT003,呼市一监,40.81,111.67,回民区,27.4,39.2,16.4,32.5,48.5,0.75,39,21.2,54.6,2.3,205.0,0.0,1012.0,DEMO
2026-08-06 03:00:00,HHHT004,小召前街,40.805,111.665,回民区,37.4,49.3,19.5,35.2,43.8,0.97,53,23.9,47.6,6.8,0.1,0.0,1009.4,DEMO
2026-08-06 03:00:00,HHHT005,二十九中,40.78,111.7,玉泉区,27.4,34.3,11.1,33.8,41.9,0.62,39,21.6,64.6,1.4,279.2,0.0,1013.4,DEMO
2026-08-06 03:00:00,HHHT006,工大金川校区,40.76,111.62,土默特左旗,23.6,33.3,12.9,28.2,61.4,0.95,34,21.6,63.1,2.8,252.5,0.0,1007.7,DEMO
2026-08-06 04:00:00,HHHT001,呼和浩特市环境监测中心站,40.8421,111.749,新城区,21.8,33.8,9.5,31.5,50.9,0.81,31,17.8,49.3,3.1,300.5,3.5,1016.1,DEMO
2026-08-06 04:00:00,HHHT002,如意开发区,40.825,111.8,赛罕区,31.5,46.4,15.3,35.8,36.0,0.91,45,23.8,44.2,2.3,57.0,0.0,1010.4,DEMO
2026-08-06 04:00:00,HHHT003,呼市一监,40.81,111.67,回民区,36.1,46.5,11.2,42.5,65.1,0.86,51,24.3,34.0,0.4,159.6,0.0,1018.5,DEMO
2026-08-06 04:00:00,HHHT004,小召前街,40.805,111.665,回民区,41.3,54.3,14.4,27.3,46.3,1.07,58,25.6,39.2,4.7,354.0,0.0,1006.3,DEMO
2026-08-06 04:00:00,HHHT005,二十九中,40.78,111.7,玉泉区,24.8,31.1,15.7,33.3,65.8,0.6,35,19.9,49.4,3.3,73.2,0.0,1009.5,DEMO
2026-08-06 04:00:00,HHHT006,工大金川校区,40.76,111.62,土默特左旗,17.0,22.1,15.1,39.4,51.5,0.82,24,28.0,40.0,0.4,212.9,0.0,1014.7,DEMO
2026-08-06 05:00:00,HHHT001,呼和浩特市环境监测中心站,40.8421,111.749,新城区,20.1,26.4,12.8,30.9,61.5,0.7,29,24.6,34.8,2.2,131.1,0.0,1011.7,DEMO
2026-08-06 05:00:00,HHHT002,如意开发区,40.825,111.8,赛罕区,26.8,39.2,12.9,35.8,45.1,0.78,38,20.7,54.7,4.6,126.4,0.0,1015.8,DEMO
2026-08-06 05:00:00,HHHT003,呼市一监,40.81,111.67,回民区,38.1,56.3,12.2,30.6,50.2,0.9,54,20.3,64.8,3.7,275.7,0.0,1007.2,DEMO
2026-08-06 05:00:00,HHHT004,小召前街,40.805,111.665,回民区,43.1,63.6,14.7,40.0,45.1,1.05,60,22.8,51.3,1.5,180.7,0.0,1014.4,DEMO
2026-08-06 05:00:00,HHHT005,二十九中,40.78,111.7,玉泉区,28.8,44.1,14.0,36.8,35.5,0.9,41,20.1,43.7,1.1,330.7,1.7,1010.2,DEMO
2026-08-06 05:00:00,HHHT006,工大金川校区,40.76,111.62,土默特左旗,18.9,27.1,13.1,30.4,49.0,0.7,27,21.8,46.8,2.2,286.5,0.0,1013.1,DEMO
2026-08-06 06:00:00,HHHT001,呼和浩特市环境监测中心站,40.8421,111.749,新城区,34.6,50.1,6.0,25.8,34.7,0.74,49,19.3,55.4,3.2,181.7,0.0,1007.2,DEMO
2026-08-06 06:00:00,HHHT002,如意开发区,40.825,111.8,赛罕区,34.0,46.6,13.6,28.1,56.9,0.76,49,26.0,34.5,3.6,245.6,0.0,1006.8,DEMO
2026-08-06 06:00:00,HHHT003,呼市一监,40.81,111.67,回民区,37.9,50.4,13.5,31.0,51.9,1.06,54,24.3,45.9,3.3,235.3,0.0,1015.8,DEMO
2026-08-06 06:00:00,HHHT004,小召前街,40.805,111.665,回民区,39.7,65.1,12.3,40.2,34.5,0.98,56,16.3,52.9,2.0,331.3,1.5,1008.1,DEMO
2026-08-06 06:00:00,HHHT005,二十九中,40.78,111.7,玉泉区,36.8,60.0,12.9,31.7,51.4,1.05,52,24.4,31.1,0.4,139.4,1.4,1010.2,DEMO
2026-08-06 06:00:00,HHHT006,工大金川校区,40.76,111.62,土默特左旗,20.7,28.0,12.4,30.3,51.8,0.73,30,21.5,47.9,2.5,118.1,0.0,1010.3,DEMO
2026-08-06 07:00:00,HHHT001,呼和浩特市环境监测中心站,40.8421,111.749,新城区,27.8,43.9,8.0,33.0,51.0,0.9,40,26.5,38.2,3.5,234.1,2.2,1015.7,DEMO
2026-08-06 07:00:00,HHHT002,如意开发区,40.825,111.8,赛罕区,45.7,59.3,16.0,22.6,50.1,1.07,63,22.2,31.6,3.1,98.5,0.0,1016.2,DEMO
2026-08-06 07:00:00,HHHT003,呼市一监,40.81,111.67,回民区,34.4,58.1,17.7,41.0,53.9,0.91,49,25.6,56.3,0.8,182.8,1.3,1007.6,DEMO
2026-08-06 07:00:00,HHHT004,小召前街,40.805,111.665,回民区,36.1,46.0,14.6,26.9,35.2,0.85,51,20.5,43.2,2.8,341.7,0.0,1010.8,DEMO
2026-08-06 07:00:00,HHHT005,二十九中,40.78,111.7,玉泉区,36.0,48.1,9.3,38.8,66.7,1.04,51,24.6,38.1,3.9,236.8,0.0,1015.0,DEMO
2026-08-06 07:00:00,HHHT006,工大金川校区,40.76,111.62,土默特左旗,23.4,32.4,10.0,40.5,53.1,0.78,33,21.3,15.9,2.7,39.1,0.0,1008.9,DEMO
2026-08-06 08:00:00,HHHT001,呼和浩特市环境监测中心站,40.8421,111.749,新城区,46.3,64.9,14.8,34.1,52.5,0.92,64,25.4,49.2,4.0,316.9,0.0,1013.1,DEMO
2026-08-06 08:00:00,HHHT002,如意开发区,40.825,111.8,赛罕区,40.4,51.4,13.4,34.8,41.0,0.93,57,29.3,39.0,2.5,196.7,0.0,1005.9,DEMO
2026-08-06 08:00:00,HHHT003,呼市一监,40.81,111.67,回民区,44.4,58.8,12.6,29.7,41.4,0.93,62,26.5,51.8,2.2,137.5,0.0,1009.0,DEMO
2026-08-06 08:00:00,HHHT004,小召前街,40.805,111.665,回民区,57.8,80.0,15.0,39.0,43.0,1.09,79,22.5,55.7,2.5,51.6,0.0,1016.5,DEMO
2026-08-06 08:00:00,HHHT005,二十九中,40.78,111.7,玉泉区,34.8,45.5,14.2,33.6,44.6,0.86,50,23.2,54.1,2.7,125.5,0.0,1006.2,DEMO
2026-08-06 08:00:00,HHHT006,工大金川校区,40.76,111.62,土默特左旗,28.6,39.1,11.6,27.6,53.4,1.05,41,24.7,37.0,3.9,36.0,0.0,1015.0,DEMO
2026-08-06 09:00:00,HHHT001,呼和浩特市环境监测中心站,40.8421,111.749,新城区,33.7,43.4,12.7,29.1,55.0,0.87,48,21.3,45.0,3.2,81.2,0.0,1006.4,DEMO
2026-08-06 09:00:00,HHHT002,如意开发区,40.825,111.8,赛罕区,39.1,58.5,12.5,37.4,60.8,0.79,55,16.4,46.3,1.5,94.8,0.0,1007.8,DEMO
2026-08-06 09:00:00,HHHT003,呼市一监,40.81,111.67,回民区,45.8,58.1,14.3,40.3,44.0,0.92,63,23.5,52.8,4.4,203.5,0.0,1010.3,DEMO
2026-08-06 09:00:00,HHHT004,小召前街,40.805,111.665,回民区,40.6,57.5,16.9,27.3,46.7,0.79,57,23.0,23.1,1.7,357.6,0.0,1010.4,DEMO
2026-08-06 09:00:00,HHHT005,二十九中,40.78,111.7,玉泉区,42.9,59.7,15.6,33.8,45.2,0.8,60,26.7,41.4,3.1,109.0,0.0,1007.3,DEMO
2026-08-06 09:00:00,HHHT006,工大金川校区,40.76,111.62,土默特左旗,31.6,40.3,19.1,36.2,47.6,0.63,45,21.0,50.7,4.2,342.0,0.0,1007.5,DEMO
2026-08-06 10:00:00,HHHT001,呼和浩特市环境监测中心站,40.8421,111.749,新城区,30.0,42.4,12.5,35.2,41.6,0.77,43,18.6,47.9,3.3,120.0,0.0,1015.1,DEMO
2026-08-06 10:00:00,HHHT002,如意开发区,40.825,111.8,赛罕区,43.3,57.2,19.3,41.2,44.9,0.84,60,19.8,27.7,1.6,136.4,0.0,1010.6,DEMO
2026-08-06 10:00:00,HHHT003,呼市一监,40.81,111.67,回民区,44.3,62.6,13.4,29.7,52.6,1.04,62,21.2,15,2.5,113.3,0.0,1007.2,DEMO
2026-08-06 10:00:00,HHHT004,小召前街,40.805,111.665,回民区,37.1,47.5,17.9,36.5,48.7,0.9,53,17.7,39.6,0.3,258.8,0.0,1014.3,DEMO
2026-08-06 10:00:00,HHHT005,二十九中,40.78,111.7,玉泉区,49.8,63.8,11.4,38.4,47.0,0.88,69,20.3,60.4,4.7,167.7,0.0,1017.7,DEMO
2026-08-06 10:00:00,HHHT006,工大金川校区,40.76,111.62,土默特左旗,11.8,17.3,14.2,27.0,48.7,0.72,17,25.2,42.2,2.1,282.8,0.0,1008.0,DEMO
2026-08-06 11:00:00,HHHT001,呼和浩特市环境监测中心站,40.8421,111.749,新城区,32.4,48.5,13.7,30.0,52.0,0.84,46,25.8,42.8,2.0,115.8,0.0,1007.8,DEMO
2026-08-06 11:00:00,HHHT002,如意开发区,40.825,111.8,赛罕区,38.5,55.5,18.7,32.2,62.0,0.86,54,20.0,65.3,3.5,258.9,0.0,1005.0,DEMO
2026-08-06 11:00:00,HHHT003,呼市一监,40.81,111.67,回民区,45.5,62.6,11.0,26.3,63.6,0.89,63,22.0,45.3,0.3,187.6,0.0,1005.8,DEMO
2026-08-06 11:00:00,HHHT004,小召前街,40.805,111.665,回民区,46.8,62.5,12.8,37.5,46.5,1.09,65,14.2,43.0,2.3,196.8,0.0,1005.7,DEMO
2026-08-06 11:00:00,HHHT005,二十九中,40.78,111.7,玉泉区,30.4,38.2,15.3,39.0,83.6,0.68,43,15.9,48.9,4.7,308.1,0.0,1010.3,DEMO
2026-08-06 11:00:00,HHHT006,工大金川校区,40.76,111.62,土默特左旗,27.4,34.5,14.1,22.0,53.3,0.78,39,19.8,37.9,3.9,303.7,0.0,1013.6,DEMO
2026-08-06 12:00:00,HHHT001,呼和浩特市环境监测中心站,40.8421,111.749,新城区,31.2,43.9,20.2,33.3,64.8,0.94,45,24.9,68.8,2.2,289.7,0.0,1012.0,DEMO
2026-08-06 12:00:00,HHHT002,如意开发区,40.825,111.8,赛罕区,41.1,54.9,10.4,38.7,52.1,0.86,58,23.8,37.8,4.3,91.7,0.0,1013.4,DEMO
2026-08-06 12:00:00,HHHT003,呼市一监,40.81,111.67,回民区,33.1,46.1,13.5,37.1,70.6,0.84,47,25.9,48.9,3.8,308.1,0.0,1006.4,DEMO
2026-08-06 12:00:00,HHHT004,小召前街,40.805,111.665,回民区,40.6,53.6,15.3,34.3,47.7,0.84,57,15.5,53.2,4.4,304.0,0.0,1016.6,DEMO
2026-08-06 12:00:00,HHHT005,二十九中,40.78,111.7,玉泉区,32.7,48.2,11.6,30.3,49.3,0.91,47,18.4,56.5,1.2,349.1,0.0,1014.8,DEMO
2026-08-06 12:00:00,HHHT006,工大金川校区,40.76,111.62,土默特左旗,28.9,40.0,18.3,29.1,51.7,0.82,41,14.2,53.0,3.3,30.3,0.0,1019.5,DEMO
2026-08-06 13:00:00,HHHT001,呼和浩特市环境监测中心站,40.8421,111.749,新城区,30.1,38.7,12.3,42.2,55.8,0.57,43,27.1,70.5,1.9,284.6,0.0,1013.3,DEMO
2026-08-06 13:00:00,HHHT002,如意开发区,40.825,111.8,赛罕区,34.9,49.4,8.9,35.3,51.3,0.92,50,17.7,49.1,4.4,29.0,0.0,1011.3,DEMO
2026-08-06 13:00:00,HHHT003,呼市一监,40.81,111.67,回民区,44.0,55.7,8.3,39.5,55.1,1.05,61,20.9,55.8,1.7,217.3,0.0,1015.2,DEMO
2026-08-06 13:00:00,HHHT004,小召前街,40.805,111.665,回民区,42.6,60.3,13.8,38.5,38.6,0.8,59,24.2,62.8,4.8,209.4,0.0,1015.2,DEMO
2026-08-06 13:00:00,HHHT005,二十九中,40.78,111.7,玉泉区,39.9,50.2,16.4,30.3,73.2,0.86,56,26.0,23.5,3.6,72.0,0.0,1010.0,DEMO
2026-08-06 13:00:00,HHHT006,工大金川校区,40.76,111.62,土默特左旗,16.4,28.3,8.7,33.3,64.0,0.67,23,22.6,55.9,2.3,187.7,3.2,1007.8,DEMO
2026-08-06 14:00:00,HHHT001,呼和浩特市环境监测中心站,40.8421,111.749,新城区,35.7,46.5,19.7,35.5,56.6,0.94,51,24.1,66.4,4.0,52.1,0.0,1019.9,DEMO
2026-08-06 14:00:00,HHHT002,如意开发区,40.825,111.8,赛罕区,40.5,50.8,19.3,40.6,59.5,0.93,57,24.0,54.9,3.4,38.9,0.0,1015.5,DEMO
2026-08-06 14:00:00,HHHT003,呼市一监,40.81,111.67,回民区,32.2,54.7,13.8,31.3,39.2,0.9,46,18.6,47.7,1.4,204.9,3.2,1015.3,DEMO
2026-08-06 14:00:00,HHHT004,小召前街,40.805,111.665,回民区,38.9,55.2,7.4,34.5,59.4,0.95,55,19.0,47.2,3.2,83.6,0.0,1012.7,DEMO
2026-08-06 14:00:00,HHHT005,二十九中,40.78,111.7,玉泉区,32.9,49.3,13.0,27.5,56.2,0.84,47,21.2,37.5,4.6,356.8,0.0,1015.5,DEMO
2026-08-06 14:00:00,HHHT006,工大金川校区,40.76,111.62,土默特左旗,19.3,25.8,10.0,32.0,63.1,0.84,28,19.9,38.3,3.0,234.7,0.0,1014.4,DEMO
2026-08-06 15:00:00,HHHT001,呼和浩特市环境监测中心站,40.8421,111.749,新城区,38.1,48.5,16.7,40.4,62.3,0.79,54,24.3,68.7,5.1,44.0,0.0,1008.7,DEMO
2026-08-06 15:00:00,HHHT002,如意开发区,40.825,111.8,赛罕区,38.2,54.7,17.9,23.7,56.3,0.83,54,22.0,62.2,1.8,256.4,0.0,1016.2,DEMO
2026-08-06 15:00:00,HHHT003,呼市一监,40.81,111.67,回民区,38.7,55.8,11.5,25.7,70.6,0.69,55,19.6,54.6,3.4,49.5,0.0,1007.7,DEMO
2026-08-06 15:00:00,HHHT004,小召前街,40.805,111.665,回民区,38.6,55.1,12.9,36.9,65.2,1.11,55,21.8,38.4,4.9,204.3,0.0,1012.3,DEMO
2026-08-06 15:00:00,HHHT005,二十九中,40.78,111.7,玉泉区,39.6,51.6,15.3,29.9,49.5,1.03,56,23.0,67.7,4.1,98.9,0.0,1010.5,DEMO
2026-08-06 15:00:00,HHHT006,工大金川校区,40.76,111.62,土默特左旗,25.2,35.7,10.0,28.2,60.8,0.78,36,20.9,60.9,3.9,254.8,0.0,1018.6,DEMO
2026-08-06 16:00:00,HHHT001,呼和浩特市环境监测中心站,40.8421,111.749,新城区,28.4,35.8,15.9,26.9,66.4,0.83,41,22.4,29.5,4.7,118.1,0.0,1014.0,DEMO
2026-08-06 16:00:00,HHHT002,如意开发区,40.825,111.8,赛罕区,43.8,62.4,8.5,38.9,57.7,0.96,61,23.3,49.5,4.7,35.2,0.0,1010.5,DEMO
2026-08-06 16:00:00,HHHT003,呼市一监,40.81,111.67,回民区,51.7,72.0,11.6,34.4,58.0,1.03,71,19.0,59.3,2.9,339.5,0.0,1013.8,DEMO
2026-08-06 16:00:00,HHHT004,小召前街,40.805,111.665,回民区,36.4,50.8,10.8,30.4,57.4,0.86,52,23.3,45.4,3.3,120.5,0.0,1015.4,DEMO
2026-08-06 16:00:00,HHHT005,二十九中,40.78,111.7,玉泉区,31.3,41.9,8.1,31.4,61.6,0.78,45,21.6,21.5,2.9,353.7,0.0,1013.8,DEMO
2026-08-06 16:00:00,HHHT006,工大金川校区,40.76,111.62,土默特左旗,34.0,48.9,13.9,27.3,50.2,0.99,49,22.5,41.5,2.5,324.8,0.0,1009.6,DEMO
2026-08-06 17:00:00,HHHT001,呼和浩特市环境监测中心站,40.8421,111.749,新城区,42.4,57.7,16.4,33.1,58.8,0.98,59,22.9,51.0,1.5,299.4,0.0,1010.7,DEMO
2026-08-06 17:00:00,HHHT002,如意开发区,40.825,111.8,赛罕区,47.5,65.3,10.7,29.7,51.7,1.03,66,24.5,59.9,4.8,311.5,0.0,1003.8,DEMO
2026-08-06 17:00:00,HHHT003,呼市一监,40.81,111.67,回民区,41.8,52.9,18.0,42.8,43.0,1.07,58,22.3,41.6,1.9,197.6,0.0,1013.4,DEMO
2026-08-06 17:00:00,HHHT004,小召前街,40.805,111.665,回民区,54.9,72.5,12.5,40.3,52.4,0.89,75,23.6,54.8,1.2,83.7,0.0,1007.9,DEMO
2026-08-06 17:00:00,HHHT005,二十九中,40.78,111.7,玉泉区,48.3,68.4,11.0,43.7,43.9,1.1,67,26.7,44.8,3.7,331.5,0.0,1005.8,DEMO
2026-08-06 17:00:00,HHHT006,工大金川校区,40.76,111.62,土默特左旗,45.6,61.3,15.7,33.2,35.4,0.87,63,24.4,58.8,1.5,346.7,0.0,1005.4,DEMO
2026-08-06 18:00:00,HHHT001,呼和浩特市环境监测中心站,40.8421,111.749,新城区,28.3,38.0,15.3,33.7,60.3,0.79,40,23.3,37.2,2.7,304.0,0.0,1013.0,DEMO
2026-08-06 18:00:00,HHHT002,如意开发区,40.825,111.8,赛罕区,48.7,61.3,11.8,26.4,60.8,1.06,67,25.2,61.1,4.3,319.3,0.0,1014.9,DEMO
2026-08-06 18:00:00,HHHT003,呼市一监,40.81,111.67,回民区,46.3,62.6,12.3,33.3,43.3,1.0,64,24.8,55.2,0.5,151.4,0.0,1007.3,DEMO
2026-08-06 18:00:00,HHHT004,小召前街,40.805,111.665,回民区,53.2,79.1,18.0,31.9,47.7,1.01,73,23.5,36.7,3.1,47.9,0.0,1015.8,DEMO
2026-08-06 18:00:00,HHHT005,二十九中,40.78,111.7,玉泉区,45.3,63.8,11.6,39.3,61.9,1.08,63,23.7,54.5,0.8,178.2,0.0,1010.5,DEMO
2026-08-06 18:00:00,HHHT006,工大金川校区,40.76,111.62,土默特左旗,42.8,55.9,11.5,39.0,52.1,0.97,60,15.3,44.6,3.3,184.9,0.0,1012.2,DEMO
2026-08-06 19:00:00,HHHT001,呼和浩特市环境监测中心站,40.8421,111.749,新城区,42.7,62.3,9.8,29.2,54.1,1.0,60,23.2,75.7,2.7,254.0,0.0,1011.3,DEMO
2026-08-06 19:00:00,HHHT002,如意开发区,40.825,111.8,赛罕区,43.8,63.8,9.6,36.4,45.9,0.9,61,24.0,48.9,2.6,128.4,0.0,1011.7,DEMO
2026-08-06 19:00:00,HHHT003,呼市一监,40.81,111.67,回民区,50.8,65.0,12.3,41.2,58.5,1.02,70,18.8,52.7,3.0,261.3,0.0,1014.6,DEMO
2026-08-06 19:00:00,HHHT004,小召前街,40.805,111.665,回民区,55.8,83.4,18.1,34.6,52.3,0.75,76,21.3,61.9,2.6,200.6,0.0,1011.5,DEMO
2026-08-06 19:00:00,HHHT005,二十九中,40.78,111.7,玉泉区,32.5,40.7,10.9,34.0,49.9,0.72,46,21.7,56.7,3.2,96.0,0.0,1011.7,DEMO
2026-08-06 19:00:00,HHHT006,工大金川校区,40.76,111.62,土默特左旗,27.5,37.5,11.9,39.9,41.1,0.83,39,24.4,40.9,0.9,264.8,0.0,1010.7,DEMO
2026-08-06 20:00:00,HHHT001,呼和浩特市环境监测中心站,40.8421,111.749,新城区,36.4,53.9,12.9,18.5,44.7,0.87,52,22.8,49.0,3.2,281.1,0.0,1013.4,DEMO
2026-08-06 20:00:00,HHHT002,如意开发区,40.825,111.8,赛罕区,52.1,76.7,14.3,39.2,31.8,0.81,71,24.0,41.1,3.3,199.1,0.0,1019.1,DEMO
2026-08-06 20:00:00,HHHT003,呼市一监,40.81,111.67,回民区,51.3,65.2,11.2,28.3,42.1,0.99,70,17.4,55.2,2.0,256.9,0.0,1010.2,DEMO
2026-08-06 20:00:00,HHHT004,小召前街,40.805,111.665,回民区,46.5,68.2,7.9,36.2,72.1,0.93,64,21.5,56.9,1.1,87.0,0.0,1023.1,DEMO
2026-08-06 20:00:00,HHHT005,二十九中,40.78,111.7,玉泉区,31.6,55.3,17.1,37.8,51.0,0.87,45,17.7,53.7,2.0,284.2,3.1,1009.4,DEMO
2026-08-06 20:00:00,HHHT006,工大金川校区,40.76,111.62,土默特左旗,37.2,53.7,10.6,32.1,46.1,0.78,53,24.7,36.9,1.4,140.8,0.0,1015.5,DEMO
2026-08-06 21:00:00,HHHT001,呼和浩特市环境监测中心站,40.8421,111.749,新城区,29.6,39.0,16.7,32.1,58.0,0.84,42,24.5,35.7,1.6,307.0,0.0,1010.0,DEMO
2026-08-06 21:00:00,HHHT002,如意开发区,40.825,111.8,赛罕区,40.4,57.4,15.5,34.8,44.4,0.9,57,20.8,55.9,0.3,340.9,0.0,1013.2,DEMO
2026-08-06 21:00:00,HHHT003,呼市一监,40.81,111.67,回民区,43.9,63.6,14.1,32.0,51.1,1.0,61,20.1,63.9,1.2,172.8,0.0,1017.0,DEMO
2026-08-06 21:00:00,HHHT004,小召前街,40.805,111.665,回民区,45.5,60.4,19.1,33.5,49.5,0.8,63,21.0,34.3,3.2,86.6,0.0,1010.9,DEMO
2026-08-06 21:00:00,HHHT005,二十九中,40.78,111.7,玉泉区,42.7,57.1,10.5,40.7,46.6,0.89,60,23.4,31.2,2.5,99.9,0.0,1004.0,DEMO
2026-08-06 21:00:00,HHHT006,工大金川校区,40.76,111.62,土默特左旗,31.7,45.2,9.5,36.5,66.9,1.01,45,23.4,52.4,3.4,328.6,0.0,1007.3,DEMO
2026-08-06 22:00:00,HHHT001,呼和浩特市环境监测中心站,40.8421,111.749,新城区,27.3,37.6,19.6,37.9,58.4,0.94,39,25.5,42.4,2.8,202.9,0.0,1005.9,DEMO
2026-08-06 22:00:00,HHHT002,如意开发区,40.825,111.8,赛罕区,33.2,46.3,10.7,35.0,39.9,0.74,47,26.1,45.1,3.0,245.8,0.0,1014.9,DEMO
2026-08-06 22:00:00,HHHT003,呼市一监,40.81,111.67,回民区,34.5,49.1,14.8,32.6,58.9,0.92,49,22.6,26.2,5.8,152.5,0.0,1013.6,DEMO
2026-08-06 22:00:00,HHHT004,小召前街,40.805,111.665,回民区,52.1,66.8,12.0,25.4,56.2,0.97,71,27.2,30.0,2.2,149.3,0.0,1016.1,DEMO
2026-08-06 22:00:00,HHHT005,二十九中,40.78,111.7,玉泉区,38.3,50.3,12.6,35.7,45.5,1.02,54,24.8,35.7,3.4,265.3,0.0,1012.4,DEMO
2026-08-06 22:00:00,HHHT006,工大金川校区,40.76,111.62,土默特左旗,19.2,26.5,15.0,32.6,51.5,0.73,27,29.2,46.6,2.1,57.6,0.0,1013.0,DEMO
2026-08-06 23:00:00,HHHT001,呼和浩特市环境监测中心站,40.8421,111.749,新城区,26.4,35.9,10.1,37.9,52.5,0.72,38,20.7,24.5,1.9,199.2,0.0,1009.6,DEMO
2026-08-06 23:00:00,HHHT002,如意开发区,40.825,111.8,赛罕区,38.6,57.7,13.3,29.8,46.7,1.01,54,22.2,54.4,4.1,142.1,0.0,1011.4,DEMO
2026-08-06 23:00:00,HHHT003,呼市一监,40.81,111.67,回民区,47.6,65.4,14.8,37.7,44.8,1.08,66,25.4,53.3,1.9,158.1,0.0,1008.2,DEMO
2026-08-06 23:00:00,HHHT004,小召前街,40.805,111.665,回民区,39.8,52.7,11.1,33.5,63.1,0.76,56,26.9,43.5,2.3,353.7,0.0,1010.7,DEMO
2026-08-06 23:00:00,HHHT005,二十九中,40.78,111.7,玉泉区,28.2,40.8,8.9,31.0,60.6,0.84,40,21.5,63.0,4.3,287.9,0.0,1013.4,DEMO
2026-08-06 23:00:00,HHHT006,工大金川校区,40.76,111.62,土默特左旗,16.1,22.6,13.7,36.6,49.3,0.72,23,24.0,30.7,2.9,139.6,0.0,1011.1,DEMO
2026-08-07 00:00:00,HHHT001,呼和浩特市环境监测中心站,40.8421,111.749,新城区,31.4,50.0,7.2,35.3,59.7,0.78,45,25.7,58.6,3.0,238.4,0.6,1012.9,DEMO
2026-08-07 00:00:00,HHHT002,如意开发区,40.825,111.8,赛罕区,46.9,62.7,11.2,44.8,60.3,0.95,65,25.1,47.1,1.7,239.6,0.0,1006.4,DEMO
2026-08-07 00:00:00,HHHT003,呼市一监,40.81,111.67,回民区,41.4,61.8,16.4,33.0,53.3,1.08,58,21.2,40.3,3.6,326.3,0.0,1006.6,DEMO
2026-08-07 00:00:00,HHHT004,小召前街,40.805,111.665,回民区,57.2,85.5,18.0,32.2,30.1,1.09,78,20.7,55.6,2.5,317.1,0.0,1008.9,DEMO
2026-08-07 00:00:00,HHHT005,二十九中,40.78,111.7,玉泉区,32.1,41.8,11.9,21.5,49.7,0.81,46,25.4,47.0,4.0,321.1,0.0,1009.5,DEMO
2026-08-07 00:00:00,HHHT006,工大金川校区,40.76,111.62,土默特左旗,25.5,36.4,17.4,33.5,60.1,0.93,36,24.9,43.7,1.3,246.5,0.0,1012.2,DEMO
2026-08-07 01:00:00,HHHT001,呼和浩特市环境监测中心站,40.8421,111.749,新城区,43.1,64.3,18.1,31.4,52.7,0.92,60,22.3,40.5,1.8,337.2,0.0,1005.7,DEMO
2026-08-07 01:00:00,HHHT002,如意开发区,40.825,111.8,赛罕区,39.7,58.7,17.0,31.9,50.1,0.68,56,23.4,44.3,3.4,353.4,0.0,1012.3,DEMO
2026-08-07 01:00:00,HHHT003,呼市一监,40.81,111.67,回民区,40.4,60.4,22.8,30.8,41.2,0.89,57,21.4,43.0,2.7,109.4,0.0,1014.7,DEMO
2026-08-07 01:00:00,HHHT004,小召前街,40.805,111.665,回民区,40.4,52.3,13.6,35.0,36.1,0.77,57,19.8,52.9,3.3,8.2,0.0,1009.2,DEMO
2026-08-07 01:00:00,HHHT005,二十九中,40.78,111.7,玉泉区,44.8,63.4,15.8,35.8,46.9,1.03,62,21.9,43.5,1.4,63.5,0.0,1012.6,DEMO
2026-08-07 01:00:00,HHHT006,工大金川校区,40.76,111.62,土默特左旗,37.8,53.8,15.3,34.2,52.0,0.87,54,26.4,66.2,2.2,62.2,0.0,1015.8,DEMO
2026-08-07 02:00:00,HHHT001,呼和浩特市环境监测中心站,40.8421,111.749,新城区,25.8,34.2,11.9,29.2,55.0,0.85,37,26.5,66.8,2.0,197.7,0.0,1008.7,DEMO
2026-08-07 02:00:00,HHHT002,如意开发区,40.825,111.8,赛罕区,33.5,43.9,13.9,30.0,34.7,0.96,48,20.9,50.4,1.4,48.1,0.0,1014.1,DEMO
2026-08-07 02:00:00,HHHT003,呼市一监,40.81,111.67,回民区,33.3,46.4,15.8,35.6,47.1,0.86,48,20.9,34.1,2.7,223.7,0.0,1010.5,DEMO
2026-08-07 02:00:00,HHHT004,小召前街,40.805,111.665,回民区,40.0,50.6,8.7,33.5,53.6,0.9,56,18.7,35.9,3.3,328.5,0.0,1008.0,DEMO
2026-08-07 02:00:00,HHHT005,二十九中,40.78,111.7,玉泉区,29.7,44.5,13.0,34.2,53.3,0.83,42,22.9,44.9,2.8,72.2,0.0,1012.8,DEMO
2026-08-07 02:00:00,HHHT006,工大金川校区,40.76,111.62,土默特左旗,13.1,19.3,15.1,29.8,49.1,0.64,19,24.9,36.1,2.4,335.3,0.0,1006.6,DEMO
2026-08-07 03:00:00,HHHT001,呼和浩特市环境监测中心站,40.8421,111.749,新城区,25.1,36.0,13.5,31.8,58.7,0.81,36,21.1,32.7,3.6,296.4,0.0,1007.3,DEMO
2026-08-07 03:00:00,HHHT002,如意开发区,40.825,111.8,赛罕区,35.3,50.5,17.9,44.9,60.3,0.73,50,20.9,58.9,2.9,25.6,0.0,1015.3,DEMO
2026-08-07 03:00:00,HHHT003,呼市一监,40.81,111.67,回民区,36.1,51.4,15.3,41.2,45.9,0.93,51,22.8,63.7,3.4,221.4,0.0,1012.9,DEMO
2026-08-07 03:00:00,HHHT004,小召前街,40.805,111.665,回民区,39.8,55.6,12.8,29.6,44.0,0.9,56,21.7,69.6,2.3,139.6,0.0,1014.1,DEMO
2026-08-07 03:00:00,HHHT005,二十九中,40.78,111.7,玉泉区,30.6,45.3,11.3,28.9,29.9,0.85,44,20.0,70.9,3.3,194.7,0.0,1008.7,DEMO
2026-08-07 03:00:00,HHHT006,工大金川校区,40.76,111.62,土默特左旗,14.0,19.2,14.2,36.0,47.8,0.66,20,18.4,49.5,2.6,302.5,0.0,1005.0,DEMO
2026-08-07 04:00:00,HHHT001,呼和浩特市环境监测中心站,40.8421,111.749,新城区,34.8,45.3,8.3,26.4,52.8,0.84,50,23.7,53.7,2.6,242.5,0.0,1013.2,DEMO
2026-08-07 04:00:00,HHHT002,如意开发区,40.825,111.8,赛罕区,41.7,59.7,10.9,42.1,46.7,1.0,58,23.9,33.6,0.8,25.5,0.0,1009.4,DEMO
2026-08-07 04:00:00,HHHT003,呼市一监,40.81,111.67,回民区,49.5,67.8,18.6,35.7,54.1,1.21,68,29.9,84.0,1.5,232.1,0.0,1012.6,DEMO
2026-08-07 04:00:00,HHHT004,小召前街,40.805,111.665,回民区,35.5,45.3,17.1,32.9,49.7,1.0,51,18.5,55.1,2.3,209.0,0.0,1004.5,DEMO
2026-08-07 04:00:00,HHHT005,二十九中,40.78,111.7,玉泉区,27.4,40.6,11.9,27.5,55.8,0.89,39,23.9,52.9,2.7,315.7,0.0,1014.4,DEMO
2026-08-07 04:00:00,HHHT006,工大金川校区,40.76,111.62,土默特左旗,17.2,24.2,11.0,18.8,53.2,0.75,25,25.4,37.9,2.8,275.8,0.0,1009.7,DEMO
2026-08-07 05:00:00,HHHT001,呼和浩特市环境监测中心站,40.8421,111.749,新城区,33.8,42.5,7.8,39.9,44.3,0.72,48,21.2,45.1,2.1,254.6,0.0,1013.6,DEMO
2026-08-07 05:00:00,HHHT002,如意开发区,40.825,111.8,赛罕区,33.7,47.7,11.1,38.0,44.8,0.86,48,19.1,48.5,4.3,24.3,0.0,1012.0,DEMO
2026-08-07 05:00:00,HHHT003,呼市一监,40.81,111.67,回民区,30.6,44.4,8.7,28.4,54.5,0.82,44,21.9,49.7,2.8,229.5,0.0,1013.5,DEMO
2026-08-07 05:00:00,HHHT004,小召前街,40.805,111.665,回民区,44.5,60.1,5.8,37.6,40.0,0.98,62,19.7,39.9,3.1,295.3,0.0,1018.0,DEMO
2026-08-07 05:00:00,HHHT005,二十九中,40.78,111.7,玉泉区,37.7,52.3,14.0,34.3,54.9,1.0,53,23.6,57.8,1.3,28.9,0.0,1013.1,DEMO
2026-08-07 05:00:00,HHHT006,工大金川校区,40.76,111.62,土默特左旗,15.7,23.1,15.4,31.3,47.2,0.76,22,24.0,54.6,4.4,63.8,0.0,1012.5,DEMO
2026-08-07 06:00:00,HHHT001,呼和浩特市环境监测中心站,40.8421,111.749,新城区,25.8,45.3,10.9,25.4,49.5,0.74,37,20.9,56.8,2.8,140.1,0.7,1012.5,DEMO
2026-08-07 06:00:00,HHHT002,如意开发区,40.825,111.8,赛罕区,53.2,79.6,14.1,33.2,39.3,1.06,73,22.1,42.7,3.5,321.9,0.0,1011.8,DEMO
2026-08-07 06:00:00,HHHT003,呼市一监,40.81,111.67,回民区,34.3,49.5,14.2,37.1,60.2,0.87,49,21.2,59.3,4.6,284.7,0.0,1016.0,DEMO
2026-08-07 06:00:00,HHHT004,小召前街,40.805,111.665,回民区,43.5,62.1,15.7,28.5,52.1,0.91,61,18.1,44.2,2.5,174.0,0.0,1006.5,DEMO
2026-08-07 06:00:00,HHHT005,二十九中,40.78,111.7,玉泉区,36.3,47.8,15.2,35.6,41.0,0.93,52,24.6,43.8,2.9,113.5,0.0,1015.7,DEMO
2026-08-07 06:00:00,HHHT006,工大金川校区,40.76,111.62,土默特左旗,28.7,38.7,19.0,35.1,60.3,1.06,41,20.1,41.2,2.1,161.0,0.0,1005.8,DEMO
2026-08-07 07:00:00,HHHT001,呼和浩特市环境监测中心站,40.8421,111.749,新城区,34.8,44.0,15.0,28.4,47.6,0.88,50,25.3,43.4,3.3,213.8,0.0,1012.1,DEMO
2026-08-07 07:00:00,HHHT002,如意开发区,40.825,111.8,赛罕区,55.6,74.1,10.8,47.8,38.4,1.0,76,19.5,54.8,2.8,329.4,0.0,1015.2,DEMO
2026-08-07 07:00:00,HHHT003,呼市一监,40.81,111.67,回民区,48.4,62.9,21.6,30.2,55.7,0.97,67,28.6,36.4,2.6,127.3,0.0,1006.8,DEMO
2026-08-07 07:00:00,HHHT004,小召前街,40.805,111.665,回民区,51.6,71.8,11.4,37.3,43.3,0.96,71,20.8,64.7,1.1,226.2,0.0,1007.4,DEMO
2026-08-07 07:00:00,HHHT005,二十九中,40.78,111.7,玉泉区,39.5,57.5,11.0,35.4,38.9,0.92,56,26.5,43.4,1.6,4.1,0.0,1008.6,DEMO
2026-08-07 07:00:00,HHHT006,工大金川校区,40.76,111.62,土默特左旗,25.2,34.7,17.3,32.4,46.1,0.63,36,19.0,63.5,6.3,62.4,0.0,1010.1,DEMO
2026-08-07 08:00:00,HHHT001,呼和浩特市环境监测中心站,40.8421,111.749,新城区,28.9,40.8,16.9,27.9,73.6,0.91,41,24.6,65.0,2.6,347.7,0.0,1006.6,DEMO
2026-08-07 08:00:00,HHHT002,如意开发区,40.825,111.8,赛罕区,53.1,73.3,11.2,41.9,43.6,0.93,73,21.8,50.0,2.4,231.9,0.0,1013.3,DEMO
2026-08-07 08:00:00,HHHT003,呼市一监,40.81,111.67,回民区,39.7,53.7,13.6,36.4,54.4,0.9,56,22.2,53.7,2.8,213.9,0.0,1009.4,DEMO
2026-08-07 08:00:00,HHHT004,小召前街,40.805,111.665,回民区,52.3,69.3,15.2,31.7,45.0,1.1,72,21.1,51.1,1.3,119.2,0.0,1007.3,DEMO
2026-08-07 08:00:00,HHHT005,二十九中,40.78,111.7,玉泉区,45.7,63.5,13.7,38.4,45.3,1.0,63,23.6,51.9,2.6,301.1,0.0,1011.1,DEMO
2026-08-07 08:00:00,HHHT006,工大金川校区,40.76,111.62,土默特左旗,33.8,44.0,13.8,38.1,36.4,0.91,48,18.4,62.9,3.4,167.3,0.0,1012.7,DEMO
2026-08-07 09:00:00,HHHT001,呼和浩特市环境监测中心站,40.8421,111.749,新城区,34.2,47.2,10.6,28.8,42.8,0.79,49,28.0,45.9,4.1,292.9,0.0,1015.1,DEMO
2026-08-07 09:00:00,HHHT002,如意开发区,40.825,111.8,赛罕区,40.3,51.8,15.9,32.7,54.8,0.99,57,21.1,38.5,2.5,170.6,0.0,1017.6,DEMO
2026-08-07 09:00:00,HHHT003,呼市一监,40.81,111.67,回民区,49.0,69.8,4.3,22.2,40.4,0.95,68,25.9,55.6,3.6,59.3,0.0,1010.3,DEMO
2026-08-07 09:00:00,HHHT004,小召前街,40.805,111.665,回民区,57.2,85.3,11.4,43.5,47.8,1.02,78,25.6,50.9,2.4,235.9,0.0,1008.2,DEMO
2026-08-07 09:00:00,HHHT005,二十九中,40.78,111.7,玉泉区,42.5,56.1,13.7,31.4,37.2,0.98,59,19.5,49.1,2.9,121.1,0.0,1010.1,DEMO
2026-08-07 09:00:00,HHHT006,工大金川校区,40.76,111.62,土默特左旗,32.3,40.7,12.9,39.7,41.3,0.9,46,18.3,25.5,3.3,10.5,0.0,1011.9,DEMO
2026-08-07 10:00:00,HHHT001,呼和浩特市环境监测中心站,40.8421,111.749,新城区,25.0,36.4,16.8,16.9,52.9,0.73,36,22.9,36.4,7.4,255.9,0.0,1008.8,DEMO
2026-08-07 10:00:00,HHHT002,如意开发区,40.825,111.8,赛罕区,38.9,50.6,16.5,36.4,53.0,0.89,55,23.3,42.8,2.3,273.5,0.0,1016.9,DEMO
2026-08-07 10:00:00,HHHT003,呼市一监,40.81,111.67,回民区,38.6,54.9,18.3,44.4,54.3,0.69,55,15.2,70.0,3.7,351.8,0.0,1013.4,DEMO
2026-08-07 10:00:00,HHHT004,小召前街,40.805,111.665,回民区,43.5,61.7,10.2,27.1,50.5,0.94,61,24.4,67.4,2.8,288.1,0.0,1016.1,DEMO
2026-08-07 10:00:00,HHHT005,二十九中,40.78,111.7,玉泉区,37.7,56.0,19.3,25.3,50.2,0.91,53,21.8,38.4,2.5,245.0,0.0,1011.3,DEMO
2026-08-07 10:00:00,HHHT006,工大金川校区,40.76,111.62,土默特左旗,18.1,23.7,11.0,33.1,55.2,0.72,26,25.4,36.8,2.5,308.1,0.0,1019.5,DEMO
2026-08-07 11:00:00,HHHT001,呼和浩特市环境监测中心站,40.8421,111.749,新城区,25.5,32.1,16.3,38.9,56.0,0.82,36,25.8,36.9,2.5,344.9,0.0,1011.9,DEMO
2026-08-07 11:00:00,HHHT002,如意开发区,40.825,111.8,赛罕区,41.9,54.0,16.3,39.6,55.3,0.89,59,24.9,65.9,3.3,345.4,0.0,1009.5,DEMO
2026-08-07 11:00:00,HHHT003,呼市一监,40.81,111.67,回民区,42.9,56.1,10.3,30.1,67.0,0.94,60,26.4,42.1,3.8,43.3,0.0,1012.9,DEMO
2026-08-07 11:00:00,HHHT004,小召前街,40.805,111.665,回民区,54.8,70.3,17.4,35.8,59.8,1.03,75,25.1,28.5,1.8,17.2,0.0,1010.2,DEMO
2026-08-07 11:00:00,HHHT005,二十九中,40.78,111.7,玉泉区,42.5,63.7,17.0,38.2,69.5,0.95,59,20.4,48.5,4.3,134.5,0.0,1011.0,DEMO
2026-08-07 11:00:00,HHHT006,工大金川校区,40.76,111.62,土默特左旗,19.5,24.8,13.0,29.3,50.0,0.56,28,22.8,56.2,1.6,150.3,0.0,1018.8,DEMO
2026-08-07 12:00:00,HHHT001,呼和浩特市环境监测中心站,40.8421,111.749,新城区,31.4,44.0,9.1,34.1,66.0,0.73,45,20.7,32.2,3.4,269.2,0.0,1007.3,DEMO
2026-08-07 12:00:00,HHHT002,如意开发区,40.825,111.8,赛罕区,41.0,56.3,16.7,26.7,64.2,0.83,58,28.0,52.1,2.7,15.3,0.0,1009.3,DEMO
2026-08-07 12:00:00,HHHT003,呼市一监,40.81,111.67,回民区,36.3,57.3,9.5,30.9,71.0,0.89,52,19.0,58.4,2.5,61.8,0.4,1011.9,DEMO
2026-08-07 12:00:00,HHHT004,小召前街,40.805,111.665,回民区,47.5,64.3,14.0,30.9,54.1,0.85,66,19.6,35.0,3.0,171.6,0.0,1010.7,DEMO
2026-08-07 12:00:00,HHHT005,二十九中,40.78,111.7,玉泉区,31.8,42.8,9.3,26.5,57.9,0.82,45,18.5,52.8,2.9,100.8,0.0,1011.0,DEMO
2026-08-07 12:00:00,HHHT006,工大金川校区,40.76,111.62,土默特左旗,16.3,21.6,12.6,32.4,47.9,0.84,23,18.1,52.9,4.3,159.0,0.0,1016.3,DEMO
2026-08-07 13:00:00,HHHT001,呼和浩特市环境监测中心站,40.8421,111.749,新城区,38.8,50.1,17.7,39.9,56.4,1.12,55,17.3,52.0,2.4,97.9,0.0,1019.1,DEMO
2026-08-07 13:00:00,HHHT002,如意开发区,40.825,111.8,赛罕区,43.8,59.7,11.9,33.6,65.0,0.86,61,20.9,55.9,4.5,57.0,0.0,1010.4,DEMO
2026-08-07 13:00:00,HHHT003,呼市一监,40.81,111.67,回民区,31.2,39.4,11.9,35.1,51.5,0.87,45,25.5,49.4,2.1,239.0,0.0,1019.2,DEMO
2026-08-07 13:00:00,HHHT004,小召前街,40.805,111.665,回民区,40.8,55.3,13.6,36.3,51.8,1.01,57,19.7,38.1,4.5,24.7,0.0,1013.8,DEMO
2026-08-07 13:00:00,HHHT005,二十九中,40.78,111.7,玉泉区,40.5,51.3,14.6,30.1,62.1,0.85,57,21.1,77.8,4.8,283.0,0.0,1014.7,DEMO
2026-08-07 13:00:00,HHHT006,工大金川校区,40.76,111.62,土默特左旗,28.0,38.5,13.7,33.7,54.4,0.96,40,18.1,63.0,2.4,102.3,0.0,1008.0,DEMO
2026-08-07 14:00:00,HHHT001,呼和浩特市环境监测中心站,40.8421,111.749,新城区,28.1,41.3,13.4,32.5,51.1,0.66,40,26.7,34.2,3.4,85.7,0.0,1015.9,DEMO
2026-08-07 14:00:00,HHHT002,如意开发区,40.825,111.8,赛罕区,46.3,58.9,19.9,34.8,49.3,0.82,64,26.7,48.9,2.3,10.8,0.0,1011.2,DEMO
2026-08-07 14:00:00,HHHT003,呼市一监,40.81,111.67,回民区,42.1,53.4,12.8,29.5,63.7,0.92,59,26.1,63.2,3.0,292.3,0.0,1009.1,DEMO
2026-08-07 14:00:00,HHHT004,小召前街,40.805,111.665,回民区,55.7,72.4,15.5,38.3,45.9,1.08,76,21.8,39.0,2.5,206.3,0.0,1014.0,DEMO
2026-08-07 14:00:00,HHHT005,二十九中,40.78,111.7,玉泉区,20.7,27.2,14.2,33.2,54.7,0.59,30,24.5,49.4,2.4,198.0,0.0,1019.4,DEMO
2026-08-07 14:00:00,HHHT006,工大金川校区,40.76,111.62,土默特左旗,30.7,43.5,12.9,37.3,83.7,0.95,44,19.8,52.4,3.7,9.3,0.0,1012.8,DEMO
2026-08-07 15:00:00,HHHT001,呼和浩特市环境监测中心站,40.8421,111.749,新城区,31.8,39.9,6.1,39.7,69.3,0.99,45,20.4,49.7,4.3,209.6,0.0,1008.1,DEMO
2026-08-07 15:00:00,HHHT002,如意开发区,40.825,111.8,赛罕区,35.5,52.4,12.3,33.6,60.2,1.04,51,23.1,69.8,2.7,35.4,0.0,1007.8,DEMO
2026-08-07 15:00:00,HHHT003,呼市一监,40.81,111.67,回民区,36.3,48.9,14.7,40.9,61.2,0.95,52,19.5,28.0,3.0,52.5,0.0,1010.5,DEMO
2026-08-07 15:00:00,HHHT004,小召前街,40.805,111.665,回民区,58.0,80.5,17.2,41.7,58.5,1.11,79,21.1,43.5,1.9,249.3,0.0,1014.0,DEMO
2026-08-07 15:00:00,HHHT005,二十九中,40.78,111.7,玉泉区,28.4,41.1,16.3,28.3,42.0,0.85,41,13.3,57.3,1.4,194.8,0.0,1010.1,DEMO
2026-08-07 15:00:00,HHHT006,工大金川校区,40.76,111.62,土默特左旗,30.2,45.3,8.5,30.8,56.9,1.11,43,22.2,72.5,3.4,336.5,0.0,1012.0,DEMO
2026-08-07 16:00:00,HHHT001,呼和浩特市环境监测中心站,40.8421,111.749,新城区,30.7,46.0,19.2,34.4,61.5,0.76,44,21.5,51.0,5.1,213.3,0.0,1013.4,DEMO
2026-08-07 16:00:00,HHHT002,如意开发区,40.825,111.8,赛罕区,38.7,55.2,17.6,33.2,55.0,0.85,55,22.6,30.7,3.5,337.4,0.0,1011.0,DEMO
2026-08-07 16:00:00,HHHT003,呼市一监,40.81,111.67,回民区,34.6,45.3,17.3,34.4,76.7,0.88,49,22.1,42.6,2.9,10.8,0.0,1016.3,DEMO
2026-08-07 16:00:00,HHHT004,小召前街,40.805,111.665,回民区,52.8,78.1,15.5,36.8,41.4,1.19,72,25.9,40.4,3.2,39.1,0.0,1004.2,DEMO
2026-08-07 16:00:00,HHHT005,二十九中,40.78,111.7,玉泉区,33.6,43.3,12.0,41.4,70.2,0.83,48,23.5,45.6,3.2,54.4,0.0,1018.0,DEMO
2026-08-07 16:00:00,HHHT006,工大金川校区,40.76,111.62,土默特左旗,26.0,34.5,12.7,30.3,56.0,0.78,37,20.4,38.8,3.2,241.0,0.0,1002.3,DEMO
2026-08-07 17:00:00,HHHT001,呼和浩特市环境监测中心站,40.8421,111.749,新城区,53.9,79.8,14.3,39.6,31.3,0.94,74,22.8,65.3,2.5,353.7,0.0,1011.9,DEMO
2026-08-07 17:00:00,HHHT002,如意开发区,40.825,111.8,赛罕区,37.4,62.0,16.7,38.8,44.0,0.94,53,26.0,70.2,4.0,58.9,1.1,1015.0,DEMO
2026-08-07 17:00:00,HHHT003,呼市一监,40.81,111.67,回民区,52.3,77.0,14.7,31.0,45.2,1.01,72,14.1,45.7,2.6,287.4,0.0,1015.8,DEMO
2026-08-07 17:00:00,HHHT004,小召前街,40.805,111.665,回民区,45.8,60.9,15.4,31.4,48.6,1.01,64,23.4,52.7,3.0,256.9,0.0,1015.4,DEMO
2026-08-07 17:00:00,HHHT005,二十九中,40.78,111.7,玉泉区,44.5,61.0,15.6,46.4,58.2,1.14,62,19.7,34.8,2.4,148.4,0.0,1014.2,DEMO
2026-08-07 17:00:00,HHHT006,工大金川校区,40.76,111.62,土默特左旗,36.8,48.6,13.9,29.6,53.1,0.72,52,21.7,29.8,2.2,229.9,0.0,1008.7,DEMO
2026-08-07 18:00:00,HHHT001,呼和浩特市环境监测中心站,40.8421,111.749,新城区,33.9,44.1,14.0,36.1,50.1,0.91,48,18.5,39.2,3.3,176.1,0.0,1010.6,DEMO
2026-08-07 18:00:00,HHHT002,如意开发区,40.825,111.8,赛罕区,54.0,79.5,12.5,35.2,54.9,1.02,74,20.2,44.9,2.3,116.7,0.0,1016.5,DEMO
2026-08-07 18:00:00,HHHT003,呼市一监,40.81,111.67,回民区,55.7,74.4,12.7,23.5,39.7,0.98,76,20.9,46.9,3.3,232.8,0.0,1013.7,DEMO
2026-08-07 18:00:00,HHHT004,小召前街,40.805,111.665,回民区,46.7,59.3,18.2,31.2,42.1,0.76,65,24.5,38.6,3.6,303.9,0.0,1011.9,DEMO
2026-08-07 18:00:00,HHHT005,二十九中,40.78,111.7,玉泉区,40.2,60.1,13.1,43.0,56.1,1.0,56,20.2,48.5,2.4,305.8,0.0,999.4,DEMO
2026-08-07 18:00:00,HHHT006,工大金川校区,40.76,111.62,土默特左旗,42.5,53.9,11.8,28.5,55.1,0.9,59,27.6,40.4,3.2,54.4,0.0,1014.9,DEMO
2026-08-07 19:00:00,HHHT001,呼和浩特市环境监测中心站,40.8421,111.749,新城区,40.3,54.6,17.2,38.0,51.2,0.69,57,21.6,35.8,1.2,103.0,0.0,1010.3,DEMO
2026-08-07 19:00:00,HHHT002,如意开发区,40.825,111.8,赛罕区,47.3,64.9,13.7,37.7,47.9,0.97,65,19.5,46.3,1.6,269.7,0.0,1014.2,DEMO
2026-08-07 19:00:00,HHHT003,呼市一监,40.81,111.67,回民区,58.6,84.2,11.9,46.2,62.6,1.09,80,23.9,45.4,3.1,290.6,0.0,1011.1,DEMO
2026-08-07 19:00:00,HHHT004,小召前街,40.805,111.665,回民区,59.3,80.6,16.1,47.0,42.3,0.95,80,27.4,63.7,4.5,136.1,0.0,1014.9,DEMO
2026-08-07 19:00:00,HHHT005,二十九中,40.78,111.7,玉泉区,46.8,68.1,14.2,32.1,45.8,1.08,65,16.0,50.2,0.9,90.4,0.0,1016.9,DEMO
2026-08-07 19:00:00,HHHT006,工大金川校区,40.76,111.62,土默特左旗,24.5,33.4,17.3,28.4,45.9,0.77,35,23.2,68.2,3.8,328.7,0.0,1019.4,DEMO
2026-08-07 20:00:00,HHHT001,呼和浩特市环境监测中心站,40.8421,111.749,新城区,39.5,51.1,11.1,38.5,47.5,0.96,56,24.9,36.9,3.0,102.6,0.0,1012.0,DEMO
2026-08-07 20:00:00,HHHT002,如意开发区,40.825,111.8,赛罕区,33.3,57.4,11.2,28.2,40.7,0.9,48,15.0,52.8,2.3,296.3,3.1,1016.1,DEMO
2026-08-07 20:00:00,HHHT003,呼市一监,40.81,111.67,回民区,59.6,74.6,20.4,36.8,40.7,1.32,81,18.7,40.0,2.7,165.5,0.0,1008.5,DEMO
2026-08-07 20:00:00,HHHT004,小召前街,40.805,111.665,回民区,55.1,74.3,17.6,27.9,54.1,0.94,75,19.5,62.9,2.6,293.0,0.0,1005.4,DEMO
2026-08-07 20:00:00,HHHT005,二十九中,40.78,111.7,玉泉区,38.5,57.6,9.3,27.5,49.5,1.07,54,22.7,51.5,2.2,355.6,0.0,1011.3,DEMO
2026-08-07 20:00:00,HHHT006,工大金川校区,40.76,111.62,土默特左旗,37.7,53.3,11.9,27.2,38.9,0.71,53,23.3,35.2,4.6,250.7,0.0,1000.5,DEMO
2026-08-07 21:00:00,HHHT001,呼和浩特市环境监测中心站,40.8421,111.749,新城区,30.6,39.7,11.4,32.1,37.6,0.81,44,18.2,43.4,3.1,304.4,0.0,1009.8,DEMO
2026-08-07 21:00:00,HHHT002,如意开发区,40.825,111.8,赛罕区,35.5,45.5,13.5,35.4,65.3,0.89,51,22.6,27.2,4.2,140.8,0.0,1009.5,DEMO
2026-08-07 21:00:00,HHHT003,呼市一监,40.81,111.67,回民区,44.6,64.5,16.3,32.8,45.4,1.14,62,19.4,48.2,3.3,19.9,0.0,1015.5,DEMO
2026-08-07 21:00:00,HHHT004,小召前街,40.805,111.665,回民区,39.9,53.7,13.7,34.0,52.8,0.95,56,16.0,59.1,5.1,207.3,0.0,1010.3,DEMO
2026-08-07 21:00:00,HHHT005,二十九中,40.78,111.7,玉泉区,24.0,34.2,9.8,32.6,48.7,0.75,34,22.7,36.8,1.9,354.0,0.0,1015.2,DEMO
2026-08-07 21:00:00,HHHT006,工大金川校区,40.76,111.62,土默特左旗,27.9,35.5,10.2,32.7,44.2,0.61,40,16.9,65.0,4.0,113.6,0.0,1017.9,DEMO
2026-08-07 22:00:00,HHHT001,呼和浩特市环境监测中心站,40.8421,111.749,新城区,33.6,49.0,17.9,35.8,46.7,0.81,48,22.2,58.2,4.0,138.1,0.0,1010.8,DEMO
2026-08-07 22:00:00,HHHT002,如意开发区,40.825,111.8,赛罕区,44.4,58.7,13.7,30.9,39.0,0.85,62,23.1,44.7,2.1,143.4,0.0,1019.1,DEMO
2026-08-07 22:00:00,HHHT003,呼市一监,40.81,111.67,回民区,44.4,65.7,15.5,31.7,49.1,0.9,62,28.8,59.6,2.1,172.0,0.0,1009.9,DEMO
2026-08-07 22:00:00,HHHT004,小召前街,40.805,111.665,回民区,37.3,60.7,23.5,31.9,57.5,0.87,53,23.6,45.8,2.5,210.0,2.8,1007.0,DEMO
2026-08-07 22:00:00,HHHT005,二十九中,40.78,111.7,玉泉区,30.3,43.1,11.7,29.7,45.2,0.72,43,22.3,40.6,4.0,19.0,0.0,1010.3,DEMO
2026-08-07 22:00:00,HHHT006,工大金川校区,40.76,111.62,土默特左旗,25.8,32.9,13.9,33.5,57.0,0.8,37,23.1,58.8,4.5,353.2,0.0,1016.9,DEMO
2026-08-07 23:00:00,HHHT001,呼和浩特市环境监测中心站,40.8421,111.749,新城区,31.3,46.5,13.8,32.5,43.0,0.66,45,22.0,39.3,3.3,32.4,0.0,1010.9,DEMO
2026-08-07 23:00:00,HHHT002,如意开发区,40.825,111.8,赛罕区,38.8,50.8,16.4,36.1,49.9,0.87,55,23.9,46.7,0.9,34.2,0.0,1012.4,DEMO
2026-08-07 23:00:00,HHHT003,呼市一监,40.81,111.67,回民区,37.1,47.2,12.9,33.6,57.6,0.78,53,26.5,40.4,4.9,263.9,0.0,1009.3,DEMO
2026-08-07 23:00:00,HHHT004,小召前街,40.805,111.665,回民区,50.8,68.6,16.9,32.7,47.4,0.86,70,22.8,45.4,3.0,293.6,0.0,1017.1,DEMO
2026-08-07 23:00:00,HHHT005,二十九中,40.78,111.7,玉泉区,36.7,54.5,16.5,36.3,38.5,0.8,52,21.0,46.5,2.3,209.1,0.0,1013.6,DEMO
2026-08-07 23:00:00,HHHT006,工大金川校区,40.76,111.62,土默特左旗,33.1,42.5,14.9,21.5,49.1,0.84,47,26.3,50.9,4.7,213.1,0.0,1012.6,DEMO
2026-08-08 00:00:00,HHHT001,呼和浩特市环境监测中心站,40.8421,111.749,新城区,24.9,34.7,12.6,39.1,46.9,0.9,36,18.1,48.7,1.3,89.5,0.0,1016.9,DEMO
2026-08-08 00:00:00,HHHT002,如意开发区,40.825,111.8,赛罕区,42.4,59.0,15.1,40.7,49.7,0.9,59,17.7,63.3,1.7,326.7,0.0,1010.2,DEMO
2026-08-08 00:00:00,HHHT003,呼市一监,40.81,111.67,回民区,37.1,55.4,14.5,36.9,45.5,0.82,53,22.1,39.1,2.5,201.3,0.0,1005.0,DEMO
2026-08-08 00:00:00,HHHT004,小召前街,40.805,111.665,回民区,44.2,62.5,16.7,38.6,54.7,0.95,62,24.6,38.3,3.5,277.5,0.0,1012.0,DEMO
2026-08-08 00:00:00,HHHT005,二十九中,40.78,111.7,玉泉区,27.7,39.3,12.5,36.7,57.0,0.85,40,21.9,39.1,2.3,250.3,0.0,1006.8,DEMO
2026-08-08 00:00:00,HHHT006,工大金川校区,40.76,111.62,土默特左旗,20.4,26.6,10.0,36.6,65.2,0.84,29,25.8,30.7,2.0,352.8,0.0,1011.3,DEMO
2026-08-08 01:00:00,HHHT001,呼和浩特市环境监测中心站,40.8421,111.749,新城区,30.9,44.2,16.1,38.0,58.3,1.06,44,25.7,59.6,3.1,258.0,0.0,1005.3,DEMO
2026-08-08 01:00:00,HHHT002,如意开发区,40.825,111.8,赛罕区,40.3,56.3,14.5,29.8,41.5,0.79,57,27.1,56.0,3.8,199.6,0.0,1003.6,DEMO
2026-08-08 01:00:00,HHHT003,呼市一监,40.81,111.67,回民区,33.6,46.1,13.3,21.8,55.6,0.99,48,19.7,68.7,2.8,256.2,0.0,1014.7,DEMO
2026-08-08 01:00:00,HHHT004,小召前街,40.805,111.665,回民区,45.8,67.7,14.5,44.1,43.1,1.22,63,15.7,39.1,3.8,108.0,0.0,1009.6,DEMO
2026-08-08 01:00:00,HHHT005,二十九中,40.78,111.7,玉泉区,23.5,33.5,9.5,36.6,62.6,0.73,34,19.5,46.8,4.0,204.3,0.0,1009.6,DEMO
2026-08-08 01:00:00,HHHT006,工大金川校区,40.76,111.62,土默特左旗,20.0,27.5,12.1,20.8,46.0,0.83,29,17.6,16.7,1.5,305.4,0.0,1014.5,DEMO
2026-08-08 02:00:00,HHHT001,呼和浩特市环境监测中心站,40.8421,111.749,新城区,19.9,26.3,8.5,36.2,50.8,0.76,28,16.2,46.3,2.0,270.1,0.0,1010.7,DEMO
2026-08-08 02:00:00,HHHT002,如意开发区,40.825,111.8,赛罕区,29.5,41.9,12.1,42.0,64.3,1.02,42,22.0,55.7,3.5,332.5,0.0,1013.5,DEMO
2026-08-08 02:00:00,HHHT003,呼市一监,40.81,111.67,回民区,30.2,39.5,8.3,34.4,48.6,0.99,43,18.2,46.7,0.6,31.3,0.0,1004.4,DEMO
2026-08-08 02:00:00,HHHT004,小召前街,40.805,111.665,回民区,46.7,65.7,15.5,35.3,33.5,1.08,65,24.3,62.8,2.1,293.1,0.0,1004.3,DEMO
2026-08-08 02:00:00,HHHT005,二十九中,40.78,111.7,玉泉区,27.2,40.6,15.2,31.2,49.6,0.76,39,18.9,30.6,1.5,234.3,0.0,1008.1,DEMO
2026-08-08 02:00:00,HHHT006,工大金川校区,40.76,111.62,土默特左旗,15.7,24.6,12.5,28.8,48.3,0.8,22,20.0,44.3,2.5,321.6,3.7,1014.9,DEMO
2026-08-08 03:00:00,HHHT001,呼和浩特市环境监测中心站,40.8421,111.749,新城区,19.3,27.9,14.9,29.4,53.9,0.79,28,20.8,36.4,1.9,33.1,0.0,1007.7,DEMO
2026-08-08 03:00:00,HHHT002,如意开发区,40.825,111.8,赛罕区,36.7,47.9,13.9,37.6,40.8,1.08,52,20.6,56.1,3.0,23.2,0.0,1011.8,DEMO
2026-08-08 03:00:00,HHHT003,呼市一监,40.81,111.67,回民区,27.8,39.1,12.2,39.5,44.0,1.02,40,19.7,60.9,1.8,141.8,0.0,1008.2,DEMO
2026-08-08 03:00:00,HHHT004,小召前街,40.805,111.665,回民区,41.9,57.0,20.3,40.7,54.6,0.98,59,18.2,36.6,4.7,120.3,0.0,1016.5,DEMO
2026-08-08 03:00:00,HHHT005,二十九中,40.78,111.7,玉泉区,34.1,48.4,7.8,34.6,47.6,0.89,49,22.1,52.1,2.5,359.1,0.0,1008.8,DEMO
2026-08-08 03:00:00,HHHT006,工大金川校区,40.76,111.62,土默特左旗,5.0,6.8,11.6,25.9,57.4,0.81,7,22.0,22.8,1.6,307.0,0.0,1014.4,DEMO
2026-08-08 04:00:00,HHHT001,呼和浩特市环境监测中心站,40.8421,111.749,新城区,23.6,32.1,13.7,39.0,41.0,0.76,34,24.7,34.0,4.0,252.3,0.0,1012.2,DEMO
2026-08-08 04:00:00,HHHT002,如意开发区,40.825,111.8,赛罕区,25.0,33.1,17.6,37.2,59.0,0.71,36,26.1,59.1,5.5,190.6,0.0,1013.5,DEMO
2026-08-08 04:00:00,HHHT003,呼市一监,40.81,111.67,回民区,27.8,38.5,13.0,34.9,43.8,0.62,40,25.4,30.6,2.8,21.8,0.0,1011.5,DEMO
2026-08-08 04:00:00,HHHT004,小召前街,40.805,111.665,回民区,31.2,43.7,6.5,33.0,46.8,0.79,45,22.2,42.5,1.5,183.8,0.0,1018.3,DEMO
2026-08-08 04:00:00,HHHT005,二十九中,40.78,111.7,玉泉区,19.6,25.6,11.3,32.6,58.6,0.92,28,21.9,39.5,4.0,78.0,0.0,1017.5,DEMO
2026-08-08 04:00:00,HHHT006,工大金川校区,40.76,111.62,土默特左旗,7.8,9.9,11.9,31.0,44.9,0.64,11,21.7,49.3,1.8,136.0,0.0,1013.8,DEMO
2026-08-08 05:00:00,HHHT001,呼和浩特市环境监测中心站,40.8421,111.749,新城区,13.6,19.0,16.4,27.8,46.4,0.67,19,25.0,40.7,1.4,88.6,0.0,1011.6,DEMO
2026-08-08 05:00:00,HHHT002,如意开发区,40.825,111.8,赛罕区,33.2,42.7,13.0,36.7,34.7,0.77,47,16.7,67.0,3.3,218.6,0.0,1012.9,DEMO
2026-08-08 05:00:00,HHHT003,呼市一监,40.81,111.67,回民区,29.5,44.5,13.2,29.4,53.3,0.85,42,17.0,60.7,4.3,249.5,0.2,1011.0,DEMO
2026-08-08 05:00:00,HHHT004,小召前街,40.805,111.665,回民区,36.9,51.1,17.2,30.0,50.5,0.91,52,25.2,56.9,1.5,338.0,0.0,1008.2,DEMO
2026-08-08 05:00:00,HHHT005,二十九中,40.78,111.7,玉泉区,26.4,35.7,13.3,24.6,60.2,0.66,38,22.8,33.1,2.0,240.6,0.0,1014.4,DEMO
2026-08-08 05:00:00,HHHT006,工大金川校区,40.76,111.62,土默特左旗,21.4,36.1,10.4,20.7,52.8,0.82,31,17.8,73.4,4.3,115.4,1.5,1016.5,DEMO
2026-08-08 06:00:00,HHHT001,呼和浩特市环境监测中心站,40.8421,111.749,新城区,31.0,42.3,16.0,46.1,45.7,0.99,44,24.6,38.8,5.5,94.8,0.0,1015.6,DEMO
2026-08-08 06:00:00,HHHT002,如意开发区,40.825,111.8,赛罕区,27.5,38.8,15.2,28.2,43.4,0.66,39,20.4,45.2,2.3,147.0,0.0,1018.1,DEMO
2026-08-08 06:00:00,HHHT003,呼市一监,40.81,111.67,回民区,40.1,55.2,15.4,36.0,60.4,0.99,56,22.5,32.0,1.8,298.2,0.0,1013.5,DEMO
2026-08-08 06:00:00,HHHT004,小召前街,40.805,111.665,回民区,39.7,64.0,12.3,27.6,50.1,1.07,56,23.8,54.6,3.3,266.5,0.3,1018.4,DEMO
2026-08-08 06:00:00,HHHT005,二十九中,40.78,111.7,玉泉区,36.0,45.4,15.7,33.2,61.1,0.85,51,23.0,63.0,4.3,318.2,0.0,1018.3,DEMO
2026-08-08 06:00:00,HHHT006,工大金川校区,40.76,111.62,土默特左旗,24.6,36.1,15.9,36.6,65.3,0.65,35,13.1,51.9,2.9,165.5,0.0,1007.8,DEMO
2026-08-08 07:00:00,HHHT001,呼和浩特市环境监测中心站,40.8421,111.749,新城区,30.3,41.4,12.3,29.5,48.5,0.87,43,19.3,45.7,2.2,151.1,0.0,1015.0,DEMO
2026-08-08 07:00:00,HHHT002,如意开发区,40.825,111.8,赛罕区,37.4,47.1,14.6,34.7,41.3,0.98,53,17.9,52.4,3.2,237.3,0.0,1015.1,DEMO
2026-08-08 07:00:00,HHHT003,呼市一监,40.81,111.67,回民区,46.9,64.7,15.0,34.0,43.7,0.96,65,17.7,51.5,0.4,252.1,0.0,1013.0,DEMO
2026-08-08 07:00:00,HHHT004,小召前街,40.805,111.665,回民区,41.2,52.8,11.9,32.0,50.9,0.98,58,21.6,28.0,2.7,207.1,0.0,1009.5,DEMO
2026-08-08 07:00:00,HHHT005,二十九中,40.78,111.7,玉泉区,40.4,51.7,14.2,41.3,47.5,0.84,57,18.2,52.1,4.5,171.3,0.0,1015.3,DEMO
2026-08-08 07:00:00,HHHT006,工大金川校区,40.76,111.62,土默特左旗,36.1,51.2,13.9,36.4,42.4,0.91,51,20.4,37.9,3.6,299.8,0.0,1007.5,DEMO
2026-08-08 08:00:00,HHHT001,呼和浩特市环境监测中心站,40.8421,111.749,新城区,32.7,47.0,10.2,37.4,51.0,0.75,47,25.9,37.1,3.9,144.2,0.0,1013.5,DEMO
2026-08-08 08:00:00,HHHT002,如意开发区,40.825,111.8,赛罕区,46.4,59.9,14.6,27.6,49.2,1.02,64,20.5,61.6,1.9,176.7,0.0,1013.2,DEMO
2026-08-08 08:00:00,HHHT003,呼市一监,40.81,111.67,回民区,44.8,60.3,13.8,41.6,37.1,0.94,62,22.4,51.5,3.1,270.5,0.0,1019.0,DEMO
2026-08-08 08:00:00,HHHT004,小召前街,40.805,111.665,回民区,43.2,57.0,18.1,26.9,52.1,0.87,60,19.0,51.5,2.0,73.0,0.0,1011.7,DEMO
2026-08-08 08:00:00,HHHT005,二十九中,40.78,111.7,玉泉区,36.9,53.3,16.2,30.5,42.3,0.83,52,30.5,70.3,2.9,182.4,0.0,1013.6,DEMO
2026-08-08 08:00:00,HHHT006,工大金川校区,40.76,111.62,土默特左旗,30.0,39.5,11.9,43.0,48.1,0.96,43,17.5,24.0,4.2,246.6,0.0,1009.8,DEMO
2026-08-08 09:00:00,HHHT001,呼和浩特市环境监测中心站,40.8421,111.749,新城区,34.7,50.3,12.1,43.0,54.9,0.76,50,29.0,39.8,3.2,277.2,0.0,1017.0,DEMO
2026-08-08 09:00:00,HHHT002,如意开发区,40.825,111.8,赛罕区,41.2,57.6,15.5,35.6,50.7,1.06,58,18.8,17.7,2.9,263.7,0.0,1014.3,DEMO
2026-08-08 09:00:00,HHHT003,呼市一监,40.81,111.67,回民区,41.5,52.0,12.1,36.1,60.0,1.01,58,21.0,62.2,3.8,211.6,0.0,1020.2,DEMO
2026-08-08 09:00:00,HHHT004,小召前街,40.805,111.665,回民区,53.3,75.7,17.6,48.0,43.6,1.08,73,21.1,69.5,1.1,134.4,0.0,1018.2,DEMO
2026-08-08 09:00:00,HHHT005,二十九中,40.78,111.7,玉泉区,38.2,48.8,11.7,40.3,44.7,0.79,54,20.8,42.9,3.7,253.6,0.0,1010.9,DEMO
2026-08-08 09:00:00,HHHT006,工大金川校区,40.76,111.62,土默特左旗,28.4,41.7,4.8,31.3,52.9,0.9,41,28.4,37.7,2.0,307.6,0.0,1010.4,DEMO
2026-08-08 10:00:00,HHHT001,呼和浩特市环境监测中心站,40.8421,111.749,新城区,37.6,51.7,16.7,27.7,60.5,1.14,53,22.5,33.2,3.6,4.3,0.0,1006.1,DEMO
2026-08-08 10:00:00,HHHT002,如意开发区,40.825,111.8,赛罕区,39.7,52.3,11.9,40.1,48.5,0.78,56,20.1,63.5,3.2,199.6,0.0,1013.0,DEMO
2026-08-08 10:00:00,HHHT003,呼市一监,40.81,111.67,回民区,37.8,49.8,15.3,34.8,45.3,0.87,53,26.2,31.6,4.6,195.6,0.0,1011.6,DEMO
2026-08-08 10:00:00,HHHT004,小召前街,40.805,111.665,回民区,45.8,66.5,15.9,34.2,57.9,1.16,64,23.7,53.3,2.2,319.4,0.0,1011.8,DEMO
2026-08-08 10:00:00,HHHT005,二十九中,40.78,111.7,玉泉区,32.6,44.0,12.6,32.2,54.6,0.76,47,20.5,33.2,1.9,209.9,0.0,1008.6,DEMO
2026-08-08 10:00:00,HHHT006,工大金川校区,40.76,111.62,土默特左旗,25.1,32.2,18.4,32.8,36.8,0.84,36,22.0,36.7,0.4,162.8,0.0,1017.0,DEMO
2026-08-08 11:00:00,HHHT001,呼和浩特市环境监测中心站,40.8421,111.749,新城区,28.5,40.9,11.5,36.0,57.0,0.97,41,18.9,40.8,1.9,121.5,0.0,1015.6,DEMO
2026-08-08 11:00:00,HHHT002,如意开发区,40.825,111.8,赛罕区,46.9,60.6,14.7,33.5,64.3,0.96,65,22.7,37.3,1.6,117.6,0.0,1015.1,DEMO
2026-08-08 11:00:00,HHHT003,呼市一监,40.81,111.67,回民区,24.2,36.1,14.2,28.9,72.9,0.82,35,25.0,36.5,3.8,68.8,0.0,1017.8,DEMO
2026-08-08 11:00:00,HHHT004,小召前街,40.805,111.665,回民区,38.1,52.8,16.9,37.7,59.8,0.91,54,27.7,52.9,3.1,115.9,0.0,1010.3,DEMO
2026-08-08 11:00:00,HHHT005,二十九中,40.78,111.7,玉泉区,24.4,32.3,12.1,29.8,61.1,0.78,35,24.1,43.7,1.0,251.4,0.0,1014.3,DEMO
2026-08-08 11:00:00,HHHT006,工大金川校区,40.76,111.62,土默特左旗,19.4,28.9,12.4,36.3,55.9,0.64,28,21.5,44.2,4.6,303.0,0.0,1008.7,DEMO
2026-08-08 12:00:00,HHHT001,呼和浩特市环境监测中心站,40.8421,111.749,新城区,19.0,26.3,9.9,32.7,56.6,0.81,27,24.6,42.5,2.9,305.3,0.0,1019.4,DEMO
2026-08-08 12:00:00,HHHT002,如意开发区,40.825,111.8,赛罕区,37.5,55.7,13.5,34.2,58.7,0.82,53,28.8,59.2,2.1,22.6,0.0,1013.4,DEMO
2026-08-08 12:00:00,HHHT003,呼市一监,40.81,111.67,回民区,31.1,40.2,10.6,32.3,54.8,0.9,44,20.9,36.3,3.8,7.6,0.0,1012.4,DEMO
2026-08-08 12:00:00,HHHT004,小召前街,40.805,111.665,回民区,51.7,75.0,9.6,43.8,65.0,1.05,71,20.9,32.1,3.3,282.4,0.0,1015.0,DEMO
2026-08-08 12:00:00,HHHT005,二十九中,40.78,111.7,玉泉区,30.3,38.3,13.1,29.4,64.4,0.89,43,22.5,48.3,4.6,134.2,0.0,1011.6,DEMO
2026-08-08 12:00:00,HHHT006,工大金川校区,40.76,111.62,土默特左旗,19.1,28.7,7.8,39.2,63.9,0.66,27,20.0,47.0,2.0,120.2,0.0,1018.7,DEMO
2026-08-08 13:00:00,HHHT001,呼和浩特市环境监测中心站,40.8421,111.749,新城区,27.8,40.7,8.3,36.0,69.5,0.94,40,22.4,39.5,2.5,265.5,0.0,1012.6,DEMO
2026-08-08 13:00:00,HHHT002,如意开发区,40.825,111.8,赛罕区,31.0,46.4,9.1,26.6,61.3,0.81,44,22.5,50.3,4.2,35.2,0.0,1015.3,DEMO
2026-08-08 13:00:00,HHHT003,呼市一监,40.81,111.67,回民区,42.2,54.8,10.2,41.9,58.7,0.99,59,26.3,48.0,2.2,139.4,0.0,1010.9,DEMO
2026-08-08 13:00:00,HHHT004,小召前街,40.805,111.665,回民区,44.7,64.6,10.2,34.8,59.3,0.93,62,22.9,63.0,4.3,92.9,0.0,1013.3,DEMO
2026-08-08 13:00:00,HHHT005,二十九中,40.78,111.7,玉泉区,21.3,26.9,9.4,26.4,61.5,0.72,30,21.9,63.5,1.2,352.4,0.0,1019.0,DEMO
2026-08-08 13:00:00,HHHT006,工大金川校区,40.76,111.62,土默特左旗,22.3,29.8,17.4,38.5,73.2,0.67,32,23.6,34.7,3.5,350.9,0.0,1012.4,DEMO
2026-08-08 14:00:00,HHHT001,呼和浩特市环境监测中心站,40.8421,111.749,新城区,28.9,38.1,7.6,37.8,56.7,0.82,41,26.0,36.1,3.7,132.2,0.0,1011.1,DEMO
2026-08-08 14:00:00,HHHT002,如意开发区,40.825,111.8,赛罕区,42.0,52.7,17.3,36.5,47.1,0.95,59,20.6,48.4,4.5,214.0,0.0,1018.4,DEMO
2026-08-08 14:00:00,HHHT003,呼市一监,40.81,111.67,回民区,25.4,42.0,17.4,29.3,66.9,0.92,36,22.1,32.2,3.9,112.7,3.4,1017.6,DEMO
2026-08-08 14:00:00,HHHT004,小召前街,40.805,111.665,回民区,50.4,71.2,9.9,31.4,54.9,1.0,69,16.9,49.5,2.1,85.5,0.0,1015.8,DEMO
2026-08-08 14:00:00,HHHT005,二十九中,40.78,111.7,玉泉区,35.2,44.7,12.8,33.8,41.1,0.8,50,22.3,22.7,2.5,16.5,0.0,1007.7,DEMO
2026-08-08 14:00:00,HHHT006,工大金川校区,40.76,111.62,土默特左旗,30.4,45.1,14.8,34.4,58.5,0.82,43,24.3,50.9,2.9,289.4,0.0,1007.1,DEMO
2026-08-08 15:00:00,HHHT001,呼和浩特市环境监测中心站,40.8421,111.749,新城区,27.5,37.3,16.0,37.8,54.1,0.91,39,26.5,55.8,4.7,64.9,0.0,1013.8,DEMO
2026-08-08 15:00:00,HHHT002,如意开发区,40.825,111.8,赛罕区,35.0,47.7,12.2,48.3,64.4,0.97,50,27.9,54.1,2.0,295.1,0.0,1011.8,DEMO
2026-08-08 15:00:00,HHHT003,呼市一监,40.81,111.67,回民区,26.7,34.8,6.5,33.1,59.3,1.07,38,19.6,35.1,3.8,33.9,0.0,1006.9,DEMO
2026-08-08 15:00:00,HHHT004,小召前街,40.805,111.665,回民区,47.3,62.7,15.4,34.9,72.8,1.16,65,24.5,40.6,1.5,159.3,0.0,1013.0,DEMO
2026-08-08 15:00:00,HHHT005,二十九中,40.78,111.7,玉泉区,24.3,30.5,14.5,30.0,53.0,0.89,35,21.2,53.2,2.5,223.9,0.0,1012.7,DEMO
2026-08-08 15:00:00,HHHT006,工大金川校区,40.76,111.62,土默特左旗,21.0,27.2,15.2,22.4,49.6,0.57,30,21.1,37.0,4.8,208.1,0.0,1008.0,DEMO
2026-08-08 16:00:00,HHHT001,呼和浩特市环境监测中心站,40.8421,111.749,新城区,26.5,38.3,17.8,26.7,45.9,0.91,38,22.5,50.7,1.4,216.8,0.0,1012.8,DEMO
2026-08-08 16:00:00,HHHT002,如意开发区,40.825,111.8,赛罕区,39.2,58.1,12.7,37.8,56.3,0.9,55,20.1,50.2,4.8,161.4,3.0,1012.0,DEMO
2026-08-08 16:00:00,HHHT003,呼市一监,40.81,111.67,回民区,23.7,36.9,14.4,30.1,68.7,0.89,34,21.9,38.7,3.5,318.6,1.7,1016.1,DEMO
2026-08-08 16:00:00,HHHT004,小召前街,40.805,111.665,回民区,38.3,63.7,15.6,32.7,68.0,0.95,54,18.8,53.3,3.2,176.4,3.1,1009.0,DEMO
2026-08-08 16:00:00,HHHT005,二十九中,40.78,111.7,玉泉区,33.8,45.2,17.3,30.2,65.7,0.88,48,19.2,41.8,2.7,239.2,0.0,1002.9,DEMO
2026-08-08 16:00:00,HHHT006,工大金川校区,40.76,111.62,土默特左旗,11.3,15.2,12.9,26.7,46.0,0.72,16,22.8,48.8,3.5,73.6,0.0,1012.9,DEMO
2026-08-08 17:00:00,HHHT001,呼和浩特市环境监测中心站,40.8421,111.749,新城区,41.6,53.2,14.3,33.2,52.5,1.05,58,22.4,66.7,1.1,173.9,0.0,1008.9,DEMO
2026-08-08 17:00:00,HHHT002,如意开发区,40.825,111.8,赛罕区,43.4,60.6,13.7,33.6,47.8,0.99,60,21.8,41.9,2.7,242.5,0.0,1014.9,DEMO
2026-08-08 17:00:00,HHHT003,呼市一监,40.81,111.67,回民区,50.3,66.3,11.0,39.9,50.0,0.99,69,22.2,60.9,3.2,177.1,0.0,1010.3,DEMO
2026-08-08 17:00:00,HHHT004,小召前街,40.805,111.665,回民区,37.9,61.6,15.6,43.9,58.3,0.74,54,19.6,47.8,3.3,250.6,1.1,1014.4,DEMO
2026-08-08 17:00:00,HHHT005,二十九中,40.78,111.7,玉泉区,35.1,46.9,12.2,30.7,60.1,0.86,50,24.3,53.9,3.9,40.5,0.0,1006.2,DEMO
2026-08-08 17:00:00,HHHT006,工大金川校区,40.76,111.62,土默特左旗,21.3,27.5,16.6,29.8,45.4,0.85,30,19.7,44.0,3.2,320.5,0.0,1014.1,DEMO
2026-08-08 18:00:00,HHHT001,呼和浩特市环境监测中心站,40.8421,111.749,新城区,31.0,46.3,12.1,36.4,46.0,0.83,44,23.7,47.9,2.3,310.5,0.0,1005.1,DEMO
2026-08-08 18:00:00,HHHT002,如意开发区,40.825,111.8,赛罕区,41.3,61.9,15.7,33.8,49.4,1.13,58,20.4,65.8,2.1,220.6,0.0,1008.4,DEMO
2026-08-08 18:00:00,HHHT003,呼市一监,40.81,111.67,回民区,44.9,64.3,8.1,35.7,42.5,1.01,62,27.6,38.4,2.5,16.0,0.0,1019.8,DEMO
2026-08-08 18:00:00,HHHT004,小召前街,40.805,111.665,回民区,42.9,61.8,12.3,36.4,45.8,0.88,60,23.5,69.1,2.4,307.5,0.0,1010.8,DEMO
2026-08-08 18:00:00,HHHT005,二十九中,40.78,111.7,玉泉区,32.3,45.2,10.8,31.7,56.7,0.76,46,22.5,33.6,4.3,355.2,0.0,1012.4,DEMO
2026-08-08 18:00:00,HHHT006,工大金川校区,40.76,111.62,土默特左旗,31.5,47.2,13.6,37.0,48.3,1.11,45,17.8,48.4,3.9,276.4,0.0,1006.8,DEMO
2026-08-08 19:00:00,HHHT001,呼和浩特市环境监测中心站,40.8421,111.749,新城区,31.1,39.2,10.6,32.2,47.0,0.98,44,25.1,47.7,4.1,315.3,0.0,1007.9,DEMO
2026-08-08 19:00:00,HHHT002,如意开发区,40.825,111.8,赛罕区,40.0,50.4,17.6,36.8,49.9,0.79,56,16.6,34.0,3.1,205.8,0.0,1016.0,DEMO
2026-08-08 19:00:00,HHHT003,呼市一监,40.81,111.67,回民区,34.7,54.1,11.1,36.7,40.4,0.99,50,24.9,45.2,2.5,202.6,2.1,1016.7,DEMO
2026-08-08 19:00:00,HHHT004,小召前街,40.805,111.665,回民区,56.9,81.0,16.9,24.9,54.4,1.0,77,23.3,43.8,2.4,316.5,0.0,1012.8,DEMO
2026-08-08 19:00:00,HHHT005,二十九中,40.78,111.7,玉泉区,40.0,59.1,9.4,36.3,53.0,0.95,56,26.6,48.2,4.1,218.3,0.0,1008.8,DEMO
2026-08-08 19:00:00,HHHT006,工大金川校区,40.76,111.62,土默特左旗,35.6,47.9,14.5,31.8,33.2,0.75,51,24.8,34.0,3.2,52.8,0.0,1009.7,DEMO
2026-08-08 20:00:00,HHHT001,呼和浩特市环境监测中心站,40.8421,111.749,新城区,38.2,55.0,15.3,27.1,53.6,0.94,54,23.2,39.0,4.5,165.1,0.0,1009.8,DEMO
2026-08-08 20:00:00,HHHT002,如意开发区,40.825,111.8,赛罕区,40.9,53.5,11.2,34.5,45.3,0.89,57,28.2,36.4,3.7,108.1,0.0,1012.9,DEMO
2026-08-08 20:00:00,HHHT003,呼市一监,40.81,111.67,回民区,34.1,43.0,17.2,37.5,66.2,0.92,49,20.0,26.8,2.4,11.3,0.0,1013.8,DEMO
2026-08-08 20:00:00,HHHT004,小召前街,40.805,111.665,回民区,43.8,61.4,12.7,41.3,39.7,0.96,61,24.0,52.3,3.9,268.4,0.0,1009.6,DEMO
2026-08-08 20:00:00,HHHT005,二十九中,40.78,111.7,玉泉区,40.5,54.4,15.3,38.9,43.8,0.9,57,24.7,44.7,2.6,269.7,0.0,1010.9,DEMO
2026-08-08 20:00:00,HHHT006,工大金川校区,40.76,111.62,土默特左旗,25.6,36.6,7.2,30.3,34.8,0.65,37,20.9,44.2,1.2,95.1,0.0,1012.6,DEMO
2026-08-08 21:00:00,HHHT001,呼和浩特市环境监测中心站,40.8421,111.749,新城区,25.6,38.3,14.5,30.2,43.0,0.76,37,25.3,41.1,4.6,219.4,0.0,1009.5,DEMO
2026-08-08 21:00:00,HHHT002,如意开发区,40.825,111.8,赛罕区,37.6,52.9,18.2,33.7,61.0,1.01,53,22.7,15.7,2.0,140.2,0.0,997.9,DEMO
2026-08-08 21:00:00,HHHT003,呼市一监,40.81,111.67,回民区,23.4,36.4,10.9,33.2,44.6,0.82,33,22.1,55.2,2.4,261.8,2.8,1008.5,DEMO
2026-08-08 21:00:00,HHHT004,小召前街,40.805,111.665,回民区,49.6,70.3,19.1,39.4,41.9,0.93,68,20.7,50.3,3.4,21.1,0.0,1008.4,DEMO
2026-08-08 21:00:00,HHHT005,二十九中,40.78,111.7,玉泉区,26.2,37.6,11.1,34.1,50.8,0.72,37,19.0,49.7,2.8,7.8,0.0,1013.6,DEMO
2026-08-08 21:00:00,HHHT006,工大金川校区,40.76,111.62,土默特左旗,32.3,40.6,17.8,32.1,50.0,0.93,46,24.4,40.3,3.8,314.3,0.0,1007.6,DEMO
2026-08-08 22:00:00,HHHT001,呼和浩特市环境监测中心站,40.8421,111.749,新城区,34.1,42.9,15.5,28.1,51.6,0.98,49,19.5,44.8,1.4,40.4,0.0,1012.7,DEMO
2026-08-08 22:00:00,HHHT002,如意开发区,40.825,111.8,赛罕区,42.4,53.3,10.6,31.6,50.9,1.02,59,24.8,28.1,3.2,208.5,0.0,1020.4,DEMO
2026-08-08 22:00:00,HHHT003,呼市一监,40.81,111.67,回民区,36.0,53.4,12.4,32.2,49.3,0.78,51,18.0,63.3,2.2,15.6,0.0,1011.6,DEMO
2026-08-08 22:00:00,HHHT004,小召前街,40.805,111.665,回民区,41.4,52.2,9.7,37.1,48.5,0.88,58,24.9,33.4,2.2,21.2,0.0,1016.9,DEMO
2026-08-08 22:00:00,HHHT005,二十九中,40.78,111.7,玉泉区,29.8,40.5,14.6,34.6,51.2,0.86,43,24.6,45.6,3.7,206.1,0.0,1009.3,DEMO
2026-08-08 22:00:00,HHHT006,工大金川校区,40.76,111.62,土默特左旗,23.1,30.3,16.9,27.6,57.0,0.73,33,21.3,52.9,2.8,269.5,0.0,1015.7,DEMO
2026-08-08 23:00:00,HHHT001,呼和浩特市环境监测中心站,40.8421,111.749,新城区,26.2,33.9,11.0,26.4,58.2,0.68,37,23.0,59.0,2.5,256.6,0.0,1009.2,DEMO
2026-08-08 23:00:00,HHHT002,如意开发区,40.825,111.8,赛罕区,47.7,65.2,18.1,33.8,60.1,1.08,66,27.0,35.8,2.0,266.4,0.0,1009.8,DEMO
2026-08-08 23:00:00,HHHT003,呼市一监,40.81,111.67,回民区,33.8,49.5,9.2,24.9,41.3,0.97,48,24.1,48.7,1.6,203.2,0.0,1014.0,DEMO
2026-08-08 23:00:00,HHHT004,小召前街,40.805,111.665,回民区,29.4,38.0,13.9,36.9,40.6,0.87,42,20.0,49.9,4.3,346.8,0.0,1013.3,DEMO
2026-08-08 23:00:00,HHHT005,二十九中,40.78,111.7,玉泉区,27.5,37.1,15.5,26.2,31.1,0.74,39,18.4,51.1,4.5,292.7,0.0,1008.0,DEMO
2026-08-08 23:00:00,HHHT006,工大金川校区,40.76,111.62,土默特左旗,32.7,42.9,13.0,26.8,48.3,0.98,47,22.9,35.1,3.2,313.2,0.0,1009.8,DEMO
2026-08-09 00:00:00,HHHT001,呼和浩特市环境监测中心站,40.8421,111.749,新城区,13.1,19.5,13.3,32.1,58.8,0.55,19,20.3,49.3,3.6,32.6,0.0,1006.1,DEMO
2026-08-09 00:00:00,HHHT002,如意开发区,40.825,111.8,赛罕区,30.8,38.6,14.6,28.6,54.9,0.75,44,25.5,24.6,4.0,90.4,0.0,1011.2,DEMO
2026-08-09 00:00:00,HHHT003,呼市一监,40.81,111.67,回民区,26.3,34.9,12.2,37.0,59.1,0.8,38,19.2,23.1,2.1,185.5,0.0,1023.7,DEMO
2026-08-09 00:00:00,HHHT004,小召前街,40.805,111.665,回民区,35.4,44.8,12.2,37.9,36.5,0.76,51,19.4,55.0,3.6,144.7,0.0,1018.1,DEMO
2026-08-09 00:00:00,HHHT005,二十九中,40.78,111.7,玉泉区,22.8,30.6,11.9,24.3,47.2,0.79,33,24.7,41.9,1.9,135.5,0.0,1018.8,DEMO
2026-08-09 00:00:00,HHHT006,工大金川校区,40.76,111.62,土默特左旗,11.3,14.1,11.9,31.1,44.6,0.41,16,22.8,45.6,5.0,331.2,0.0,1016.7,DEMO
2026-08-09 01:00:00,HHHT001,呼和浩特市环境监测中心站,40.8421,111.749,新城区,14.8,20.1,16.0,32.8,44.9,0.68,21,18.0,50.1,3.8,208.1,0.0,1014.1,DEMO
2026-08-09 01:00:00,HHHT002,如意开发区,40.825,111.8,赛罕区,38.0,52.8,8.3,33.7,66.9,0.76,54,18.9,40.8,3.3,193.4,0.0,1009.4,DEMO
2026-08-09 01:00:00,HHHT003,呼市一监,40.81,111.67,回民区,27.3,40.9,10.1,33.1,66.5,0.92,39,13.5,43.2,2.4,25.7,0.0,1005.5,DEMO
2026-08-09 01:00:00,HHHT004,小召前街,40.805,111.665,回民区,36.2,45.8,10.9,29.3,62.2,0.77,52,22.8,55.9,4.4,324.2,0.0,1012.9,DEMO
2026-08-09 01:00:00,HHHT005,二十九中,40.78,111.7,玉泉区,9.4,14.0,10.2,37.0,52.2,0.56,13,19.6,48.8,4.7,76.5,1.9,1012.6,DEMO
2026-08-09 01:00:00,HHHT006,工大金川校区,40.76,111.62,土默特左旗,18.2,25.1,14.4,32.8,47.6,0.8,26,21.7,30.8,3.7,105.1,0.0,1014.4,DEMO
2026-08-09 02:00:00,HHHT001,呼和浩特市环境监测中心站,40.8421,111.749,新城区,18.9,25.7,10.8,32.2,49.9,0.64,27,21.1,40.8,3.6,30.4,0.0,1014.4,DEMO
2026-08-09 02:00:00,HHHT002,如意开发区,40.825,111.8,赛罕区,21.8,32.7,13.4,36.1,46.5,0.64,31,24.0,68.9,4.8,284.4,0.0,1014.1,DEMO
2026-08-09 02:00:00,HHHT003,呼市一监,40.81,111.67,回民区,19.2,24.8,14.5,27.5,52.4,0.59,27,20.5,46.7,4.5,210.9,0.0,1007.4,DEMO
2026-08-09 02:00:00,HHHT004,小召前街,40.805,111.665,回民区,36.5,49.7,10.5,34.3,32.2,0.88,52,28.8,67.1,4.3,289.5,0.0,1010.9,DEMO
2026-08-09 02:00:00,HHHT005,二十九中,40.78,111.7,玉泉区,26.2,34.9,14.7,31.7,47.4,0.73,37,19.1,67.7,2.7,291.9,0.0,1012.0,DEMO
2026-08-09 02:00:00,HHHT006,工大金川校区,40.76,111.62,土默特左旗,5.0,6.9,9.6,25.8,41.0,0.69,7,21.3,55.6,3.7,260.5,0.0,1012.1,DEMO
2026-08-09 03:00:00,HHHT001,呼和浩特市环境监测中心站,40.8421,111.749,新城区,17.0,21.6,11.2,37.3,63.0,0.53,24,22.6,47.3,4.1,308.3,0.0,1011.5,DEMO
2026-08-09 03:00:00,HHHT002,如意开发区,40.825,111.8,赛罕区,23.1,34.5,16.8,27.7,44.7,0.78,33,25.1,59.6,4.3,250.0,0.0,1016.5,DEMO
2026-08-09 03:00:00,HHHT003,呼市一监,40.81,111.67,回民区,28.3,40.8,15.0,30.9,64.0,0.9,40,24.9,24.0,2.5,24.0,0.0,1011.3,DEMO
2026-08-09 03:00:00,HHHT004,小召前街,40.805,111.665,回民区,31.9,44.7,15.1,33.4,59.6,0.96,46,15.1,60.4,2.8,291.6,0.0,1017.4,DEMO
2026-08-09 03:00:00,HHHT005,二十九中,40.78,111.7,玉泉区,28.1,39.2,16.7,32.2,55.2,0.79,40,22.7,51.0,2.0,175.9,0.0,1017.4,DEMO
2026-08-09 03:00:00,HHHT006,工大金川校区,40.76,111.62,土默特左旗,8.4,12.5,9.2,26.5,54.5,0.76,12,18.8,20.9,2.5,294.4,0.0,1006.2,DEMO
2026-08-09 04:00:00,HHHT001,呼和浩特市环境监测中心站,40.8421,111.749,新城区,30.9,43.0,12.4,37.0,47.9,0.76,44,18.9,53.2,3.0,192.5,0.0,1013.7,DEMO
2026-08-09 04:00:00,HHHT002,如意开发区,40.825,111.8,赛罕区,25.4,35.8,13.6,33.9,54.0,0.75,36,17.0,45.8,3.5,342.7,0.0,1013.7,DEMO
2026-08-09 04:00:00,HHHT003,呼市一监,40.81,111.67,回民区,20.2,28.9,14.5,33.1,50.6,0.63,29,24.2,61.2,2.3,150.8,0.0,1016.6,DEMO
2026-08-09 04:00:00,HHHT004,小召前街,40.805,111.665,回民区,32.9,41.4,18.6,38.1,55.9,0.91,47,12.6,42.8,0.7,300.2,0.0,1012.5,DEMO
2026-08-09 04:00:00,HHHT005,二十九中,40.78,111.7,玉泉区,11.3,15.8,12.2,30.9,61.0,0.8,16,20.8,50.7,3.7,332.5,0.0,1013.1,DEMO
2026-08-09 04:00:00,HHHT006,工大金川校区,40.76,111.62,土默特左旗,11.1,16.1,10.8,31.0,55.0,0.53,16,24.4,51.3,3.7,279.0,0.0,1008.0,DEMO
2026-08-09 05:00:00,HHHT001,呼和浩特市环境监测中心站,40.8421,111.749,新城区,17.3,25.2,12.4,38.1,43.1,0.98,25,19.0,50.6,2.3,285.5,0.0,1016.9,DEMO
2026-08-09 05:00:00,HHHT002,如意开发区,40.825,111.8,赛罕区,34.7,44.6,9.7,35.4,57.1,0.78,50,21.2,31.7,3.0,34.7,0.0,1010.6,DEMO
2026-08-09 05:00:00,HHHT003,呼市一监,40.81,111.67,回民区,33.4,41.9,13.7,32.5,52.5,0.91,48,18.6,31.8,4.3,330.7,0.0,1015.1,DEMO
2026-08-09 05:00:00,HHHT004,小召前街,40.805,111.665,回民区,26.0,35.9,7.3,38.8,61.8,0.79,37,23.2,28.8,3.3,240.0,0.0,1011.3,DEMO
2026-08-09 05:00:00,HHHT005,二十九中,40.78,111.7,玉泉区,28.0,35.1,14.9,32.4,48.1,0.82,40,19.3,49.5,2.5,158.9,0.0,1012.3,DEMO
2026-08-09 05:00:00,HHHT006,工大金川校区,40.76,111.62,土默特左旗,5.0,7.2,9.1,32.0,35.1,0.58,7,21.7,27.9,3.5,115.5,0.0,1012.4,DEMO
2026-08-09 06:00:00,HHHT001,呼和浩特市环境监测中心站,40.8421,111.749,新城区,17.5,25.4,12.0,30.7,51.8,0.51,25,23.1,36.5,2.4,41.8,0.0,1013.0,DEMO
2026-08-09 06:00:00,HHHT002,如意开发区,40.825,111.8,赛罕区,23.8,30.9,12.0,29.1,45.8,0.81,34,19.8,35.2,4.6,285.6,0.0,1008.5,DEMO
2026-08-09 06:00:00,HHHT003,呼市一监,40.81,111.67,回民区,32.5,44.6,12.6,35.0,59.0,0.81,46,25.3,50.1,2.1,267.5,0.0,1016.2,DEMO
2026-08-09 06:00:00,HHHT004,小召前街,40.805,111.665,回民区,41.8,52.8,17.9,39.8,61.8,0.87,58,25.2,47.1,3.6,19.1,0.0,1012.6,DEMO
2026-08-09 06:00:00,HHHT005,二十九中,40.78,111.7,玉泉区,16.1,20.8,11.7,40.1,66.6,0.83,23,18.9,35.6,1.9,21.3,0.0,1017.4,DEMO
2026-08-09 06:00:00,HHHT006,工大金川校区,40.76,111.62,土默特左旗,16.3,21.7,7.3,26.7,45.0,0.68,23,21.8,65.4,2.8,101.8,0.0,1010.8,DEMO
2026-08-09 07:00:00,HHHT001,呼和浩特市环境监测中心站,40.8421,111.749,新城区,27.6,34.8,12.7,26.5,56.1,0.64,39,22.9,27.0,2.9,4.5,0.0,1012.3,DEMO
2026-08-09 07:00:00,HHHT002,如意开发区,40.825,111.8,赛罕区,43.6,61.5,17.1,37.6,54.7,0.9,61,23.7,19.3,2.4,289.0,0.0,1017.9,DEMO
2026-08-09 07:00:00,HHHT003,呼市一监,40.81,111.67,回民区,40.5,54.7,11.2,35.3,39.1,0.96,57,15.9,51.6,3.0,159.8,0.0,1019.6,DEMO
2026-08-09 07:00:00,HHHT004,小召前街,40.805,111.665,回民区,45.4,62.9,15.7,46.8,36.0,1.14,63,21.1,51.2,4.0,79.7,0.0,1016.0,DEMO
2026-08-09 07:00:00,HHHT005,二十九中,40.78,111.7,玉泉区,32.6,51.5,12.0,30.3,55.0,1.02,47,21.1,52.5,2.2,165.9,2.9,1015.2,DEMO
2026-08-09 07:00:00,HHHT006,工大金川校区,40.76,111.62,土默特左旗,38.2,56.9,15.1,31.3,63.2,0.92,54,25.7,57.0,3.9,344.9,0.0,1015.7,DEMO
2026-08-09 08:00:00,HHHT001,呼和浩特市环境监测中心站,40.8421,111.749,新城区,25.6,35.3,16.6,37.5,47.6,0.69,37,24.9,39.2,3.4,340.3,0.0,1006.8,DEMO
2026-08-09 08:00:00,HHHT002,如意开发区,40.825,111.8,赛罕区,28.5,38.9,19.0,36.5,59.8,0.77,41,27.8,20.7,4.0,119.3,0.0,1021.7,DEMO
2026-08-09 08:00:00,HHHT003,呼市一监,40.81,111.67,回民区,31.6,44.5,21.2,29.2,47.1,0.84,45,19.4,57.8,1.6,144.9,0.0,1006.6,DEMO
2026-08-09 08:00:00,HHHT004,小召前街,40.805,111.665,回民区,42.9,60.6,11.8,46.5,53.7,0.89,60,22.8,57.8,5.0,310.9,0.0,1009.2,DEMO
2026-08-09 08:00:00,HHHT005,二十九中,40.78,111.7,玉泉区,33.5,48.5,15.7,34.9,29.8,0.89,48,23.5,45.6,1.8,244.1,0.0,1015.6,DEMO
2026-08-09 08:00:00,HHHT006,工大金川校区,40.76,111.62,土默特左旗,23.6,35.2,15.6,27.6,41.8,0.76,34,21.4,70.5,4.4,114.8,0.0,1010.0,DEMO
2026-08-09 09:00:00,HHHT001,呼和浩特市环境监测中心站,40.8421,111.749,新城区,24.7,34.3,13.8,36.0,47.7,0.88,35,23.9,46.5,3.6,331.4,0.0,1013.8,DEMO
2026-08-09 09:00:00,HHHT002,如意开发区,40.825,111.8,赛罕区,40.3,53.6,18.9,38.4,50.5,1.01,57,24.0,56.2,1.6,190.6,0.0,1011.5,DEMO
2026-08-09 09:00:00,HHHT003,呼市一监,40.81,111.67,回民区,30.4,39.1,10.9,22.6,39.9,0.9,43,21.5,63.0,5.7,238.3,0.0,1013.8,DEMO
2026-08-09 09:00:00,HHHT004,小召前街,40.805,111.665,回民区,38.0,48.4,17.9,29.1,54.3,0.84,54,23.8,59.4,2.4,160.1,0.0,1010.6,DEMO
2026-08-09 09:00:00,HHHT005,二十九中,40.78,111.7,玉泉区,37.3,47.5,13.7,30.3,46.0,1.02,53,23.5,31.1,3.1,133.3,0.0,1015.2,DEMO
2026-08-09 09:00:00,HHHT006,工大金川校区,40.76,111.62,土默特左旗,18.8,25.2,19.0,33.8,50.4,0.89,27,20.3,37.3,3.8,97.3,0.0,1015.4,DEMO
2026-08-09 10:00:00,HHHT001,呼和浩特市环境监测中心站,40.8421,111.749,新城区,22.2,30.1,12.1,33.5,49.4,0.76,32,14.5,57.7,2.1,355.2,0.0,1004.1,DEMO
2026-08-09 10:00:00,HHHT002,如意开发区,40.825,111.8,赛罕区,32.4,43.9,16.3,30.7,46.9,0.71,46,22.0,59.9,5.7,69.3,0.0,1009.8,DEMO
2026-08-09 10:00:00,HHHT003,呼市一监,40.81,111.67,回民区,26.2,44.9,11.3,34.8,43.0,0.81,37,21.7,44.1,4.0,340.3,0.1,1011.2,DEMO
2026-08-09 10:00:00,HHHT004,小召前街,40.805,111.665,回民区,49.5,67.9,13.6,32.2,43.5,1.05,68,24.4,52.0,0.9,84.0,0.0,1014.2,DEMO
2026-08-09 10:00:00,HHHT005,二十九中,40.78,111.7,玉泉区,24.3,34.2,13.9,24.0,59.1,0.88,35,19.6,24.8,1.5,101.1,0.0,1013.3,DEMO
2026-08-09 10:00:00,HHHT006,工大金川校区,40.76,111.62,土默特左旗,13.6,17.9,6.9,32.3,61.9,0.66,19,23.2,68.4,2.2,77.1,0.0,1014.6,DEMO
2026-08-09 11:00:00,HHHT001,呼和浩特市环境监测中心站,40.8421,111.749,新城区,10.3,14.9,10.9,19.8,67.4,0.55,15,23.2,48.0,3.1,34.5,0.0,1009.6,DEMO
2026-08-09 11:00:00,HHHT002,如意开发区,40.825,111.8,赛罕区,22.1,29.7,10.4,31.8,61.0,0.82,32,25.6,36.0,1.1,99.6,0.0,1011.0,DEMO
2026-08-09 11:00:00,HHHT003,呼市一监,40.81,111.67,回民区,33.4,46.1,12.9,26.8,59.2,0.82,48,18.3,30.5,5.3,12.4,0.0,1018.6,DEMO
2026-08-09 11:00:00,HHHT004,小召前街,40.805,111.665,回民区,33.7,58.4,9.8,41.0,50.4,0.83,48,18.4,49.5,1.8,140.0,3.3,1017.3,DEMO
2026-08-09 11:00:00,HHHT005,二十九中,40.78,111.7,玉泉区,26.6,34.1,15.5,38.7,60.5,0.77,38,23.5,48.0,2.5,118.8,0.0,1012.1,DEMO
2026-08-09 11:00:00,HHHT006,工大金川校区,40.76,111.62,土默特左旗,14.8,19.4,16.8,31.1,66.0,0.72,21,23.4,32.3,3.6,173.9,0.0,1005.0,DEMO
2026-08-09 12:00:00,HHHT001,呼和浩特市环境监测中心站,40.8421,111.749,新城区,23.6,34.6,10.6,42.9,57.4,0.84,34,23.1,43.8,2.6,205.3,0.0,1011.6,DEMO
2026-08-09 12:00:00,HHHT002,如意开发区,40.825,111.8,赛罕区,26.1,33.9,12.0,32.2,76.8,0.55,37,24.1,56.3,4.3,97.0,0.0,1009.5,DEMO
2026-08-09 12:00:00,HHHT003,呼市一监,40.81,111.67,回民区,19.1,26.0,12.5,33.9,55.9,0.83,27,25.0,35.8,3.1,34.5,0.0,1012.3,DEMO
2026-08-09 12:00:00,HHHT004,小召前街,40.805,111.665,回民区,37.4,53.4,13.1,40.0,57.7,0.88,53,25.3,52.1,3.3,276.1,0.0,1013.7,DEMO
2026-08-09 12:00:00,HHHT005,二十九中,40.78,111.7,玉泉区,18.3,24.2,11.4,32.7,74.7,0.83,26,23.3,32.2,6.2,79.5,0.0,1010.9,DEMO
2026-08-09 12:00:00,HHHT006,工大金川校区,40.76,111.62,土默特左旗,13.1,16.7,14.5,32.7,67.8,0.67,19,17.9,46.3,2.6,92.0,0.0,1011.0,DEMO
2026-08-09 13:00:00,HHHT001,呼和浩特市环境监测中心站,40.8421,111.749,新城区,35.5,53.2,17.8,40.2,57.7,0.8,51,25.4,39.3,4.2,284.2,0.0,1009.2,DEMO
2026-08-09 13:00:00,HHHT002,如意开发区,40.825,111.8,赛罕区,28.2,38.1,11.0,33.3,60.2,0.83,40,18.0,37.7,2.2,199.0,0.0,1010.1,DEMO
2026-08-09 13:00:00,HHHT003,呼市一监,40.81,111.67,回民区,26.3,33.3,6.1,26.1,50.9,0.91,38,22.6,50.3,2.5,67.5,0.0,1010.7,DEMO
2026-08-09 13:00:00,HHHT004,小召前街,40.805,111.665,回民区,32.7,46.2,11.3,29.7,59.5,0.75,47,22.5,27.1,2.9,42.9,0.0,1018.6,DEMO
2026-08-09 13:00:00,HHHT005,二十九中,40.78,111.7,玉泉区,30.8,40.9,15.9,28.7,69.3,0.87,44,20.5,57.6,3.2,256.9,0.0,1010.0,DEMO
2026-08-09 13:00:00,HHHT006,工大金川校区,40.76,111.62,土默特左旗,25.4,36.0,10.8,32.0,49.7,0.7,36,20.6,61.3,4.3,282.4,0.0,1010.0,DEMO
2026-08-09 14:00:00,HHHT001,呼和浩特市环境监测中心站,40.8421,111.749,新城区,15.1,20.2,12.4,34.6,63.6,0.73,22,21.2,62.6,4.1,9.7,0.0,1008.2,DEMO
2026-08-09 14:00:00,HHHT002,如意开发区,40.825,111.8,赛罕区,38.6,51.6,11.3,36.4,67.8,0.91,54,24.3,41.2,3.7,347.7,0.0,1017.8,DEMO
2026-08-09 14:00:00,HHHT003,呼市一监,40.81,111.67,回民区,33.2,44.2,15.1,23.3,43.3,0.78,47,22.5,46.4,3.3,34.9,0.0,1010.2,DEMO
2026-08-09 14:00:00,HHHT004,小召前街,40.805,111.665,回民区,27.0,34.4,12.1,28.0,53.3,0.65,39,17.1,55.5,2.1,281.3,0.0,1011.9,DEMO
2026-08-09 14:00:00,HHHT005,二十九中,40.78,111.7,玉泉区,20.3,29.4,9.9,34.4,60.0,0.79,29,22.1,23.4,4.1,347.4,0.0,1009.7,DEMO
2026-08-09 14:00:00,HHHT006,工大金川校区,40.76,111.62,土默特左旗,19.0,24.1,14.0,33.4,52.1,0.8,27,24.3,59.2,5.1,208.7,0.0,1018.9,DEMO
2026-08-09 15:00:00,HHHT001,呼和浩特市环境监测中心站,40.8421,111.749,新城区,19.3,30.6,10.8,27.5,60.7,0.72,28,21.5,39.0,1.9,76.7,2.8,1015.4,DEMO
2026-08-09 15:00:00,HHHT002,如意开发区,40.825,111.8,赛罕区,24.6,34.0,9.4,34.1,51.0,0.68,35,15.1,42.3,5.0,208.0,0.0,1014.1,DEMO
2026-08-09 15:00:00,HHHT003,呼市一监,40.81,111.67,回民区,26.3,34.8,14.4,27.9,61.3,0.78,38,25.7,57.8,3.5,272.6,0.0,1005.6,DEMO
2026-08-09 15:00:00,HHHT004,小召前街,40.805,111.665,回民区,40.4,52.4,14.2,35.4,73.1,0.8,57,20.8,64.5,2.7,292.9,0.0,1013.1,DEMO
2026-08-09 15:00:00,HHHT005,二十九中,40.78,111.7,玉泉区,28.0,40.6,11.8,30.5,72.0,0.62,40,23.8,53.3,3.1,110.2,0.0,1019.9,DEMO
2026-08-09 15:00:00,HHHT006,工大金川校区,40.76,111.62,土默特左旗,18.0,24.2,12.2,27.7,57.9,0.89,26,24.5,32.1,1.2,140.3,0.0,1009.8,DEMO
2026-08-09 16:00:00,HHHT001,呼和浩特市环境监测中心站,40.8421,111.749,新城区,19.2,28.5,12.0,34.3,65.1,0.7,27,21.2,24.2,0.3,210.4,0.0,1013.2,DEMO
2026-08-09 16:00:00,HHHT002,如意开发区,40.825,111.8,赛罕区,25.5,32.8,16.9,37.0,78.8,0.73,36,22.3,59.8,1.5,196.5,0.0,1013.1,DEMO
2026-08-09 16:00:00,HHHT003,呼市一监,40.81,111.67,回民区,18.2,25.9,11.5,40.7,67.8,0.71,26,24.9,41.3,5.2,28.0,0.0,1012.4,DEMO
2026-08-09 16:00:00,HHHT004,小召前街,40.805,111.665,回民区,33.4,47.5,14.2,22.9,53.2,0.79,48,18.3,33.5,1.1,190.6,0.0,1010.9,DEMO
2026-08-09 16:00:00,HHHT005,二十九中,40.78,111.7,玉泉区,25.7,34.6,11.7,36.1,66.0,0.79,37,17.6,62.9,2.4,155.7,0.0,1013.3,DEMO
2026-08-09 16:00:00,HHHT006,工大金川校区,40.76,111.62,土默特左旗,12.6,18.1,12.0,22.3,62.7,0.83,18,17.8,29.0,5.3,269.6,0.0,1006.5,DEMO
2026-08-09 17:00:00,HHHT001,呼和浩特市环境监测中心站,40.8421,111.749,新城区,17.3,25.2,8.7,34.1,45.5,0.73,25,16.0,41.4,4.3,163.2,0.0,1014.5,DEMO
2026-08-09 17:00:00,HHHT002,如意开发区,40.825,111.8,赛罕区,28.1,40.7,15.4,26.7,57.7,0.76,40,19.3,47.9,3.4,76.8,0.0,1009.5,DEMO
2026-08-09 17:00:00,HHHT003,呼市一监,40.81,111.67,回民区,19.3,28.3,8.1,27.4,48.8,0.86,28,17.5,56.4,2.8,337.6,0.0,1011.6,DEMO
2026-08-09 17:00:00,HHHT004,小召前街,40.805,111.665,回民区,50.3,73.8,20.4,37.2,43.3,1.04,69,20.4,41.4,2.9,293.0,0.0,1021.6,DEMO
2026-08-09 17:00:00,HHHT005,二十九中,40.78,111.7,玉泉区,22.0,31.3,15.7,33.8,46.8,0.81,31,21.7,54.6,1.2,122.2,0.0,1005.5,DEMO
2026-08-09 17:00:00,HHHT006,工大金川校区,40.76,111.62,土默特左旗,33.9,48.0,17.2,30.4,59.5,0.94,48,24.9,35.1,2.6,203.7,0.0,1019.4,DEMO
2026-08-09 18:00:00,HHHT001,呼和浩特市环境监测中心站,40.8421,111.749,新城区,24.0,35.9,17.6,30.0,45.0,0.84,34,18.8,57.0,3.1,222.4,0.0,1011.2,DEMO
2026-08-09 18:00:00,HHHT002,如意开发区,40.825,111.8,赛罕区,41.7,52.2,15.9,29.2,55.3,0.88,58,20.7,42.0,3.7,275.0,0.0,1006.3,DEMO
2026-08-09 18:00:00,HHHT003,呼市一监,40.81,111.67,回民区,34.7,46.3,20.3,34.2,69.8,0.87,50,22.6,51.2,2.0,56.4,0.0,1006.6,DEMO
2026-08-09 18:00:00,HHHT004,小召前街,40.805,111.665,回民区,35.4,47.5,17.5,38.0,48.7,0.81,50,21.0,64.5,2.8,34.9,0.0,1010.5,DEMO
2026-08-09 18:00:00,HHHT005,二十九中,40.78,111.7,玉泉区,33.4,43.0,14.3,34.1,62.2,1.01,48,25.4,41.6,2.5,181.9,0.0,1011.9,DEMO
2026-08-09 18:00:00,HHHT006,工大金川校区,40.76,111.62,土默特左旗,9.4,12.5,14.5,25.5,49.5,0.85,13,22.2,34.2,4.4,47.1,0.0,1011.8,DEMO
2026-08-09 19:00:00,HHHT001,呼和浩特市环境监测中心站,40.8421,111.749,新城区,21.2,27.8,13.6,35.0,50.1,0.67,30,22.6,53.1,1.3,128.3,0.0,1013.0,DEMO
2026-08-09 19:00:00,HHHT002,如意开发区,40.825,111.8,赛罕区,36.4,53.3,14.8,33.9,53.1,0.93,52,16.2,34.5,2.5,203.1,0.0,1010.1,DEMO
2026-08-09 19:00:00,HHHT003,呼市一监,40.81,111.67,回民区,33.3,49.8,13.0,26.6,48.2,0.89,48,20.0,34.0,5.4,49.3,0.0,1008.3,DEMO
2026-08-09 19:00:00,HHHT004,小召前街,40.805,111.665,回民区,29.9,44.5,14.4,36.6,47.5,1.0,43,18.8,30.9,2.2,223.5,0.0,1015.7,DEMO
2026-08-09 19:00:00,HHHT005,二十九中,40.78,111.7,玉泉区,38.9,55.0,13.1,38.1,48.8,0.75,55,22.3,79.8,2.4,97.5,0.0,1009.5,DEMO
2026-08-09 19:00:00,HHHT006,工大金川校区,40.76,111.62,土默特左旗,21.4,31.8,10.8,31.9,57.9,0.88,31,23.1,38.4,2.4,132.1,0.0,1021.3,DEMO
2026-08-09 20:00:00,HHHT001,呼和浩特市环境监测中心站,40.8421,111.749,新城区,29.3,42.1,12.2,31.0,43.0,0.84,42,19.6,49.2,2.4,47.3,0.0,1009.8,DEMO
2026-08-09 20:00:00,HHHT002,如意开发区,40.825,111.8,赛罕区,45.6,67.1,10.5,34.4,51.0,0.82,63,18.5,29.1,1.6,241.0,0.0,1015.1,DEMO
2026-08-09 20:00:00,HHHT003,呼市一监,40.81,111.67,回民区,29.3,40.1,18.0,33.6,56.7,0.93,42,22.7,58.0,3.5,197.4,0.0,1008.7,DEMO
2026-08-09 20:00:00,HHHT004,小召前街,40.805,111.665,回民区,34.3,59.6,16.0,36.2,42.0,0.91,49,22.9,40.7,3.9,98.7,0.3,1013.2,DEMO
2026-08-09 20:00:00,HHHT005,二十九中,40.78,111.7,玉泉区,28.7,37.8,14.7,32.2,47.6,0.83,41,18.7,39.0,3.2,221.5,0.0,1013.1,DEMO
2026-08-09 20:00:00,HHHT006,工大金川校区,40.76,111.62,土默特左旗,26.6,36.2,11.3,38.3,42.0,0.79,38,20.8,59.4,5.1,167.4,0.0,1022.4,DEMO
2026-08-09 21:00:00,HHHT001,呼和浩特市环境监测中心站,40.8421,111.749,新城区,24.5,31.2,13.2,31.1,55.7,0.84,35,18.3,27.7,4.9,347.7,0.0,1009.1,DEMO
2026-08-09 21:00:00,HHHT002,如意开发区,40.825,111.8,赛罕区,19.2,25.8,10.8,21.7,41.8,0.69,27,16.0,38.3,2.0,25.0,0.0,1014.1,DEMO
2026-08-09 21:00:00,HHHT003,呼市一监,40.81,111.67,回民区,29.3,38.2,10.0,28.1,41.2,0.89,42,20.9,70.7,3.1,206.8,0.0,1013.2,DEMO
2026-08-09 21:00:00,HHHT004,小召前街,40.805,111.665,回民区,39.3,56.0,17.3,36.4,48.3,1.0,55,22.9,48.6,2.6,265.0,0.0,1007.9,DEMO
2026-08-09 21:00:00,HHHT005,二十九中,40.78,111.7,玉泉区,25.5,36.4,12.5,41.5,51.1,0.67,36,22.2,64.0,2.7,255.0,0.0,1010.8,DEMO
2026-08-09 21:00:00,HHHT006,工大金川校区,40.76,111.62,土默特左旗,19.8,31.9,12.3,23.2,42.6,0.71,28,19.6,37.9,1.7,250.2,3.6,1013.6,DEMO
2026-08-09 22:00:00,HHHT001,呼和浩特市环境监测中心站,40.8421,111.749,新城区,13.6,19.4,13.0,34.1,56.0,0.79,19,21.0,56.4,3.4,122.1,0.0,1013.7,DEMO
2026-08-09 22:00:00,HHHT002,如意开发区,40.825,111.8,赛罕区,43.4,57.5,12.3,32.3,30.1,1.02,61,21.1,34.7,0.9,306.6,0.0,1006.8,DEMO
2026-08-09 22:00:00,HHHT003,呼市一监,40.81,111.67,回民区,32.1,46.1,12.2,31.5,54.6,0.99,46,20.3,40.5,0.7,149.3,0.0,1001.0,DEMO
2026-08-09 22:00:00,HHHT004,小召前街,40.805,111.665,回民区,37.5,59.1,17.3,35.8,62.3,0.97,53,28.1,52.1,2.8,282.3,1.8,1011.4,DEMO
2026-08-09 22:00:00,HHHT005,二十九中,40.78,111.7,玉泉区,27.6,37.0,15.2,42.0,51.2,0.88,39,24.7,46.7,3.6,334.3,0.0,1006.1,DEMO
2026-08-09 22:00:00,HHHT006,工大金川校区,40.76,111.62,土默特左旗,15.7,20.0,16.0,32.9,59.9,0.77,22,16.4,40.5,4.3,115.1,0.0,1002.5,DEMO
2026-08-09 23:00:00,HHHT001,呼和浩特市环境监测中心站,40.8421,111.749,新城区,27.2,35.1,16.5,30.7,38.8,0.81,39,17.2,65.3,4.0,49.6,0.0,1009.8,DEMO
2026-08-09 23:00:00,HHHT002,如意开发区,40.825,111.8,赛罕区,26.2,34.4,14.3,36.3,45.0,0.77,37,17.6,36.6,3.8,291.7,0.0,1011.9,DEMO
2026-08-09 23:00:00,HHHT003,呼市一监,40.81,111.67,回民区,22.8,31.0,18.5,32.7,45.2,0.84,33,26.1,58.5,4.4,170.2,0.0,1016.3,DEMO
2026-08-09 23:00:00,HHHT004,小召前街,40.805,111.665,回民区,22.1,38.6,15.5,32.5,55.4,0.87,32,27.4,48.3,3.7,297.7,3.1,1011.7,DEMO
2026-08-09 23:00:00,HHHT005,二十九中,40.78,111.7,玉泉区,16.4,23.4,9.7,27.2,50.7,0.83,23,23.5,62.2,1.1,347.4,0.0,1008.8,DEMO
2026-08-09 23:00:00,HHHT006,工大金川校区,40.76,111.62,土默特左旗,14.8,22.0,11.7,36.2,44.9,0.75,21,21.3,45.4,3.3,334.7,0.0,1016.8,DEMO
2026-08-10 00:00:00,HHHT001,呼和浩特市环境监测中心站,40.8421,111.749,新城区,12.1,15.8,13.4,29.4,47.0,0.84,17,19.0,48.4,0.8,102.2,0.0,1020.7,DEMO
2026-08-10 00:00:00,HHHT002,如意开发区,40.825,111.8,赛罕区,39.5,50.9,19.2,32.8,52.8,0.85,56,17.0,56.5,4.1,281.5,0.0,1010.4,DEMO
2026-08-10 00:00:00,HHHT003,呼市一监,40.81,111.67,回民区,27.1,38.1,14.1,31.1,49.3,0.77,39,23.1,57.9,2.9,33.9,0.0,1011.6,DEMO
2026-08-10 00:00:00,HHHT004,小召前街,40.805,111.665,回民区,23.6,33.2,9.2,27.3,49.9,0.74,34,16.2,15,4.3,317.3,0.0,1014.6,DEMO
2026-08-10 00:00:00,HHHT005,二十九中,40.78,111.7,玉泉区,15.8,21.0,10.0,22.3,50.8,0.76,23,21.7,37.3,1.5,102.4,0.0,1012.8,DEMO
2026-08-10 00:00:00,HHHT006,工大金川校区,40.76,111.62,土默特左旗,10.0,13.8,9.4,31.1,48.7,0.62,14,19.3,37.0,4.3,252.4,0.0,1013.9,DEMO
2026-08-10 01:00:00,HHHT001,呼和浩特市环境监测中心站,40.8421,111.749,新城区,5.0,7.3,13.5,30.4,53.4,0.59,7,22.5,15,4.3,76.6,0.0,1013.3,DEMO
2026-08-10 01:00:00,HHHT002,如意开发区,40.825,111.8,赛罕区,20.3,35.6,10.7,29.9,47.2,0.89,29,24.7,50.2,1.1,153.7,0.7,1015.6,DEMO
2026-08-10 01:00:00,HHHT003,呼市一监,40.81,111.67,回民区,29.3,37.7,13.0,31.1,64.7,0.71,42,22.5,26.2,2.9,84.0,0.0,1013.9,DEMO
2026-08-10 01:00:00,HHHT004,小召前街,40.805,111.665,回民区,23.9,33.2,17.4,34.8,44.0,0.63,34,18.6,66.7,1.6,334.3,0.0,1013.0,DEMO
2026-08-10 01:00:00,HHHT005,二十九中,40.78,111.7,玉泉区,13.5,19.8,17.5,25.9,49.2,0.62,19,23.0,33.6,3.2,64.9,0.0,1008.0,DEMO
2026-08-10 01:00:00,HHHT006,工大金川校区,40.76,111.62,土默特左旗,16.8,23.9,8.0,22.6,46.8,0.7,24,18.3,33.9,4.7,301.4,0.0,1007.0,DEMO
2026-08-10 02:00:00,HHHT001,呼和浩特市环境监测中心站,40.8421,111.749,新城区,14.6,20.4,15.9,32.3,56.5,0.69,21,21.5,42.7,4.7,283.2,0.0,1012.3,DEMO
2026-08-10 02:00:00,HHHT002,如意开发区,40.825,111.8,赛罕区,19.3,33.0,10.8,27.9,47.2,0.97,28,24.5,65.6,3.1,169.4,1.8,1014.2,DEMO
2026-08-10 02:00:00,HHHT003,呼市一监,40.81,111.67,回民区,23.0,29.4,14.6,32.8,52.1,0.83,33,23.5,46.6,2.2,261.2,0.0,1010.0,DEMO
2026-08-10 02:00:00,HHHT004,小召前街,40.805,111.665,回民区,27.7,36.9,11.1,33.9,55.4,0.69,40,24.8,49.7,2.9,132.9,0.0,1017.3,DEMO
2026-08-10 02:00:00,HHHT005,二十九中,40.78,111.7,玉泉区,15.8,21.3,13.5,31.7,45.1,0.75,23,22.2,26.2,1.6,39.0,0.0,1009.6,DEMO
2026-08-10 02:00:00,HHHT006,工大金川校区,40.76,111.62,土默特左旗,10.1,14.0,13.1,26.2,47.1,0.65,14,21.0,76.5,2.9,173.2,0.0,1012.9,DEMO
2026-08-10 03:00:00,HHHT001,呼和浩特市环境监测中心站,40.8421,111.749,新城区,17.4,24.1,15.9,20.8,52.6,0.74,25,21.5,67.2,2.9,349.9,0.0,1013.6,DEMO
2026-08-10 03:00:00,HHHT002,如意开发区,40.825,111.8,赛罕区,17.3,25.3,10.8,31.4,58.0,0.65,25,18.0,46.5,5.9,36.4,0.0,1008.1,DEMO
2026-08-10 03:00:00,HHHT003,呼市一监,40.81,111.67,回民区,19.2,24.6,15.9,35.0,51.1,0.86,27,24.9,42.8,1.6,285.6,0.0,1015.4,DEMO
2026-08-10 03:00:00,HHHT004,小召前街,40.805,111.665,回民区,20.7,31.9,15.9,26.2,51.3,0.66,30,22.1,54.7,2.5,292.7,2.8,1013.4,DEMO
2026-08-10 03:00:00,HHHT005,二十九中,40.78,111.7,玉泉区,22.5,30.5,10.3,37.5,53.1,0.66,32,19.4,61.4,3.1,91.1,0.0,1011.0,DEMO
2026-08-10 03:00:00,HHHT006,工大金川校区,40.76,111.62,土默特左旗,5.8,8.4,13.6,24.7,47.7,0.72,8,20.7,29.9,4.2,103.0,0.0,1018.1,DEMO
2026-08-10 04:00:00,HHHT001,呼和浩特市环境监测中心站,40.8421,111.749,新城区,5.0,6.3,18.9,26.6,52.2,0.67,7,22.7,37.4,4.0,84.3,0.0,1009.9,DEMO
2026-08-10 04:00:00,HHHT002,如意开发区,40.825,111.8,赛罕区,30.7,43.8,14.0,43.2,56.4,0.89,44,20.8,47.9,1.8,224.9,0.0,1008.4,DEMO
2026-08-10 04:00:00,HHHT003,呼市一监,40.81,111.67,回民区,12.1,17.2,12.2,28.1,55.6,0.72,17,18.7,37.7,3.3,228.3,0.0,1009.4,DEMO
2026-08-10 04:00:00,HHHT004,小召前街,40.805,111.665,回民区,23.9,34.0,11.0,17.6,50.9,0.69,34,17.9,39.2,3.2,290.7,0.0,1010.4,DEMO
2026-08-10 04:00:00,HHHT005,二十九中,40.78,111.7,玉泉区,17.5,26.3,17.4,29.5,45.5,0.76,25,20.8,58.2,3.0,180.1,0.0,1014.1,DEMO
2026-08-10 04:00:00,HHHT006,工大金川校区,40.76,111.62,土默特左旗,5.0,6.4,11.6,28.9,53.6,0.62,7,24.0,51.7,2.2,126.8,0.0,1001.0,DEMO
2026-08-10 05:00:00,HHHT001,呼和浩特市环境监测中心站,40.8421,111.749,新城区,11.7,14.9,13.3,20.7,44.2,0.62,17,25.9,39.7,3.9,85.8,0.0,1012.0,DEMO
2026-08-10 05:00:00,HHHT002,如意开发区,40.825,111.8,赛罕区,24.6,36.5,13.9,39.4,41.1,0.81,35,19.3,50.3,2.8,50.8,0.0,1006.4,DEMO
2026-08-10 05:00:00,HHHT003,呼市一监,40.81,111.67,回民区,21.2,26.8,17.9,39.0,46.1,0.8,30,27.4,37.7,3.2,241.3,0.0,1017.5,DEMO
2026-08-10 05:00:00,HHHT004,小召前街,40.805,111.665,回民区,29.3,38.4,9.9,37.1,44.6,0.93,42,26.1,58.6,2.6,16.8,0.0,1012.3,DEMO
2026-08-10 05:00:00,HHHT005,二十九中,40.78,111.7,玉泉区,9.9,16.0,14.3,28.2,62.2,0.77,14,20.0,65.3,2.5,309.5,3.2,1013.8,DEMO
2026-08-10 05:00:00,HHHT006,工大金川校区,40.76,111.62,土默特左旗,15.0,19.7,13.1,24.9,50.5,0.68,21,21.5,58.7,3.1,11.6,0.0,1016.0,DEMO
2026-08-10 06:00:00,HHHT001,呼和浩特市环境监测中心站,40.8421,111.749,新城区,11.5,15.3,15.0,27.1,64.2,0.7,16,20.3,47.0,5.5,300.7,0.0,1016.5,DEMO
2026-08-10 06:00:00,HHHT002,如意开发区,40.825,111.8,赛罕区,28.7,42.4,14.0,35.5,44.4,0.75,41,22.7,37.5,3.8,235.9,0.0,1006.6,DEMO
2026-08-10 06:00:00,HHHT003,呼市一监,40.81,111.67,回民区,20.4,27.6,15.8,33.9,53.1,0.73,29,21.0,62.8,4.5,122.9,0.0,1014.8,DEMO
2026-08-10 06:00:00,HHHT004,小召前街,40.805,111.665,回民区,30.3,40.4,13.4,20.3,46.0,0.96,43,21.3,41.2,2.3,86.5,0.0,1023.1,DEMO
2026-08-10 06:00:00,HHHT005,二十九中,40.78,111.7,玉泉区,23.1,32.3,12.3,31.6,57.4,0.8,33,23.9,44.9,3.2,202.3,0.0,1016.8,DEMO
2026-08-10 06:00:00,HHHT006,工大金川校区,40.76,111.62,土默特左旗,5.9,8.7,16.8,30.2,55.9,0.52,8,27.7,42.9,2.6,77.0,0.0,1016.9,DEMO
2026-08-10 07:00:00,HHHT001,呼和浩特市环境监测中心站,40.8421,111.749,新城区,17.1,29.8,11.5,48.3,64.7,0.62,24,17.9,53.1,3.9,69.0,0.7,1018.3,DEMO
2026-08-10 07:00:00,HHHT002,如意开发区,40.825,111.8,赛罕区,26.7,35.0,17.3,24.0,55.0,0.86,38,15.3,55.2,2.2,138.0,0.0,1016.6,DEMO
2026-08-10 07:00:00,HHHT003,呼市一监,40.81,111.67,回民区,39.7,59.2,12.6,36.5,58.1,0.97,56,17.8,64.5,3.5,310.5,0.0,1016.4,DEMO
2026-08-10 07:00:00,HHHT004,小召前街,40.805,111.665,回民区,38.4,51.1,10.7,33.8,59.2,0.88,54,18.6,36.8,1.9,204.3,0.0,1007.4,DEMO
2026-08-10 07:00:00,HHHT005,二十九中,40.78,111.7,玉泉区,32.6,42.4,11.3,36.2,45.3,1.06,47,22.5,55.8,2.2,278.2,0.0,1015.6,DEMO
2026-08-10 07:00:00,HHHT006,工大金川校区,40.76,111.62,土默特左旗,15.3,21.4,8.7,31.9,55.6,0.62,22,19.4,50.0,3.5,29.6,0.0,1014.0,DEMO
2026-08-10 08:00:00,HHHT001,呼和浩特市环境监测中心站,40.8421,111.749,新城区,19.2,27.1,13.9,29.6,58.0,0.65,27,24.0,50.3,4.2,35.4,0.0,1014.0,DEMO
2026-08-10 08:00:00,HHHT002,如意开发区,40.825,111.8,赛罕区,18.2,24.3,11.1,33.9,66.7,0.71,26,22.6,47.9,3.4,19.3,0.0,1009.1,DEMO
2026-08-10 08:00:00,HHHT003,呼市一监,40.81,111.67,回民区,39.6,49.6,19.3,31.1,51.9,0.82,56,15.4,46.5,2.8,209.9,0.0,1006.9,DEMO
2026-08-10 08:00:00,HHHT004,小召前街,40.805,111.665,回民区,31.4,41.0,13.6,36.8,42.2,0.68,45,23.8,45.9,0.9,320.1,0.0,1011.3,DEMO
2026-08-10 08:00:00,HHHT005,二十九中,40.78,111.7,玉泉区,15.3,22.0,10.8,29.2,43.4,0.76,22,23.8,43.2,3.7,59.6,0.0,1010.1,DEMO
2026-08-10 08:00:00,HHHT006,工大金川校区,40.76,111.62,土默特左旗,16.1,21.9,11.6,26.5,45.6,0.75,23,23.4,47.6,5.3,108.4,0.0,1007.1,DEMO
2026-08-10 09:00:00,HHHT001,呼和浩特市环境监测中心站,40.8421,111.749,新城区,24.6,32.8,10.3,27.0,39.5,0.67,35,28.1,63.8,0.4,192.4,0.0,1013.1,DEMO
2026-08-10 09:00:00,HHHT002,如意开发区,40.825,111.8,赛罕区,37.3,55.0,15.0,31.3,52.6,0.87,53,19.0,53.3,3.1,195.9,0.0,1011.7,DEMO
2026-08-10 09:00:00,HHHT003,呼市一监,40.81,111.67,回民区,30.5,39.9,12.6,31.5,60.4,0.89,44,21.4,57.0,3.4,96.5,0.0,1014.6,DEMO
2026-08-10 09:00:00,HHHT004,小召前街,40.805,111.665,回民区,30.8,45.9,14.6,32.9,48.1,0.88,44,20.9,57.0,4.1,230.9,0.0,1016.1,DEMO
2026-08-10 09:00:00,HHHT005,二十九中,40.78,111.7,玉泉区,14.3,20.3,13.1,30.0,55.1,0.74,20,20.1,34.1,1.5,47.7,0.0,1013.7,DEMO
2026-08-10 09:00:00,HHHT006,工大金川校区,40.76,111.62,土默特左旗,10.7,14.2,15.0,25.8,47.7,0.64,15,17.6,36.7,4.2,320.7,0.0,1006.0,DEMO
2026-08-10 10:00:00,HHHT001,呼和浩特市环境监测中心站,40.8421,111.749,新城区,17.6,25.2,14.6,20.0,57.1,0.86,25,28.4,46.5,2.4,313.4,0.0,1014.8,DEMO
2026-08-10 10:00:00,HHHT002,如意开发区,40.825,111.8,赛罕区,24.7,35.2,12.9,42.5,46.5,0.49,35,20.3,63.7,2.8,18.3,0.0,1012.5,DEMO
2026-08-10 10:00:00,HHHT003,呼市一监,40.81,111.67,回民区,26.7,36.4,16.9,31.9,48.8,0.82,38,19.3,48.2,3.3,308.5,0.0,1012.0,DEMO
2026-08-10 10:00:00,HHHT004,小召前街,40.805,111.665,回民区,24.3,36.0,10.9,31.8,63.8,0.76,35,23.5,37.4,3.8,147.2,0.0,1012.1,DEMO
2026-08-10 10:00:00,HHHT005,二十九中,40.78,111.7,玉泉区,23.3,30.2,13.3,33.8,49.5,0.91,33,16.8,56.7,2.8,323.9,0.0,1018.0,DEMO
2026-08-10 10:00:00,HHHT006,工大金川校区,40.76,111.62,土默特左旗,17.0,24.1,13.8,31.8,65.0,0.83,24,22.2,55.6,3.8,357.9,0.0,1005.7,DEMO
2026-08-10 11:00:00,HHHT001,呼和浩特市环境监测中心站,40.8421,111.749,新城区,21.0,26.2,8.0,32.3,67.5,0.73,30,22.9,45.3,2.4,356.1,0.0,1015.5,DEMO
2026-08-10 11:00:00,HHHT002,如意开发区,40.825,111.8,赛罕区,29.6,43.5,15.1,29.4,45.0,0.87,42,21.0,54.1,2.5,58.8,0.0,1014.1,DEMO
2026-08-10 11:00:00,HHHT003,呼市一监,40.81,111.67,回民区,20.6,28.6,12.5,33.4,62.2,0.86,29,23.9,49.7,4.5,180.1,0.0,1009.2,DEMO
2026-08-10 11:00:00,HHHT004,小召前街,40.805,111.665,回民区,33.2,44.6,15.6,26.3,61.3,0.82,47,23.7,48.8,2.5,96.7,0.0,1017.1,DEMO
2026-08-10 11:00:00,HHHT005,二十九中,40.78,111.7,玉泉区,5.0,7.4,7.3,17.3,58.4,0.5,7,20.5,49.7,2.5,308.7,0.0,1010.8,DEMO
2026-08-10 11:00:00,HHHT006,工大金川校区,40.76,111.62,土默特左旗,7.1,9.5,9.3,24.5,55.5,0.55,10,24.1,38.6,4.1,311.5,0.0,1015.9,DEMO
2026-08-10 12:00:00,HHHT001,呼和浩特市环境监测中心站,40.8421,111.749,新城区,20.6,27.3,8.0,30.4,58.5,0.74,29,17.7,27.6,3.0,73.6,0.0,1011.3,DEMO
2026-08-10 12:00:00,HHHT002,如意开发区,40.825,111.8,赛罕区,29.5,42.3,12.3,25.4,65.1,0.73,42,16.1,53.8,5.6,11.9,0.0,1006.7,DEMO
2026-08-10 12:00:00,HHHT003,呼市一监,40.81,111.67,回民区,21.2,28.3,16.8,31.5,70.3,0.69,30,22.9,69.7,2.3,258.9,0.0,1009.6,DEMO
2026-08-10 12:00:00,HHHT004,小召前街,40.805,111.665,回民区,21.4,31.4,14.8,31.4,62.7,0.73,31,21.7,53.9,2.3,93.0,0.0,1010.3,DEMO
2026-08-10 12:00:00,HHHT005,二十九中,40.78,111.7,玉泉区,10.7,13.6,10.0,28.9,60.6,0.61,15,21.1,53.9,2.0,241.4,0.0,1012.0,DEMO
2026-08-10 12:00:00,HHHT006,工大金川校区,40.76,111.62,土默特左旗,17.1,25.6,11.4,28.6,63.8,0.63,24,22.2,39.2,2.5,13.7,0.0,1013.7,DEMO
2026-08-10 13:00:00,HHHT001,呼和浩特市环境监测中心站,40.8421,111.749,新城区,20.7,30.3,6.3,31.7,56.7,0.73,30,22.4,58.3,1.2,163.3,0.0,1011.8,DEMO
2026-08-10 13:00:00,HHHT002,如意开发区,40.825,111.8,赛罕区,32.9,45.0,14.7,34.1,63.3,0.98,47,23.5,59.2,1.7,196.9,0.0,1012.4,DEMO
2026-08-10 13:00:00,HHHT003,呼市一监,40.81,111.67,回民区,36.9,50.7,10.7,29.3,56.7,0.91,52,21.5,59.4,1.6,109.9,0.0,1008.1,DEMO
2026-08-10 13:00:00,HHHT004,小召前街,40.805,111.665,回民区,35.3,48.7,9.2,29.1,59.6,0.83,50,26.1,51.4,2.0,324.8,0.0,1006.5,DEMO
2026-08-10 13:00:00,HHHT005,二十九中,40.78,111.7,玉泉区,20.3,28.8,8.9,28.7,59.9,0.87,29,18.1,53.2,3.4,62.6,0.0,1011.9,DEMO
2026-08-10 13:00:00,HHHT006,工大金川校区,40.76,111.62,土默特左旗,20.3,30.1,9.8,23.9,66.9,0.86,29,22.6,45.0,3.2,252.3,0.0,1009.2,DEMO
2026-08-10 14:00:00,HHHT001,呼和浩特市环境监测中心站,40.8421,111.749,新城区,18.4,26.0,14.6,27.6,46.9,0.86,26,29.4,36.3,2.3,279.6,0.0,1016.8,DEMO
2026-08-10 14:00:00,HHHT002,如意开发区,40.825,111.8,赛罕区,26.1,41.5,10.4,21.1,81.3,0.85,37,21.9,53.0,2.6,209.0,2.8,1011.8,DEMO
2026-08-10 14:00:00,HHHT003,呼市一监,40.81,111.67,回民区,18.7,26.7,14.7,31.8,69.1,0.71,27,24.6,52.1,1.5,105.8,0.0,1012.5,DEMO
2026-08-10 14:00:00,HHHT004,小召前街,40.805,111.665,回民区,32.1,45.2,9.3,29.9,47.8,0.9,46,24.5,38.3,3.0,159.6,0.0,1014.9,DEMO
2026-08-10 14:00:00,HHHT005,二十九中,40.78,111.7,玉泉区,15.8,20.2,14.7,38.1,71.7,0.73,23,22.6,28.5,4.5,82.6,0.0,1016.0,DEMO
2026-08-10 14:00:00,HHHT006,工大金川校区,40.76,111.62,土默特左旗,16.4,22.4,11.2,18.9,68.3,0.59,23,22.5,25.0,0.3,34.1,0.0,1018.1,DEMO
2026-08-10 15:00:00,HHHT001,呼和浩特市环境监测中心站,40.8421,111.749,新城区,24.5,32.8,14.4,30.6,48.1,0.84,35,22.7,44.0,2.4,216.7,0.0,1013.7,DEMO
2026-08-10 15:00:00,HHHT002,如意开发区,40.825,111.8,赛罕区,24.1,32.3,10.0,22.9,52.2,0.69,34,20.3,39.8,3.7,15.0,0.0,1012.6,DEMO
2026-08-10 15:00:00,HHHT003,呼市一监,40.81,111.67,回民区,34.8,43.9,11.2,34.8,48.6,0.93,50,22.3,59.1,2.3,194.0,0.0,1010.7,DEMO
2026-08-10 15:00:00,HHHT004,小召前街,40.805,111.665,回民区,28.6,42.2,13.2,31.5,52.9,0.85,41,27.9,35.7,5.5,265.9,0.0,1014.1,DEMO
2026-08-10 15:00:00,HHHT005,二十九中,40.78,111.7,玉泉区,24.6,32.6,9.9,28.8,63.5,0.75,35,25.9,61.8,1.9,166.7,0.0,1016.4,DEMO
2026-08-10 15:00:00,HHHT006,工大金川校区,40.76,111.62,土默特左旗,18.1,24.6,12.5,28.9,56.2,0.94,26,21.3,65.9,3.6,179.3,0.0,1008.3,DEMO
2026-08-10 16:00:00,HHHT001,呼和浩特市环境监测中心站,40.8421,111.749,新城区,15.9,20.4,11.8,22.5,71.4,0.81,23,21.1,51.2,4.5,216.2,0.0,1018.2,DEMO
2026-08-10 16:00:00,HHHT002,如意开发区,40.825,111.8,赛罕区,21.9,29.5,10.7,23.3,52.4,0.89,31,21.0,37.6,2.3,61.6,0.0,1006.3,DEMO
2026-08-10 16:00:00,HHHT003,呼市一监,40.81,111.67,回民区,26.4,37.9,15.2,35.5,71.8,0.61,38,15.0,45.4,3.3,232.8,0.0,1013.4,DEMO
2026-08-10 16:00:00,HHHT004,小召前街,40.805,111.665,回民区,30.2,42.9,14.6,36.8,50.1,0.78,43,20.8,19.9,4.9,253.8,0.0,1010.3,DEMO
2026-08-10 16:00:00,HHHT005,二十九中,40.78,111.7,玉泉区,16.9,23.3,14.0,24.0,68.2,0.85,24,20.0,67.8,3.3,191.2,0.0,1010.4,DEMO
2026-08-10 16:00:00,HHHT006,工大金川校区,40.76,111.62,土默特左旗,5.0,6.8,13.9,28.6,54.2,0.61,7,26.7,45.0,3.9,219.9,0.0,1008.3,DEMO
2026-08-10 17:00:00,HHHT001,呼和浩特市环境监测中心站,40.8421,111.749,新城区,24.7,35.3,15.2,41.2,56.0,0.9,35,16.6,44.6,2.3,305.5,0.0,1017.8,DEMO
2026-08-10 17:00:00,HHHT002,如意开发区,40.825,111.8,赛罕区,31.9,47.8,13.7,39.2,43.2,0.78,46,19.6,46.7,4.4,90.2,0.0,1011.4,DEMO
2026-08-10 17:00:00,HHHT003,呼市一监,40.81,111.67,回民区,34.5,48.2,8.2,36.5,48.6,0.77,49,25.7,61.4,1.9,144.8,0.0,1016.0,DEMO
2026-08-10 17:00:00,HHHT004,小召前街,40.805,111.665,回民区,43.8,54.9,13.6,26.4,39.4,0.82,61,22.0,55.2,3.3,42.1,0.0,1001.2,DEMO
2026-08-10 17:00:00,HHHT005,二十九中,40.78,111.7,玉泉区,16.5,24.6,13.7,31.2,64.5,0.71,24,21.4,51.1,4.2,225.4,0.0,1017.5,DEMO
2026-08-10 17:00:00,HHHT006,工大金川校区,40.76,111.62,土默特左旗,17.2,25.6,11.2,31.1,46.6,0.67,25,17.4,48.3,4.0,20.0,0.0,1005.3,DEMO
2026-08-10 18:00:00,HHHT001,呼和浩特市环境监测中心站,40.8421,111.749,新城区,28.5,38.3,14.3,33.8,39.7,0.84,41,26.3,44.5,1.7,206.1,0.0,1017.2,DEMO
2026-08-10 18:00:00,HHHT002,如意开发区,40.825,111.8,赛罕区,28.8,46.5,11.7,30.1,44.2,0.83,41,22.5,67.3,2.6,306.3,3.6,1011.2,DEMO
2026-08-10 18:00:00,HHHT003,呼市一监,40.81,111.67,回民区,35.2,48.7,10.5,35.5,40.2,0.87,50,22.5,63.0,4.9,311.1,0.0,1012.5,DEMO
2026-08-10 18:00:00,HHHT004,小召前街,40.805,111.665,回民区,33.8,43.8,8.6,39.2,46.1,0.91,48,23.7,42.2,5.4,118.0,0.0,1013.5,DEMO
2026-08-10 18:00:00,HHHT005,二十九中,40.78,111.7,玉泉区,13.6,22.0,15.6,26.3,36.0,0.84,19,23.8,79.0,2.3,1.8,1.3,1016.6,DEMO
2026-08-10 18:00:00,HHHT006,工大金川校区,40.76,111.62,土默特左旗,16.4,22.6,15.6,26.9,52.4,0.66,23,17.9,35.4,2.5,35.1,0.0,1011.3,DEMO
2026-08-10 19:00:00,HHHT001,呼和浩特市环境监测中心站,40.8421,111.749,新城区,23.1,34.4,11.9,28.7,49.6,0.83,33,27.4,39.9,3.8,137.4,0.0,1014.7,DEMO
2026-08-10 19:00:00,HHHT002,如意开发区,40.825,111.8,赛罕区,34.9,47.3,12.5,35.1,41.5,1.03,50,24.0,40.9,3.9,270.8,0.0,1014.8,DEMO
2026-08-10 19:00:00,HHHT003,呼市一监,40.81,111.67,回民区,27.9,46.0,14.5,30.4,59.6,0.86,40,17.4,35.4,4.0,79.6,2.5,1013.8,DEMO
2026-08-10 19:00:00,HHHT004,小召前街,40.805,111.665,回民区,38.2,51.0,13.0,30.1,66.4,0.91,54,20.2,46.7,2.4,48.8,0.0,1012.6,DEMO
2026-08-10 19:00:00,HHHT005,二十九中,40.78,111.7,玉泉区,24.8,35.5,18.5,28.5,42.2,0.81,35,21.2,53.6,3.4,298.7,0.0,1015.4,DEMO
2026-08-10 19:00:00,HHHT006,工大金川校区,40.76,111.62,土默特左旗,13.1,17.5,12.2,28.3,32.5,0.57,19,24.8,41.6,3.8,271.7,0.0,1010.9,DEMO
2026-08-10 20:00:00,HHHT001,呼和浩特市环境监测中心站,40.8421,111.749,新城区,23.4,30.0,16.5,25.6,64.4,0.84,33,21.9,39.9,3.2,219.1,0.0,1011.2,DEMO
2026-08-10 20:00:00,HHHT002,如意开发区,40.825,111.8,赛罕区,28.4,39.1,12.9,31.5,59.9,1.02,41,27.3,39.9,2.8,129.9,0.0,1009.0,DEMO
2026-08-10 20:00:00,HHHT003,呼市一监,40.81,111.67,回民区,33.9,50.8,16.3,41.1,54.7,0.9,48,23.4,39.5,0.5,354.8,3.0,1007.6,DEMO
2026-08-10 20:00:00,HHHT004,小召前街,40.805,111.665,回民区,34.5,47.2,3.2,32.7,48.2,0.99,49,17.1,44.8,4.1,281.9,0.0,1008.0,DEMO
2026-08-10 20:00:00,HHHT005,二十九中,40.78,111.7,玉泉区,35.2,50.6,18.7,33.6,65.0,0.83,50,17.4,43.6,1.8,298.7,0.0,1006.6,DEMO
2026-08-10 20:00:00,HHHT006,工大金川校区,40.76,111.62,土默特左旗,17.4,22.7,18.0,26.5,59.9,0.49,25,24.7,42.4,4.9,236.5,0.0,1011.2,DEMO
2026-08-10 21:00:00,HHHT001,呼和浩特市环境监测中心站,40.8421,111.749,新城区,14.1,19.6,11.2,30.4,51.3,0.79,20,20.8,53.9,3.6,78.3,0.0,1011.6,DEMO
2026-08-10 21:00:00,HHHT002,如意开发区,40.825,111.8,赛罕区,18.4,23.2,8.9,23.5,55.3,0.65,26,18.5,72.7,2.2,138.3,0.0,1012.3,DEMO
2026-08-10 21:00:00,HHHT003,呼市一监,40.81,111.67,回民区,23.8,31.9,15.3,36.3,60.4,0.85,34,20.8,52.8,3.1,96.0,0.0,1015.3,DEMO
2026-08-10 21:00:00,HHHT004,小召前街,40.805,111.665,回民区,35.1,47.6,16.0,35.8,64.1,0.96,50,20.0,40.7,2.4,118.3,0.0,1014.7,DEMO
2026-08-10 21:00:00,HHHT005,二十九中,40.78,111.7,玉泉区,16.3,21.2,13.6,31.0,42.6,0.83,23,26.7,30.9,4.2,252.5,0.0,1013.4,DEMO
2026-08-10 21:00:00,HHHT006,工大金川校区,40.76,111.62,土默特左旗,15.6,22.6,12.2,33.3,46.2,0.74,22,18.7,38.1,2.7,72.5,0.0,1003.8,DEMO
2026-08-10 22:00:00,HHHT001,呼和浩特市环境监测中心站,40.8421,111.749,新城区,19.5,24.5,15.9,34.2,53.3,0.68,28,22.9,51.0,2.1,265.5,0.0,1006.0,DEMO
2026-08-10 22:00:00,HHHT002,如意开发区,40.825,111.8,赛罕区,40.0,52.4,16.1,34.7,58.0,0.92,56,16.9,52.2,1.9,17.9,0.0,1018.8,DEMO
2026-08-10 22:00:00,HHHT003,呼市一监,40.81,111.67,回民区,24.4,35.4,9.8,29.9,62.6,1.08,35,26.5,52.9,5.3,87.6,0.0,1010.1,DEMO
2026-08-10 22:00:00,HHHT004,小召前街,40.805,111.665,回民区,27.0,37.9,14.2,29.8,53.2,0.74,39,24.9,55.9,6.5,143.3,0.0,1013.9,DEMO
2026-08-10 22:00:00,HHHT005,二十九中,40.78,111.7,玉泉区,16.7,22.1,15.3,30.0,48.1,0.82,24,21.7,29.1,4.3,98.8,0.0,1013.1,DEMO
2026-08-10 22:00:00,HHHT006,工大金川校区,40.76,111.62,土默特左旗,12.7,16.2,15.5,31.8,71.3,0.65,18,15.5,37.7,3.2,104.9,0.0,1014.6,DEMO
2026-08-10 23:00:00,HHHT001,呼和浩特市环境监测中心站,40.8421,111.749,新城区,5.0,6.7,8.6,29.9,46.4,0.74,7,26.3,35.8,2.6,47.0,0.0,1005.8,DEMO
2026-08-10 23:00:00,HHHT002,如意开发区,40.825,111.8,赛罕区,34.5,48.8,15.4,27.5,62.5,0.91,49,16.3,41.7,2.9,143.4,0.0,1011.3,DEMO
2026-08-10 23:00:00,HHHT003,呼市一监,40.81,111.67,回民区,21.4,27.0,16.6,33.5,52.2,0.98,31,26.6,52.4,0.3,2.2,0.0,1021.1,DEMO
2026-08-10 23:00:00,HHHT004,小召前街,40.805,111.665,回民区,21.2,28.7,16.3,30.2,48.5,0.9,30,23.0,52.8,1.3,106.4,0.0,1012.7,DEMO
2026-08-10 23:00:00,HHHT005,二十九中,40.78,111.7,玉泉区,27.6,39.7,16.1,26.1,66.3,0.63,39,17.6,52.3,3.4,0.6,0.0,1012.0,DEMO
2026-08-10 23:00:00,HHHT006,工大金川校区,40.76,111.62,土默特左旗,6.3,8.2,10.3,31.6,38.7,0.68,9,22.7,51.1,2.5,289.0,0.0,1007.7,DEMO
2026-08-11 00:00:00,HHHT001,呼和浩特市环境监测中心站,40.8421,111.749,新城区,16.4,21.1,13.4,34.0,57.4,0.74,23,18.3,42.4,4.0,284.6,0.0,1014.9,DEMO
2026-08-11 00:00:00,HHHT002,如意开发区,40.825,111.8,赛罕区,25.6,32.1,10.9,26.3,60.8,0.78,37,23.7,40.0,2.4,217.7,0.0,1013.2,DEMO
2026-08-11 00:00:00,HHHT003,呼市一监,40.81,111.67,回民区,24.7,31.2,8.1,35.5,56.0,1.05,35,20.3,38.8,1.8,32.4,0.0,1016.9,DEMO
2026-08-11 00:00:00,HHHT004,小召前街,40.805,111.665,回民区,30.4,40.9,10.1,37.7,38.1,0.76,43,25.9,26.9,3.3,139.4,0.0,1008.2,DEMO
2026-08-11 00:00:00,HHHT005,二十九中,40.78,111.7,玉泉区,20.8,26.8,17.8,32.0,40.8,0.92,30,17.3,53.8,4.7,30.4,0.0,1013.1,DEMO
2026-08-11 00:00:00,HHHT006,工大金川校区,40.76,111.62,土默特左旗,14.6,21.6,13.8,23.4,57.2,0.63,21,21.4,59.3,3.7,188.3,0.4,1015.4,DEMO
2026-08-11 01:00:00,HHHT001,呼和浩特市环境监测中心站,40.8421,111.749,新城区,31.1,44.6,9.7,35.1,50.1,0.86,44,24.2,59.4,1.2,15.7,0.0,1012.5,DEMO
2026-08-11 01:00:00,HHHT002,如意开发区,40.825,111.8,赛罕区,19.1,24.0,20.3,36.4,48.5,0.88,27,24.6,51.5,3.1,274.7,0.0,1016.0,DEMO
2026-08-11 01:00:00,HHHT003,呼市一监,40.81,111.67,回民区,27.8,35.8,14.9,30.7,63.2,0.87,40,20.7,35.2,4.3,77.0,0.0,1017.3,DEMO
2026-08-11 01:00:00,HHHT004,小召前街,40.805,111.665,回民区,39.6,58.5,17.1,31.6,51.5,1.0,56,22.9,61.9,2.4,16.4,0.0,1016.7,DEMO
2026-08-11 01:00:00,HHHT005,二十九中,40.78,111.7,玉泉区,12.4,16.0,13.5,31.6,60.7,0.67,18,20.7,48.6,4.9,51.2,0.0,1018.7,DEMO
2026-08-11 01:00:00,HHHT006,工大金川校区,40.76,111.62,土默特左旗,23.0,32.1,12.4,37.0,48.1,0.74,33,23.6,36.9,4.4,225.4,0.0,1009.1,DEMO
2026-08-11 02:00:00,HHHT001,呼和浩特市环境监测中心站,40.8421,111.749,新城区,23.9,34.7,12.0,31.1,70.7,0.79,34,16.1,32.2,4.7,140.6,0.0,1010.0,DEMO
2026-08-11 02:00:00,HHHT002,如意开发区,40.825,111.8,赛罕区,18.9,26.3,15.3,31.1,51.1,1.02,27,20.9,25.8,2.7,158.6,0.0,1019.0,DEMO
2026-08-11 02:00:00,HHHT003,呼市一监,40.81,111.67,回民区,18.6,26.9,17.6,26.3,49.4,0.69,27,19.1,42.2,4.3,231.7,0.0,1007.1,DEMO
2026-08-11 02:00:00,HHHT004,小召前街,40.805,111.665,回民区,23.3,38.2,11.6,29.6,39.3,0.8,33,19.3,36.5,3.5,66.2,4.0,1009.2,DEMO
2026-08-11 02:00:00,HHHT005,二十九中,40.78,111.7,玉泉区,5.0,6.7,7.3,34.6,57.2,0.56,7,21.5,49.1,2.2,48.7,0.0,1018.5,DEMO
2026-08-11 02:00:00,HHHT006,工大金川校区,40.76,111.62,土默特左旗,5.0,7.5,11.4,29.7,46.9,0.9,7,23.5,67.9,3.4,352.5,0.0,1013.7,DEMO
2026-08-11 03:00:00,HHHT001,呼和浩特市环境监测中心站,40.8421,111.749,新城区,12.0,15.1,13.5,28.5,62.7,0.76,17,16.8,58.6,2.8,267.7,0.0,1013.5,DEMO
2026-08-11 03:00:00,HHHT002,如意开发区,40.825,111.8,赛罕区,26.3,35.1,14.2,36.9,39.7,0.8,38,21.1,28.5,3.0,31.6,0.0,1014.3,DEMO
2026-08-11 03:00:00,HHHT003,呼市一监,40.81,111.67,回民区,21.3,30.2,10.4,35.7,61.0,0.57,30,22.4,69.3,1.7,96.4,0.0,1010.9,DEMO
2026-08-11 03:00:00,HHHT004,小召前街,40.805,111.665,回民区,21.2,27.6,11.5,30.8,48.6,0.84,30,23.5,44.2,4.5,3.0,0.0,1018.1,DEMO
2026-08-11 03:00:00,HHHT005,二十九中,40.78,111.7,玉泉区,20.0,29.1,17.7,35.6,49.4,0.71,29,26.0,39.9,1.9,24.8,0.0,1016.8,DEMO
2026-08-11 03:00:00,HHHT006,工大金川校区,40.76,111.62,土默特左旗,11.1,18.3,12.8,29.5,46.6,0.57,16,20.9,47.8,4.2,91.6,1.1,1010.2,DEMO
2026-08-11 04:00:00,HHHT001,呼和浩特市环境监测中心站,40.8421,111.749,新城区,6.1,8.2,12.2,29.5,50.2,0.71,9,21.1,46.4,2.7,261.2,0.0,1014.3,DEMO
2026-08-11 04:00:00,HHHT002,如意开发区,40.825,111.8,赛罕区,32.7,46.9,18.0,35.8,59.7,0.94,47,24.5,44.6,4.8,231.1,0.0,1016.3,DEMO
2026-08-11 04:00:00,HHHT003,呼市一监,40.81,111.67,回民区,24.2,35.6,15.9,38.3,63.0,0.67,35,24.7,54.7,2.2,26.9,0.0,1012.3,DEMO
2026-08-11 04:00:00,HHHT004,小召前街,40.805,111.665,回民区,23.7,31.7,13.8,22.2,45.1,0.66,34,18.0,44.9,1.1,20.6,0.0,1018.1,DEMO
2026-08-11 04:00:00,HHHT005,二十九中,40.78,111.7,玉泉区,18.1,23.0,16.4,34.8,38.4,0.75,26,26.0,50.7,2.0,68.8,0.0,1015.5,DEMO
2026-08-11 04:00:00,HHHT006,工大金川校区,40.76,111.62,土默特左旗,5.0,7.4,13.5,31.2,59.9,0.61,7,24.2,40.4,3.4,17.9,0.0,1013.3,DEMO
2026-08-11 05:00:00,HHHT001,呼和浩特市环境监测中心站,40.8421,111.749,新城区,12.9,18.2,13.8,31.6,51.4,0.69,18,28.1,45.1,4.6,330.2,0.0,1005.6,DEMO
2026-08-11 05:00:00,HHHT002,如意开发区,40.825,111.8,赛罕区,30.1,40.5,12.0,22.3,42.7,0.82,43,26.1,55.7,3.7,243.4,0.0,1020.1,DEMO
2026-08-11 05:00:00,HHHT003,呼市一监,40.81,111.67,回民区,12.9,19.0,10.8,32.8,57.6,0.81,18,27.6,46.9,1.6,207.7,1.6,1010.3,DEMO
2026-08-11 05:00:00,HHHT004,小召前街,40.805,111.665,回民区,27.9,39.9,19.3,32.6,42.7,0.83,40,20.8,27.1,1.4,174.2,0.0,1009.3,DEMO
2026-08-11 05:00:00,HHHT005,二十九中,40.78,111.7,玉泉区,24.2,31.9,13.6,34.5,40.9,0.82,35,18.7,42.9,3.0,216.9,0.0,1017.3,DEMO
2026-08-11 05:00:00,HHHT006,工大金川校区,40.76,111.62,土默特左旗,10.8,13.7,17.5,32.0,39.1,0.65,15,18.9,41.4,4.3,130.1,0.0,1009.1,DEMO
2026-08-11 06:00:00,HHHT001,呼和浩特市环境监测中心站,40.8421,111.749,新城区,23.3,34.2,12.5,24.1,51.3,0.97,33,26.5,41.2,3.6,271.1,0.0,1015.0,DEMO
2026-08-11 06:00:00,HHHT002,如意开发区,40.825,111.8,赛罕区,24.6,34.9,15.7,34.4,62.5,0.7,35,19.0,56.5,3.6,23.6,0.0,1016.9,DEMO
2026-08-11 06:00:00,HHHT003,呼市一监,40.81,111.67,回民区,27.4,38.5,21.2,25.6,63.9,0.76,39,24.1,62.9,1.4,205.1,0.0,1011.1,DEMO
2026-08-11 06:00:00,HHHT004,小召前街,40.805,111.665,回民区,34.9,47.1,13.5,41.9,50.7,0.7,50,28.0,67.0,4.3,221.8,0.0,1014.3,DEMO
2026-08-11 06:00:00,HHHT005,二十九中,40.78,111.7,玉泉区,24.4,33.1,12.7,28.8,46.8,0.86,35,30.2,53.5,2.9,85.2,0.0,1017.2,DEMO
2026-08-11 06:00:00,HHHT006,工大金川校区,40.76,111.62,土默特左旗,12.4,18.1,11.3,26.3,42.5,0.6,18,24.8,44.0,3.3,295.3,0.0,1013.1,DEMO
2026-08-11 07:00:00,HHHT001,呼和浩特市环境监测中心站,40.8421,111.749,新城区,13.0,17.7,16.3,32.9,45.9,0.68,19,23.2,51.7,2.9,102.0,0.0,1010.4,DEMO
2026-08-11 07:00:00,HHHT002,如意开发区,40.825,111.8,赛罕区,27.2,39.5,16.8,19.3,58.8,0.74,39,28.1,28.4,1.0,290.6,0.0,1009.3,DEMO
2026-08-11 07:00:00,HHHT003,呼市一监,40.81,111.67,回民区,33.6,42.3,16.7,31.7,52.5,0.98,48,23.4,32.8,2.7,84.8,0.0,1013.5,DEMO
2026-08-11 07:00:00,HHHT004,小召前街,40.805,111.665,回民区,43.5,62.0,14.2,39.3,48.8,0.9,61,17.3,43.1,5.4,16.7,0.0,1014.0,DEMO
2026-08-11 07:00:00,HHHT005,二十九中,40.78,111.7,玉泉区,26.1,34.2,11.5,36.1,56.5,0.81,37,19.0,50.6,5.3,296.0,0.0,1015.0,DEMO
2026-08-11 07:00:00,HHHT006,工大金川校区,40.76,111.62,土默特左旗,9.0,13.4,14.0,29.2,64.7,0.76,13,24.2,71.8,1.7,146.4,0.0,1005.7,DEMO
2026-08-11 08:00:00,HHHT001,呼和浩特市环境监测中心站,40.8421,111.749,新城区,12.3,17.0,13.1,27.7,56.5,0.59,18,27.8,58.0,0.7,225.8,0.0,1013.6,DEMO
2026-08-11 08:00:00,HHHT002,如意开发区,40.825,111.8,赛罕区,21.9,27.8,9.2,30.2,56.7,0.76,31,23.9,61.9,3.0,351.4,0.0,1011.5,DEMO
2026-08-11 08:00:00,HHHT003,呼市一监,40.81,111.67,回民区,36.3,49.5,11.7,30.3,51.7,1.1,52,20.4,47.6,3.4,320.8,0.0,1009.1,DEMO
2026-08-11 08:00:00,HHHT004,小召前街,40.805,111.665,回民区,36.2,53.6,10.8,30.0,42.5,0.85,51,20.7,27.8,3.3,274.5,0.0,1011.1,DEMO
2026-08-11 08:00:00,HHHT005,二十九中,40.78,111.7,玉泉区,26.3,42.5,17.9,26.5,44.1,0.92,38,21.2,51.7,3.5,327.4,0.4,1013.5,DEMO
2026-08-11 08:00:00,HHHT006,工大金川校区,40.76,111.62,土默特左旗,15.8,24.0,14.8,25.8,53.1,0.62,23,26.6,53.8,2.4,97.7,3.9,1009.8,DEMO
2026-08-11 09:00:00,HHHT001,呼和浩特市环境监测中心站,40.8421,111.749,新城区,14.9,21.4,11.9,33.2,54.9,0.72,21,21.5,39.4,3.3,41.3,0.0,1016.6,DEMO
2026-08-11 09:00:00,HHHT002,如意开发区,40.825,111.8,赛罕区,43.0,63.8,13.8,42.4,59.0,1.03,60,22.9,58.9,3.0,126.0,0.0,1010.9,DEMO
2026-08-11 09:00:00,HHHT003,呼市一监,40.81,111.67,回民区,30.9,40.2,17.6,36.2,56.2,0.79,44,21.8,35.4,1.5,152.2,0.0,1006.1,DEMO
2026-08-11 09:00:00,HHHT004,小召前街,40.805,111.665,回民区,32.0,43.4,13.5,33.6,36.4,0.76,46,15.8,18.9,3.7,264.2,0.0,1008.2,DEMO
2026-08-11 09:00:00,HHHT005,二十九中,40.78,111.7,玉泉区,21.2,26.7,12.8,24.5,48.4,0.95,30,22.7,53.4,4.3,90.8,0.0,1015.6,DEMO
2026-08-11 09:00:00,HHHT006,工大金川校区,40.76,111.62,土默特左旗,17.9,22.7,11.3,26.1,46.4,0.75,26,22.7,56.0,3.6,103.9,0.0,1010.0,DEMO
2026-08-11 10:00:00,HHHT001,呼和浩特市环境监测中心站,40.8421,111.749,新城区,14.6,20.2,15.4,25.1,49.6,0.71,21,15.8,53.4,4.4,309.6,0.0,1005.5,DEMO
2026-08-11 10:00:00,HHHT002,如意开发区,40.825,111.8,赛罕区,19.9,26.5,12.1,35.0,57.4,0.8,28,17.6,58.1,5.4,171.6,0.0,1007.6,DEMO
2026-08-11 10:00:00,HHHT003,呼市一监,40.81,111.67,回民区,28.4,39.5,17.6,30.7,66.3,0.59,41,24.6,41.8,3.5,185.0,0.0,1010.4,DEMO
2026-08-11 10:00:00,HHHT004,小召前街,40.805,111.665,回民区,43.0,54.5,18.6,36.2,57.9,0.93,60,26.2,32.1,4.9,204.1,0.0,1008.8,DEMO
2026-08-11 10:00:00,HHHT005,二十九中,40.78,111.7,玉泉区,16.9,24.0,14.5,21.2,57.0,0.72,24,20.1,37.2,2.8,97.2,0.0,1011.3,DEMO
2026-08-11 10:00:00,HHHT006,工大金川校区,40.76,111.62,土默特左旗,12.8,17.3,13.6,36.8,58.0,0.78,18,20.0,46.4,3.8,96.2,0.0,1009.8,DEMO
2026-08-11 11:00:00,HHHT001,呼和浩特市环境监测中心站,40.8421,111.749,新城区,28.8,36.8,13.1,34.2,54.3,0.95,41,27.2,46.0,2.0,49.6,0.0,1011.7,DEMO
2026-08-11 11:00:00,HHHT002,如意开发区,40.825,111.8,赛罕区,31.4,46.2,16.6,26.3,57.5,0.8,45,25.2,49.0,2.3,228.0,0.0,1012.7,DEMO
2026-08-11 11:00:00,HHHT003,呼市一监,40.81,111.67,回民区,17.1,22.3,15.4,30.2,69.8,0.8,24,26.4,37.9,0.4,114.1,0.0,1008.5,DEMO
2026-08-11 11:00:00,HHHT004,小召前街,40.805,111.665,回民区,23.5,30.6,14.0,31.8,55.5,0.84,34,22.5,62.0,5.9,250.0,0.0,1013.7,DEMO
2026-08-11 11:00:00,HHHT005,二十九中,40.78,111.7,玉泉区,28.1,36.3,13.2,21.1,61.1,0.92,40,25.1,42.3,1.4,0.8,0.0,1015.2,DEMO
2026-08-11 11:00:00,HHHT006,工大金川校区,40.76,111.62,土默特左旗,8.4,12.4,11.4,32.9,58.4,0.79,12,23.3,54.6,3.6,61.9,0.0,1007.4,DEMO
2026-08-11 12:00:00,HHHT001,呼和浩特市环境监测中心站,40.8421,111.749,新城区,18.3,24.1,12.4,32.6,56.6,0.77,26,19.2,39.5,3.4,98.1,0.0,1010.7,DEMO
2026-08-11 12:00:00,HHHT002,如意开发区,40.825,111.8,赛罕区,27.6,36.6,10.1,26.9,65.8,0.71,39,21.6,57.2,4.4,265.2,0.0,1011.1,DEMO
2026-08-11 12:00:00,HHHT003,呼市一监,40.81,111.67,回民区,16.6,20.8,13.9,30.3,65.6,0.77,24,23.0,47.1,0.7,76.5,0.0,1011.1,DEMO
2026-08-11 12:00:00,HHHT004,小召前街,40.805,111.665,回民区,25.9,37.5,11.9,35.3,65.3,0.67,37,21.8,22.5,2.8,241.2,0.0,1008.3,DEMO
2026-08-11 12:00:00,HHHT005,二十九中,40.78,111.7,玉泉区,19.7,25.7,14.0,30.2,67.2,0.96,28,28.1,37.7,1.8,200.3,0.0,1016.5,DEMO
2026-08-11 12:00:00,HHHT006,工大金川校区,40.76,111.62,土默特左旗,14.3,20.9,6.1,33.6,49.5,0.61,20,26.0,54.6,3.6,139.4,0.0,1009.7,DEMO
2026-08-11 13:00:00,HHHT001,呼和浩特市环境监测中心站,40.8421,111.749,新城区,21.0,29.0,14.5,32.5,66.1,0.82,30,21.7,69.4,1.7,356.3,0.0,1005.8,DEMO
2026-08-11 13:00:00,HHHT002,如意开发区,40.825,111.8,赛罕区,30.6,41.0,12.0,33.2,43.0,0.88,44,21.7,61.3,2.9,234.5,0.0,1004.2,DEMO
2026-08-11 13:00:00,HHHT003,呼市一监,40.81,111.67,回民区,32.7,48.8,10.2,37.4,65.0,0.95,47,21.4,47.3,4.1,169.4,0.0,1011.4,DEMO
2026-08-11 13:00:00,HHHT004,小召前街,40.805,111.665,回民区,15.6,23.3,16.0,28.3,52.7,0.81,22,26.1,38.4,3.1,249.7,0.0,1009.4,DEMO
2026-08-11 13:00:00,HHHT005,二十九中,40.78,111.7,玉泉区,20.9,28.3,12.9,35.4,69.9,0.8,30,20.1,55.8,4.9,243.8,0.0,1008.8,DEMO
2026-08-11 13:00:00,HHHT006,工大金川校区,40.76,111.62,土默特左旗,9.6,13.2,11.2,42.3,53.6,0.83,14,20.1,41.5,5.3,339.2,0.0,1020.4,DEMO
2026-08-11 14:00:00,HHHT001,呼和浩特市环境监测中心站,40.8421,111.749,新城区,16.1,20.3,16.7,29.0,67.5,0.76,23,21.5,46.9,4.1,90.5,0.0,1011.9,DEMO
2026-08-11 14:00:00,HHHT002,如意开发区,40.825,111.8,赛罕区,27.6,39.8,14.1,26.4,62.5,0.78,39,24.8,55.1,2.4,230.7,0.0,1025.2,DEMO
2026-08-11 14:00:00,HHHT003,呼市一监,40.81,111.67,回民区,29.4,42.8,11.1,29.0,63.0,0.83,42,22.5,36.3,3.4,243.0,0.0,1010.9,DEMO
2026-08-11 14:00:00,HHHT004,小召前街,40.805,111.665,回民区,36.6,47.6,16.3,29.9,66.3,0.88,52,18.0,38.4,2.4,286.2,0.0,1013.6,DEMO
2026-08-11 14:00:00,HHHT005,二十九中,40.78,111.7,玉泉区,16.2,20.8,13.7,26.4,72.7,0.67,23,19.7,55.4,2.8,227.7,0.0,1008.2,DEMO
2026-08-11 14:00:00,HHHT006,工大金川校区,40.76,111.62,土默特左旗,16.5,23.7,10.9,29.1,56.5,0.74,24,25.0,49.0,4.7,295.6,0.0,1016.8,DEMO
2026-08-11 15:00:00,HHHT001,呼和浩特市环境监测中心站,40.8421,111.749,新城区,11.2,17.8,12.9,39.0,67.7,0.63,16,19.0,46.5,2.8,120.1,0.3,1014.8,DEMO
2026-08-11 15:00:00,HHHT002,如意开发区,40.825,111.8,赛罕区,20.1,25.5,12.7,31.5,48.6,0.76,29,19.3,52.3,3.9,71.9,0.0,1010.7,DEMO
2026-08-11 15:00:00,HHHT003,呼市一监,40.81,111.67,回民区,25.3,37.0,15.7,30.4,60.9,0.8,36,26.4,50.0,1.6,40.0,0.0,1011.2,DEMO
2026-08-11 15:00:00,HHHT004,小召前街,40.805,111.665,回民区,29.0,39.7,15.1,34.3,52.0,0.88,41,23.7,43.6,2.5,53.8,0.0,1012.7,DEMO
2026-08-11 15:00:00,HHHT005,二十九中,40.78,111.7,玉泉区,26.7,37.9,10.1,36.4,49.4,0.87,38,20.4,25.8,0.9,141.5,0.0,1014.4,DEMO
2026-08-11 15:00:00,HHHT006,工大金川校区,40.76,111.62,土默特左旗,5.8,8.2,15.7,29.5,59.9,0.6,8,19.5,30.4,3.2,138.6,0.0,1008.5,DEMO
2026-08-11 16:00:00,HHHT001,呼和浩特市环境监测中心站,40.8421,111.749,新城区,12.3,17.1,12.8,34.1,51.2,0.53,18,22.6,59.0,3.8,346.6,0.0,1020.4,DEMO
2026-08-11 16:00:00,HHHT002,如意开发区,40.825,111.8,赛罕区,31.2,41.8,15.8,46.6,51.8,0.76,45,20.6,51.3,1.0,42.6,0.0,1017.1,DEMO
2026-08-11 16:00:00,HHHT003,呼市一监,40.81,111.67,回民区,22.6,32.3,10.8,32.3,60.8,0.7,32,19.3,44.7,2.1,175.5,0.0,1017.0,DEMO
2026-08-11 16:00:00,HHHT004,小召前街,40.805,111.665,回民区,27.4,39.6,11.8,26.8,59.0,0.71,39,15.9,50.3,1.3,282.3,0.0,1020.9,DEMO
2026-08-11 16:00:00,HHHT005,二十九中,40.78,111.7,玉泉区,20.2,25.8,17.3,40.2,47.2,0.79,29,20.6,50.8,3.3,165.2,0.0,1014.3,DEMO
2026-08-11 16:00:00,HHHT006,工大金川校区,40.76,111.62,土默特左旗,4.2,6.8,16.0,23.5,66.7,0.79,6,25.9,41.0,3.9,318.4,3.1,1017.1,DEMO
2026-08-11 17:00:00,HHHT001,呼和浩特市环境监测中心站,40.8421,111.749,新城区,31.7,42.6,13.3,39.3,53.1,0.93,45,26.2,39.5,0.6,58.4,0.0,1011.4,DEMO
2026-08-11 17:00:00,HHHT002,如意开发区,40.825,111.8,赛罕区,38.3,53.8,12.9,39.9,45.7,0.98,54,23.4,28.0,3.7,166.9,0.0,1004.1,DEMO
2026-08-11 17:00:00,HHHT003,呼市一监,40.81,111.67,回民区,30.1,44.5,10.8,28.9,56.5,0.73,43,26.5,55.1,2.8,241.1,0.0,1008.7,DEMO
2026-08-11 17:00:00,HHHT004,小召前街,40.805,111.665,回民区,45.0,57.1,18.9,36.9,56.2,0.95,63,19.4,52.0,3.0,276.5,0.0,1013.9,DEMO
2026-08-11 17:00:00,HHHT005,二十九中,40.78,111.7,玉泉区,22.3,34.5,12.2,31.4,66.4,0.62,32,19.5,72.4,3.8,260.0,2.3,1017.6,DEMO
2026-08-11 17:00:00,HHHT006,工大金川校区,40.76,111.62,土默特左旗,9.3,12.7,14.5,27.1,50.8,0.76,13,21.5,48.2,2.9,220.4,0.0,1012.7,DEMO
2026-08-11 18:00:00,HHHT001,呼和浩特市环境监测中心站,40.8421,111.749,新城区,24.6,36.5,8.0,26.4,52.3,0.84,35,20.6,28.3,2.4,275.6,0.0,1017.1,DEMO
2026-08-11 18:00:00,HHHT002,如意开发区,40.825,111.8,赛罕区,24.7,40.8,16.8,30.3,56.4,0.91,35,25.9,54.8,6.3,202.7,0.2,1011.0,DEMO
2026-08-11 18:00:00,HHHT003,呼市一监,40.81,111.67,回民区,28.6,42.7,13.6,34.0,53.7,0.65,41,27.5,39.6,1.9,305.7,0.0,1015.9,DEMO
2026-08-11 18:00:00,HHHT004,小召前街,40.805,111.665,回民区,31.4,42.6,12.1,25.0,53.2,0.65,45,22.5,46.2,2.6,192.4,0.0,1015.2,DEMO
2026-08-11 18:00:00,HHHT005,二十九中,40.78,111.7,玉泉区,30.6,42.7,18.5,33.8,62.2,0.73,44,22.8,55.6,4.1,339.1,0.0,1012.7,DEMO
2026-08-11 18:00:00,HHHT006,工大金川校区,40.76,111.62,土默特左旗,20.3,25.6,10.4,33.3,62.0,0.77,29,23.3,42.2,3.3,272.3,0.0,1015.3,DEMO
2026-08-11 19:00:00,HHHT001,呼和浩特市环境监测中心站,40.8421,111.749,新城区,26.1,35.8,10.5,31.5,56.7,0.77,37,25.8,47.1,3.3,105.4,0.0,1018.5,DEMO
2026-08-11 19:00:00,HHHT002,如意开发区,40.825,111.8,赛罕区,30.6,42.1,19.6,40.3,57.0,0.81,44,21.5,35.4,2.1,93.3,0.0,1006.6,DEMO
2026-08-11 19:00:00,HHHT003,呼市一监,40.81,111.67,回民区,43.0,56.0,18.1,28.1,63.7,1.16,60,26.9,50.9,5.2,81.1,0.0,1009.4,DEMO
2026-08-11 19:00:00,HHHT004,小召前街,40.805,111.665,回民区,33.0,48.1,15.7,37.8,54.3,0.77,47,21.5,47.7,2.6,198.5,0.0,1009.0,DEMO
2026-08-11 19:00:00,HHHT005,二十九中,40.78,111.7,玉泉区,32.3,40.7,17.1,30.7,50.1,0.88,46,24.9,52.7,3.1,46.7,0.0,1019.1,DEMO
2026-08-11 19:00:00,HHHT006,工大金川校区,40.76,111.62,土默特左旗,10.1,17.3,9.7,25.2,57.0,0.67,14,22.1,31.0,3.8,239.7,0.5,1005.5,DEMO
2026-08-11 20:00:00,HHHT001,呼和浩特市环境监测中心站,40.8421,111.749,新城区,22.7,31.0,11.4,25.6,47.5,0.77,32,16.5,64.7,1.3,47.5,0.0,1011.8,DEMO
2026-08-11 20:00:00,HHHT002,如意开发区,40.825,111.8,赛罕区,20.7,27.2,10.4,30.5,50.6,0.66,30,23.2,48.7,5.2,257.3,0.0,1015.4,DEMO
2026-08-11 20:00:00,HHHT003,呼市一监,40.81,111.67,回民区,34.6,48.1,15.8,31.5,54.7,0.98,49,21.0,43.0,0.7,212.9,0.0,1001.8,DEMO
2026-08-11 20:00:00,HHHT004,小召前街,40.805,111.665,回民区,41.6,54.9,12.1,38.5,45.6,0.99,58,28.6,41.4,3.2,159.4,0.0,1013.0,DEMO
2026-08-11 20:00:00,HHHT005,二十九中,40.78,111.7,玉泉区,30.5,42.8,14.0,34.9,63.1,0.88,44,20.8,42.8,2.5,338.2,0.0,1011.0,DEMO
2026-08-11 20:00:00,HHHT006,工大金川校区,40.76,111.62,土默特左旗,19.5,27.7,14.7,34.8,46.8,0.73,28,21.9,53.6,4.9,127.9,0.0,1006.7,DEMO
2026-08-11 21:00:00,HHHT001,呼和浩特市环境监测中心站,40.8421,111.749,新城区,11.0,14.8,9.8,31.9,43.4,0.53,16,24.7,46.8,3.7,120.6,0.0,1008.7,DEMO
2026-08-11 21:00:00,HHHT002,如意开发区,40.825,111.8,赛罕区,31.5,52.2,14.3,36.0,52.6,1.1,45,14.1,57.5,1.4,310.9,2.5,1008.3,DEMO
2026-08-11 21:00:00,HHHT003,呼市一监,40.81,111.67,回民区,15.3,20.5,18.3,32.4,65.8,0.76,22,21.8,30.4,3.0,67.8,0.0,1013.6,DEMO
2026-08-11 21:00:00,HHHT004,小召前街,40.805,111.665,回民区,27.0,44.0,9.3,32.6,57.6,0.92,39,18.1,44.2,3.7,248.8,1.9,1008.0,DEMO
2026-08-11 21:00:00,HHHT005,二十九中,40.78,111.7,玉泉区,17.3,22.7,18.0,31.0,47.2,0.82,25,19.9,51.5,3.5,343.8,0.0,1014.2,DEMO
2026-08-11 21:00:00,HHHT006,工大金川校区,40.76,111.62,土默特左旗,16.7,24.7,10.5,35.3,44.0,0.63,24,19.9,38.6,4.0,37.6,0.0,1013.3,DEMO
2026-08-11 22:00:00,HHHT001,呼和浩特市环境监测中心站,40.8421,111.749,新城区,23.0,32.1,14.9,34.0,50.6,0.87,33,19.0,48.9,4.1,207.4,0.0,1001.9,DEMO
2026-08-11 22:00:00,HHHT002,如意开发区,40.825,111.8,赛罕区,35.9,45.0,15.5,27.4,55.0,0.67,51,27.0,32.6,1.5,65.5,0.0,1008.9,DEMO
2026-08-11 22:00:00,HHHT003,呼市一监,40.81,111.67,回民区,32.0,41.0,8.6,40.3,57.3,0.8,46,13.5,34.2,3.2,82.9,0.0,1006.1,DEMO
2026-08-11 22:00:00,HHHT004,小召前街,40.805,111.665,回民区,28.4,42.6,18.1,28.5,55.3,0.76,41,18.5,31.9,5.0,221.9,0.0,1015.5,DEMO
2026-08-11 22:00:00,HHHT005,二十九中,40.78,111.7,玉泉区,24.3,31.4,6.6,32.8,55.2,0.78,35,22.2,40.6,2.2,313.8,0.0,1008.8,DEMO
2026-08-11 22:00:00,HHHT006,工大金川校区,40.76,111.62,土默特左旗,10.5,15.7,14.6,29.2,57.6,0.61,15,18.0,54.7,2.3,308.7,0.0,1016.3,DEMO
2026-08-11 23:00:00,HHHT001,呼和浩特市环境监测中心站,40.8421,111.749,新城区,21.3,27.5,17.4,36.9,50.1,0.47,30,24.4,42.1,2.0,221.6,0.0,1006.8,DEMO
2026-08-11 23:00:00,HHHT002,如意开发区,40.825,111.8,赛罕区,26.8,36.4,15.2,34.7,47.4,1.07,38,23.8,52.9,3.8,352.8,0.0,1006.1,DEMO
2026-08-11 23:00:00,HHHT003,呼市一监,40.81,111.67,回民区,24.1,34.7,14.3,42.2,61.8,0.76,34,27.5,53.1,2.5,49.3,0.0,1019.6,DEMO
2026-08-11 23:00:00,HHHT004,小召前街,40.805,111.665,回民区,32.2,44.5,14.8,29.3,45.3,0.98,46,17.6,75.0,3.7,220.0,0.0,1016.0,DEMO
2026-08-11 23:00:00,HHHT005,二十九中,40.78,111.7,玉泉区,17.5,25.0,14.7,34.1,65.4,0.82,25,14.9,71.3,3.5,179.4,0.0,1009.8,DEMO
2026-08-11 23:00:00,HHHT006,工大金川校区,40.76,111.62,土默特左旗,20.1,26.7,15.8,23.3,48.7,0.92,29,22.8,36.1,2.1,42.9,0.0,1009.1,DEMO
2026-08-12 00:00:00,HHHT001,呼和浩特市环境监测中心站,40.8421,111.749,新城区,17.5,21.9,15.1,33.8,64.1,0.69,25,22.9,63.0,1.1,264.1,0.0,1016.3,DEMO
2026-08-12 00:00:00,HHHT002,如意开发区,40.825,111.8,赛罕区,43.0,62.9,14.1,25.8,49.2,1.06,60,27.2,56.3,2.6,84.1,0.0,1014.1,DEMO
2026-08-12 00:00:00,HHHT003,呼市一监,40.81,111.67,回民区,27.9,39.3,13.8,24.9,54.5,0.9,40,24.7,35.6,3.4,326.8,0.0,1010.8,DEMO
2026-08-12 00:00:00,HHHT004,小召前街,40.805,111.665,回民区,44.7,57.1,17.9,35.0,40.5,0.9,62,20.7,55.6,1.9,298.5,0.0,1022.3,DEMO
2026-08-12 00:00:00,HHHT005,二十九中,40.78,111.7,玉泉区,33.0,47.0,8.7,30.5,36.7,0.88,47,23.3,45.2,3.8,184.7,0.0,1009.5,DEMO
2026-08-12 00:00:00,HHHT006,工大金川校区,40.76,111.62,土默特左旗,22.3,32.2,12.9,29.6,59.3,0.69,32,22.2,45.6,0.5,68.5,0.0,1014.7,DEMO
2026-08-12 01:00:00,HHHT001,呼和浩特市环境监测中心站,40.8421,111.749,新城区,22.9,30.4,15.2,25.9,55.0,0.84,33,26.7,35.0,5.0,118.7,0.0,1017.2,DEMO
2026-08-12 01:00:00,HHHT002,如意开发区,40.825,111.8,赛罕区,31.3,39.9,11.7,23.8,34.3,0.86,45,21.1,46.0,2.7,206.7,0.0,1007.0,DEMO
2026-08-12 01:00:00,HHHT003,呼市一监,40.81,111.67,回民区,29.4,43.1,18.8,33.6,57.5,0.79,42,25.1,55.6,3.6,53.0,0.0,1011.0,DEMO
2026-08-12 01:00:00,HHHT004,小召前街,40.805,111.665,回民区,23.8,32.7,14.6,34.6,57.8,0.81,34,24.4,50.5,5.9,158.1,0.0,1018.8,DEMO
2026-08-12 01:00:00,HHHT005,二十九中,40.78,111.7,玉泉区,35.5,50.9,15.0,33.1,62.2,0.96,51,20.7,44.3,4.3,18.9,0.0,1011.4,DEMO
2026-08-12 01:00:00,HHHT006,工大金川校区,40.76,111.62,土默特左旗,17.4,26.7,11.0,22.2,48.3,0.71,25,21.5,42.4,2.5,173.0,1.2,1016.3,DEMO
2026-08-12 02:00:00,HHHT001,呼和浩特市环境监测中心站,40.8421,111.749,新城区,18.7,23.8,12.1,37.1,35.4,0.77,27,22.4,36.7,4.9,178.9,0.0,1012.0,DEMO
2026-08-12 02:00:00,HHHT002,如意开发区,40.825,111.8,赛罕区,30.6,40.0,16.5,31.9,50.1,0.86,44,20.6,54.6,2.0,251.4,0.0,1015.8,DEMO
2026-08-12 02:00:00,HHHT003,呼市一监,40.81,111.67,回民区,22.1,28.5,10.5,35.1,52.4,0.83,32,21.8,52.1,5.0,244.0,0.0,1005.7,DEMO
2026-08-12 02:00:00,HHHT004,小召前街,40.805,111.665,回民区,29.8,46.8,15.3,37.6,56.5,0.79,43,22.0,68.2,3.1,331.8,2.8,1010.4,DEMO
2026-08-12 02:00:00,HHHT005,二十九中,40.78,111.7,玉泉区,25.6,34.0,9.8,30.3,67.8,0.56,37,26.0,40.3,1.6,215.2,0.0,1016.9,DEMO
2026-08-12 02:00:00,HHHT006,工大金川校区,40.76,111.62,土默特左旗,21.2,28.8,13.9,28.2,52.1,0.72,30,22.0,39.6,3.1,275.4,0.0,1013.1,DEMO
2026-08-12 03:00:00,HHHT001,呼和浩特市环境监测中心站,40.8421,111.749,新城区,19.5,26.4,19.5,27.8,48.3,0.65,28,23.5,38.4,1.6,50.9,0.0,1008.0,DEMO
2026-08-12 03:00:00,HHHT002,如意开发区,40.825,111.8,赛罕区,35.8,49.4,13.8,28.2,59.6,1.1,51,18.4,46.7,2.1,326.9,0.0,1008.4,DEMO
2026-08-12 03:00:00,HHHT003,呼市一监,40.81,111.67,回民区,32.3,43.8,14.5,33.9,58.0,0.85,46,21.6,48.4,4.0,159.2,0.0,1010.3,DEMO
2026-08-12 03:00:00,HHHT004,小召前街,40.805,111.665,回民区,26.5,36.8,14.0,35.8,63.0,0.88,38,23.5,52.2,4.3,12.5,0.0,1010.6,DEMO
2026-08-12 03:00:00,HHHT005,二十九中,40.78,111.7,玉泉区,19.1,25.1,11.8,23.8,56.8,0.78,27,19.9,37.9,2.6,116.8,0.0,1011.4,DEMO
2026-08-12 03:00:00,HHHT006,工大金川校区,40.76,111.62,土默特左旗,20.1,29.0,11.0,26.6,49.1,0.83,29,22.3,31.3,3.6,270.4,0.0,1004.4,DEMO
2026-08-12 04:00:00,HHHT001,呼和浩特市环境监测中心站,40.8421,111.749,新城区,24.7,35.8,14.7,33.5,57.0,0.73,35,21.9,52.2,4.9,158.3,0.0,1016.5,DEMO
2026-08-12 04:00:00,HHHT002,如意开发区,40.825,111.8,赛罕区,31.8,44.2,11.5,32.8,56.7,0.77,45,20.5,38.4,2.4,211.0,0.0,1012.6,DEMO
2026-08-12 04:00:00,HHHT003,呼市一监,40.81,111.67,回民区,36.1,52.6,8.2,31.1,42.0,0.85,51,20.0,75.7,1.3,196.7,0.0,1010.0,DEMO
2026-08-12 04:00:00,HHHT004,小召前街,40.805,111.665,回民区,26.5,37.5,13.0,36.2,46.3,0.48,38,19.8,49.3,2.8,197.7,0.0,1006.8,DEMO
2026-08-12 04:00:00,HHHT005,二十九中,40.78,111.7,玉泉区,27.8,38.4,13.5,36.5,58.0,0.88,40,22.2,60.2,4.8,92.1,0.0,1016.8,DEMO
2026-08-12 04:00:00,HHHT006,工大金川校区,40.76,111.62,土默特左旗,11.6,15.3,6.9,31.8,38.5,0.78,17,26.5,59.5,3.0,99.0,0.0,1004.9,DEMO
2026-08-12 05:00:00,HHHT001,呼和浩特市环境监测中心站,40.8421,111.749,新城区,14.8,21.3,12.0,30.7,69.9,0.76,21,23.0,22.1,2.1,47.4,0.0,1011.3,DEMO
2026-08-12 05:00:00,HHHT002,如意开发区,40.825,111.8,赛罕区,17.4,22.0,15.9,33.1,58.7,0.8,25,26.0,57.6,1.1,26.0,0.0,1011.7,DEMO
2026-08-12 05:00:00,HHHT003,呼市一监,40.81,111.67,回民区,33.6,49.6,9.9,22.8,32.1,0.84,48,26.3,40.0,0.9,63.4,0.0,1015.1,DEMO
2026-08-12 05:00:00,HHHT004,小召前街,40.805,111.665,回民区,25.9,35.2,13.0,29.8,57.1,0.75,37,21.8,34.5,3.7,1.6,0.0,1011.9,DEMO
2026-08-12 05:00:00,HHHT005,二十九中,40.78,111.7,玉泉区,28.3,39.4,9.8,30.1,47.7,0.84,40,24.2,40.8,3.0,292.8,0.0,1011.7,DEMO
2026-08-12 05:00:00,HHHT006,工大金川校区,40.76,111.62,土默特左旗,11.7,15.7,16.8,26.4,59.9,0.7,17,22.5,41.6,5.2,64.5,0.0,1019.6,DEMO
2026-08-12 06:00:00,HHHT001,呼和浩特市环境监测中心站,40.8421,111.749,新城区,27.6,39.4,14.9,33.3,49.4,0.89,39,22.7,49.9,4.9,106.2,0.0,1013.9,DEMO
2026-08-12 06:00:00,HHHT002,如意开发区,40.825,111.8,赛罕区,26.8,42.1,11.5,33.1,44.4,0.72,38,18.1,38.6,2.6,158.8,3.4,1006.5,DEMO
2026-08-12 06:00:00,HHHT003,呼市一监,40.81,111.67,回民区,28.0,40.7,11.4,33.2,48.7,0.71,40,19.4,44.0,2.8,318.4,0.0,1012.5,DEMO
2026-08-12 06:00:00,HHHT004,小召前街,40.805,111.665,回民区,35.5,50.2,14.4,33.8,54.8,0.8,51,23.5,61.3,2.8,271.8,0.0,1010.0,DEMO
2026-08-12 06:00:00,HHHT005,二十九中,40.78,111.7,玉泉区,37.1,46.5,15.1,29.6,48.3,0.86,53,17.6,31.3,3.2,147.0,0.0,1010.4,DEMO
2026-08-12 06:00:00,HHHT006,工大金川校区,40.76,111.62,土默特左旗,26.3,35.8,8.7,33.7,60.8,0.81,38,18.2,50.1,5.2,344.3,0.0,1015.9,DEMO
2026-08-12 07:00:00,HHHT001,呼和浩特市环境监测中心站,40.8421,111.749,新城区,24.5,36.1,13.1,26.4,55.1,0.55,35,18.5,61.6,6.1,332.0,0.0,1016.7,DEMO
2026-08-12 07:00:00,HHHT002,如意开发区,40.825,111.8,赛罕区,40.7,60.7,14.1,32.9,45.9,0.8,57,23.9,27.9,5.1,131.3,0.0,1020.8,DEMO
2026-08-12 07:00:00,HHHT003,呼市一监,40.81,111.67,回民区,38.5,48.1,18.9,40.0,49.3,0.95,54,22.5,41.1,0.7,128.1,0.0,1012.5,DEMO
2026-08-12 07:00:00,HHHT004,小召前街,40.805,111.665,回民区,45.9,61.3,9.8,38.9,51.7,0.9,64,19.6,27.4,1.8,359.3,0.0,1003.6,DEMO
2026-08-12 07:00:00,HHHT005,二十九中,40.78,111.7,玉泉区,30.6,44.1,17.4,38.4,63.2,0.73,44,22.9,52.6,1.0,105.8,0.0,1008.4,DEMO
2026-08-12 07:00:00,HHHT006,工大金川校区,40.76,111.62,土默特左旗,28.1,39.5,13.7,30.4,44.0,0.73,40,20.2,48.7,1.0,10.6,0.0,1018.3,DEMO
2026-08-12 08:00:00,HHHT001,呼和浩特市环境监测中心站,40.8421,111.749,新城区,36.8,48.0,14.9,29.3,45.8,0.81,52,23.5,53.0,2.0,12.5,0.0,1006.4,DEMO
2026-08-12 08:00:00,HHHT002,如意开发区,40.825,111.8,赛罕区,46.7,68.1,13.1,41.5,50.1,0.96,65,24.3,45.5,3.9,309.3,0.0,1010.3,DEMO
2026-08-12 08:00:00,HHHT003,呼市一监,40.81,111.67,回民区,42.6,58.2,14.8,21.8,38.7,1.04,60,20.7,37.9,2.8,257.3,0.0,1011.7,DEMO
2026-08-12 08:00:00,HHHT004,小召前街,40.805,111.665,回民区,51.9,69.2,11.8,39.8,47.1,1.08,71,19.6,36.7,3.0,198.0,0.0,1001.0,DEMO
2026-08-12 08:00:00,HHHT005,二十九中,40.78,111.7,玉泉区,27.1,44.5,18.8,35.7,49.9,0.75,39,28.0,33.0,2.3,212.2,1.2,1015.4,DEMO
2026-08-12 08:00:00,HHHT006,工大金川校区,40.76,111.62,土默特左旗,25.7,40.0,15.1,37.1,42.3,0.88,37,22.0,35.7,4.3,329.0,1.4,1015.4,DEMO
2026-08-12 09:00:00,HHHT001,呼和浩特市环境监测中心站,40.8421,111.749,新城区,24.7,32.5,13.9,33.6,50.4,0.66,35,23.1,66.1,2.4,248.0,0.0,1010.3,DEMO
2026-08-12 09:00:00,HHHT002,如意开发区,40.825,111.8,赛罕区,55.2,76.3,13.6,29.3,49.2,1.0,75,24.5,71.8,2.7,249.6,0.0,1013.6,DEMO
2026-08-12 09:00:00,HHHT003,呼市一监,40.81,111.67,回民区,41.7,61.9,10.9,34.2,69.4,0.97,58,21.8,53.2,2.0,341.3,0.0,1007.3,DEMO
2026-08-12 09:00:00,HHHT004,小召前街,40.805,111.665,回民区,33.2,44.0,7.8,36.6,49.6,0.87,47,22.8,50.1,2.4,230.3,0.0,1019.2,DEMO
2026-08-12 09:00:00,HHHT005,二十九中,40.78,111.7,玉泉区,33.8,44.6,10.1,29.8,61.1,0.79,48,16.8,47.3,1.6,229.2,0.0,1011.4,DEMO
2026-08-12 09:00:00,HHHT006,工大金川校区,40.76,111.62,土默特左旗,26.0,34.6,13.4,23.9,53.4,0.79,37,15.3,54.0,3.7,356.3,0.0,1013.3,DEMO
2026-08-12 10:00:00,HHHT001,呼和浩特市环境监测中心站,40.8421,111.749,新城区,27.7,37.3,13.2,32.9,47.7,0.9,40,20.0,40.1,1.6,75.8,0.0,1005.6,DEMO
2026-08-12 10:00:00,HHHT002,如意开发区,40.825,111.8,赛罕区,36.3,53.2,18.0,34.7,48.4,0.81,52,22.0,30.9,2.3,14.6,0.0,1010.6,DEMO
2026-08-12 10:00:00,HHHT003,呼市一监,40.81,111.67,回民区,28.6,36.0,12.2,30.2,46.5,0.91,41,26.1,40.1,3.7,240.3,0.0,1022.7,DEMO
2026-08-12 10:00:00,HHHT004,小召前街,40.805,111.665,回民区,40.4,56.6,14.8,32.8,47.2,0.98,57,23.4,48.7,1.9,124.3,0.0,1024.2,DEMO
2026-08-12 10:00:00,HHHT005,二十九中,40.78,111.7,玉泉区,33.6,45.5,10.6,33.1,45.3,0.82,48,19.0,46.5,4.6,65.7,0.0,1018.5,DEMO
2026-08-12 10:00:00,HHHT006,工大金川校区,40.76,111.62,土默特左旗,27.7,40.6,10.0,31.0,52.0,0.87,40,19.1,36.7,3.1,163.9,0.0,1008.1,DEMO
2026-08-12 11:00:00,HHHT001,呼和浩特市环境监测中心站,40.8421,111.749,新城区,22.2,28.7,11.5,35.4,48.0,0.56,32,24.9,40.0,4.5,49.9,0.0,1008.4,DEMO
2026-08-12 11:00:00,HHHT002,如意开发区,40.825,111.8,赛罕区,27.7,41.2,12.4,27.4,65.1,0.72,40,18.1,16.9,0.3,153.3,0.0,1010.1,DEMO
2026-08-12 11:00:00,HHHT003,呼市一监,40.81,111.67,回民区,31.5,46.1,12.1,34.5,48.1,1.0,45,18.9,38.9,0.4,156.2,0.0,1020.3,DEMO
2026-08-12 11:00:00,HHHT004,小召前街,40.805,111.665,回民区,32.8,43.0,6.4,38.3,44.4,0.94,47,22.9,72.1,2.2,100.0,0.0,1001.7,DEMO
2026-08-12 11:00:00,HHHT005,二十九中,40.78,111.7,玉泉区,23.7,32.4,13.1,32.1,71.9,0.82,34,21.2,53.1,2.4,105.3,0.0,1020.0,DEMO
2026-08-12 11:00:00,HHHT006,工大金川校区,40.76,111.62,土默特左旗,19.7,28.4,10.7,28.5,52.7,0.87,28,21.7,51.2,2.3,205.5,0.0,1012.7,DEMO
2026-08-12 12:00:00,HHHT001,呼和浩特市环境监测中心站,40.8421,111.749,新城区,15.0,21.5,12.4,23.0,57.5,0.74,21,19.2,47.5,4.5,271.3,0.0,1011.4,DEMO
2026-08-12 12:00:00,HHHT002,如意开发区,40.825,111.8,赛罕区,38.4,66.8,14.8,37.1,52.3,1.08,54,19.7,53.3,3.3,197.0,3.6,1015.3,DEMO
2026-08-12 12:00:00,HHHT003,呼市一监,40.81,111.67,回民区,32.2,46.5,9.9,30.8,47.9,0.76,46,25.1,43.9,3.8,173.5,0.0,1011.3,DEMO
2026-08-12 12:00:00,HHHT004,小召前街,40.805,111.665,回民区,42.1,59.3,10.9,33.3,59.3,0.89,59,23.7,55.9,2.1,112.7,0.0,1018.3,DEMO
2026-08-12 12:00:00,HHHT005,二十九中,40.78,111.7,玉泉区,26.4,34.5,17.1,29.8,59.1,0.97,38,21.5,45.2,4.1,302.6,0.0,1016.1,DEMO
2026-08-12 12:00:00,HHHT006,工大金川校区,40.76,111.62,土默特左旗,19.9,26.4,8.8,39.1,72.0,0.7,28,25.3,56.3,3.6,163.1,0.0,1012.2,DEMO
2026-08-12 13:00:00,HHHT001,呼和浩特市环境监测中心站,40.8421,111.749,新城区,24.8,32.9,15.6,32.4,62.5,0.62,35,21.1,57.4,2.9,328.6,0.0,1009.2,DEMO
2026-08-12 13:00:00,HHHT002,如意开发区,40.825,111.8,赛罕区,39.2,54.2,14.2,26.7,63.6,0.86,55,25.0,35.4,4.7,138.6,0.0,1008.5,DEMO
2026-08-12 13:00:00,HHHT003,呼市一监,40.81,111.67,回民区,38.9,57.2,13.8,35.5,52.8,0.88,55,20.9,28.9,3.4,274.3,0.0,1011.6,DEMO
2026-08-12 13:00:00,HHHT004,小召前街,40.805,111.665,回民区,24.5,40.4,12.2,32.7,58.4,0.9,35,21.2,65.7,3.0,248.1,3.6,1019.0,DEMO
2026-08-12 13:00:00,HHHT005,二十九中,40.78,111.7,玉泉区,32.0,43.7,12.4,24.3,54.4,0.98,46,20.0,34.0,3.2,151.1,0.0,1013.2,DEMO
2026-08-12 13:00:00,HHHT006,工大金川校区,40.76,111.62,土默特左旗,21.7,30.2,14.0,31.8,57.4,0.9,31,18.1,44.5,2.3,30.1,0.0,1007.5,DEMO
2026-08-12 14:00:00,HHHT001,呼和浩特市环境监测中心站,40.8421,111.749,新城区,19.0,26.6,13.0,27.7,51.1,0.75,27,22.0,66.6,2.2,89.6,0.0,1009.5,DEMO
2026-08-12 14:00:00,HHHT002,如意开发区,40.825,111.8,赛罕区,45.5,68.0,17.5,39.8,54.4,0.85,63,20.8,63.8,2.5,78.7,0.0,1021.8,DEMO
2026-08-12 14:00:00,HHHT003,呼市一监,40.81,111.67,回民区,37.8,51.5,11.0,29.6,64.2,1.06,54,28.4,38.8,3.3,155.2,0.0,1013.1,DEMO
2026-08-12 14:00:00,HHHT004,小召前街,40.805,111.665,回民区,44.9,62.5,15.2,41.3,61.5,0.98,62,20.7,47.5,2.2,279.6,0.0,1005.0,DEMO
2026-08-12 14:00:00,HHHT005,二十九中,40.78,111.7,玉泉区,36.3,52.5,11.5,34.2,66.9,0.84,52,21.5,65.3,5.4,200.1,0.0,1011.3,DEMO
2026-08-12 14:00:00,HHHT006,工大金川校区,40.76,111.62,土默特左旗,23.2,31.2,8.7,33.1,67.0,0.57,33,19.0,62.6,1.8,29.9,0.0,1018.0,DEMO
2026-08-12 15:00:00,HHHT001,呼和浩特市环境监测中心站,40.8421,111.749,新城区,34.1,44.4,11.3,32.2,54.0,0.94,49,22.6,66.3,2.6,71.8,0.0,1009.7,DEMO
2026-08-12 15:00:00,HHHT002,如意开发区,40.825,111.8,赛罕区,40.8,53.5,12.5,32.3,66.2,0.91,57,22.9,62.1,3.1,36.6,0.0,1007.6,DEMO
2026-08-12 15:00:00,HHHT003,呼市一监,40.81,111.67,回民区,27.1,35.7,11.5,28.3,68.9,0.9,39,20.1,58.8,1.5,80.0,0.0,1005.8,DEMO
2026-08-12 15:00:00,HHHT004,小召前街,40.805,111.665,回民区,48.0,64.9,15.4,42.9,61.0,0.96,66,19.7,63.8,4.0,148.3,0.0,1014.5,DEMO
2026-08-12 15:00:00,HHHT005,二十九中,40.78,111.7,玉泉区,18.9,25.0,13.6,39.3,73.5,0.82,27,25.7,45.5,2.2,45.8,0.0,1008.9,DEMO
2026-08-12 15:00:00,HHHT006,工大金川校区,40.76,111.62,土默特左旗,30.8,42.1,11.3,37.8,69.7,0.82,44,23.4,55.8,0.6,108.3,0.0,1009.1,DEMO
2026-08-12 16:00:00,HHHT001,呼和浩特市环境监测中心站,40.8421,111.749,新城区,28.5,36.0,12.2,21.4,58.1,0.83,41,24.1,36.3,3.8,287.4,0.0,1016.6,DEMO
2026-08-12 16:00:00,HHHT002,如意开发区,40.825,111.8,赛罕区,35.4,50.8,6.3,30.1,50.1,0.91,51,18.2,34.3,3.2,324.7,0.0,1007.2,DEMO
2026-08-12 16:00:00,HHHT003,呼市一监,40.81,111.67,回民区,43.6,62.6,11.0,35.1,56.3,1.06,61,16.0,19.4,4.2,66.3,0.0,1011.6,DEMO
2026-08-12 16:00:00,HHHT004,小召前街,40.805,111.665,回民区,29.3,42.7,12.9,31.1,60.2,0.82,42,17.5,38.6,2.3,66.8,0.0,1011.8,DEMO
2026-08-12 16:00:00,HHHT005,二十九中,40.78,111.7,玉泉区,29.0,41.1,16.4,29.8,52.6,0.68,41,24.1,46.8,4.2,32.2,0.0,1007.0,DEMO
2026-08-12 16:00:00,HHHT006,工大金川校区,40.76,111.62,土默特左旗,29.8,37.4,8.8,35.5,50.2,0.86,43,22.5,64.3,4.1,217.9,0.0,1007.1,DEMO
2026-08-12 17:00:00,HHHT001,呼和浩特市环境监测中心站,40.8421,111.749,新城区,28.9,39.1,20.4,30.8,53.1,0.92,41,24.5,49.9,3.8,300.3,0.0,1015.5,DEMO
2026-08-12 17:00:00,HHHT002,如意开发区,40.825,111.8,赛罕区,36.8,49.5,11.0,25.3,53.2,0.92,52,21.8,57.1,1.9,53.4,0.0,1015.8,DEMO
2026-08-12 17:00:00,HHHT003,呼市一监,40.81,111.67,回民区,44.6,64.2,16.6,38.9,39.1,0.86,62,20.5,47.6,5.1,327.9,0.0,1016.2,DEMO
2026-08-12 17:00:00,HHHT004,小召前街,40.805,111.665,回民区,60.8,76.1,16.0,40.7,40.1,1.15,82,24.5,57.0,1.9,1.2,0.0,1009.1,DEMO
2026-08-12 17:00:00,HHHT005,二十九中,40.78,111.7,玉泉区,23.9,30.4,10.9,28.5,32.8,0.84,34,33.5,31.8,4.0,130.7,0.0,1009.9,DEMO
2026-08-12 17:00:00,HHHT006,工大金川校区,40.76,111.62,土默特左旗,22.4,31.8,13.2,33.4,49.5,0.84,32,23.2,62.3,3.1,233.8,0.0,1004.4,DEMO
2026-08-12 18:00:00,HHHT001,呼和浩特市环境监测中心站,40.8421,111.749,新城区,27.6,41.1,7.9,31.7,58.5,1.01,39,28.2,60.4,3.3,110.2,0.0,1014.5,DEMO
2026-08-12 18:00:00,HHHT002,如意开发区,40.825,111.8,赛罕区,46.6,67.4,11.2,39.4,64.0,1.17,64,21.7,30.1,0.8,36.7,0.0,1013.7,DEMO
2026-08-12 18:00:00,HHHT003,呼市一监,40.81,111.67,回民区,32.8,41.1,12.8,34.7,55.0,0.86,47,21.7,40.7,4.0,233.2,0.0,1019.8,DEMO
2026-08-12 18:00:00,HHHT004,小召前街,40.805,111.665,回民区,43.4,59.3,15.5,31.2,47.4,0.89,60,20.3,60.7,3.8,317.9,0.0,1008.8,DEMO
2026-08-12 18:00:00,HHHT005,二十九中,40.78,111.7,玉泉区,24.7,32.3,18.5,39.9,52.5,0.84,35,20.4,51.7,3.3,117.9,0.0,1005.1,DEMO
2026-08-12 18:00:00,HHHT006,工大金川校区,40.76,111.62,土默特左旗,33.7,50.4,11.9,29.3,42.5,0.69,48,20.6,55.3,3.0,147.4,0.0,1008.1,DEMO
2026-08-12 19:00:00,HHHT001,呼和浩特市环境监测中心站,40.8421,111.749,新城区,22.8,28.7,11.5,35.5,57.3,0.8,33,18.6,22.2,3.9,286.1,0.0,1012.7,DEMO
2026-08-12 19:00:00,HHHT002,如意开发区,40.825,111.8,赛罕区,41.8,55.9,10.3,31.8,39.3,0.84,59,18.9,57.4,3.3,243.7,0.0,1010.0,DEMO
2026-08-12 19:00:00,HHHT003,呼市一监,40.81,111.67,回民区,35.7,52.9,19.2,27.9,50.2,1.07,51,27.0,44.1,2.7,280.5,0.0,1006.4,DEMO
2026-08-12 19:00:00,HHHT004,小召前街,40.805,111.665,回民区,41.9,59.1,15.6,36.1,49.1,0.95,59,24.6,60.5,2.0,258.2,0.0,1016.4,DEMO
2026-08-12 19:00:00,HHHT005,二十九中,40.78,111.7,玉泉区,31.1,46.6,16.6,41.4,43.2,0.85,44,25.0,43.0,5.3,22.4,0.0,1014.6,DEMO
2026-08-12 19:00:00,HHHT006,工大金川校区,40.76,111.62,土默特左旗,26.6,37.2,16.8,27.3,64.7,0.64,38,21.7,49.3,3.0,183.0,0.0,1010.9,DEMO
2026-08-12 20:00:00,HHHT001,呼和浩特市环境监测中心站,40.8421,111.749,新城区,37.6,48.5,10.8,29.0,57.9,0.76,53,23.0,44.1,2.4,309.0,0.0,1017.1,DEMO
2026-08-12 20:00:00,HHHT002,如意开发区,40.825,111.8,赛罕区,37.7,55.6,20.1,32.3,47.5,0.85,53,24.4,77.9,2.3,20.1,0.0,1012.4,DEMO
2026-08-12 20:00:00,HHHT003,呼市一监,40.81,111.67,回民区,38.5,54.1,13.7,35.5,46.6,0.94,54,28.3,37.8,4.4,22.3,0.0,1012.7,DEMO
2026-08-12 20:00:00,HHHT004,小召前街,40.805,111.665,回民区,33.8,43.8,14.3,29.1,48.3,0.95,48,20.2,68.8,3.0,104.4,0.0,1011.3,DEMO
2026-08-12 20:00:00,HHHT005,二十九中,40.78,111.7,玉泉区,33.7,47.7,13.2,33.1,56.1,0.93,48,24.6,55.2,0.3,317.8,0.0,1008.9,DEMO
2026-08-12 20:00:00,HHHT006,工大金川校区,40.76,111.62,土默特左旗,21.7,27.5,19.6,25.8,50.1,0.73,31,21.9,52.6,2.9,237.3,0.0,1014.7,DEMO
2026-08-12 21:00:00,HHHT001,呼和浩特市环境监测中心站,40.8421,111.749,新城区,26.3,38.6,8.3,28.7,52.2,0.74,38,22.8,31.5,2.6,215.7,0.0,1017.4,DEMO
2026-08-12 21:00:00,HHHT002,如意开发区,40.825,111.8,赛罕区,33.9,50.5,9.9,24.9,56.3,0.92,48,19.1,66.1,1.3,119.3,0.0,1009.6,DEMO
2026-08-12 21:00:00,HHHT003,呼市一监,40.81,111.67,回民区,31.9,47.8,14.3,34.8,53.2,0.79,46,24.8,27.6,4.3,77.4,0.0,1007.0,DEMO
2026-08-12 21:00:00,HHHT004,小召前街,40.805,111.665,回民区,33.2,44.6,6.9,29.4,48.9,0.77,47,16.7,29.2,3.3,345.7,0.0,1015.7,DEMO
2026-08-12 21:00:00,HHHT005,二十九中,40.78,111.7,玉泉区,35.5,47.6,8.0,28.3,43.7,0.93,51,25.4,62.9,2.4,26.8,0.0,1008.0,DEMO
2026-08-12 21:00:00,HHHT006,工大金川校区,40.76,111.62,土默特左旗,24.4,40.3,14.2,28.9,39.8,0.96,35,27.1,40.8,1.7,135.6,3.8,1012.8,DEMO
2026-08-12 22:00:00,HHHT001,呼和浩特市环境监测中心站,40.8421,111.749,新城区,33.5,44.0,11.2,34.9,56.9,0.86,48,16.2,44.6,1.9,356.8,0.0,1016.2,DEMO
2026-08-12 22:00:00,HHHT002,如意开发区,40.825,111.8,赛罕区,36.0,49.9,12.5,41.7,58.0,0.78,51,23.3,69.1,2.7,328.4,0.0,1018.0,DEMO
2026-08-12 22:00:00,HHHT003,呼市一监,40.81,111.67,回民区,27.8,36.4,12.2,33.3,49.7,0.68,40,16.3,45.8,4.4,177.8,0.0,1009.4,DEMO
2026-08-12 22:00:00,HHHT004,小召前街,40.805,111.665,回民区,38.1,56.1,14.1,41.0,30.2,0.88,54,18.8,66.8,2.7,27.2,0.0,1013.7,DEMO
2026-08-12 22:00:00,HHHT005,二十九中,40.78,111.7,玉泉区,25.6,34.6,11.4,30.7,61.0,0.88,37,18.3,47.7,1.6,337.7,0.0,1009.4,DEMO
2026-08-12 22:00:00,HHHT006,工大金川校区,40.76,111.62,土默特左旗,22.6,33.7,15.6,30.3,36.9,0.75,32,23.2,44.3,1.9,99.8,0.0,1017.0,DEMO
2026-08-12 23:00:00,HHHT001,呼和浩特市环境监测中心站,40.8421,111.749,新城区,22.4,29.5,13.3,21.9,58.3,0.77,32,20.7,29.8,3.2,4.5,0.0,1010.3,DEMO
2026-08-12 23:00:00,HHHT002,如意开发区,40.825,111.8,赛罕区,30.6,41.5,9.8,26.4,48.0,0.68,44,17.6,49.9,3.0,245.8,0.0,1016.1,DEMO
2026-08-12 23:00:00,HHHT003,呼市一监,40.81,111.67,回民区,44.8,66.9,12.0,36.0,37.9,1.11,62,17.3,48.2,0.6,24.9,0.0,1010.4,DEMO
2026-08-12 23:00:00,HHHT004,小召前街,40.805,111.665,回民区,43.1,59.7,20.0,34.1,66.1,0.97,60,24.3,66.2,4.3,172.9,0.0,1007.3,DEMO
2026-08-12 23:00:00,HHHT005,二十九中,40.78,111.7,玉泉区,26.2,43.6,10.6,19.0,41.1,0.88,37,17.3,43.9,1.4,63.1,2.5,1007.7,DEMO
2026-08-12 23:00:00,HHHT006,工大金川校区,40.76,111.62,土默特左旗,20.1,26.9,14.1,30.4,49.2,0.75,29,21.0,60.1,3.8,305.1,0.0,1010.7,DEMO
2026-08-13 00:00:00,HHHT001,呼和浩特市环境监测中心站,40.8421,111.749,新城区,39.4,56.2,10.9,47.6,52.2,1.02,56,18.6,45.0,2.2,205.1,0.0,1010.4,DEMO
2026-08-13 00:00:00,HHHT002,如意开发区,40.825,111.8,赛罕区,35.5,50.4,13.6,38.2,51.6,0.76,51,24.3,27.4,4.9,63.1,0.0,1008.0,DEMO
2026-08-13 00:00:00,HHHT003,呼市一监,40.81,111.67,回民区,46.4,66.6,18.4,35.0,49.7,0.91,64,21.1,29.6,2.5,83.0,0.0,1009.2,DEMO
2026-08-13 00:00:00,HHHT004,小召前街,40.805,111.665,回民区,38.6,52.0,10.1,28.3,57.1,0.97,54,15.5,63.5,5.3,187.9,0.0,1014.8,DEMO
2026-08-13 00:00:00,HHHT005,二十九中,40.78,111.7,玉泉区,31.0,41.8,22.2,34.8,46.4,0.78,44,22.0,39.8,0.6,298.2,0.0,1011.2,DEMO
2026-08-13 00:00:00,HHHT006,工大金川校区,40.76,111.62,土默特左旗,26.1,38.9,13.0,34.1,51.7,0.79,37,20.7,46.6,3.4,302.8,0.0,1012.6,DEMO
2026-08-13 01:00:00,HHHT001,呼和浩特市环境监测中心站,40.8421,111.749,新城区,39.8,51.5,16.7,34.9,62.5,0.76,56,25.9,54.5,0.5,254.3,0.0,1004.5,DEMO
2026-08-13 01:00:00,HHHT002,如意开发区,40.825,111.8,赛罕区,34.6,43.5,17.3,40.6,53.2,1.11,49,25.3,42.6,3.4,132.2,0.0,1009.5,DEMO
2026-08-13 01:00:00,HHHT003,呼市一监,40.81,111.67,回民区,36.8,54.3,13.9,26.7,68.6,0.89,52,25.3,54.1,3.9,180.0,0.0,1016.5,DEMO
2026-08-13 01:00:00,HHHT004,小召前街,40.805,111.665,回民区,41.0,55.0,14.4,32.6,64.8,0.97,57,19.4,50.2,2.2,30.0,0.0,1015.8,DEMO
2026-08-13 01:00:00,HHHT005,二十九中,40.78,111.7,玉泉区,43.9,64.1,16.3,39.5,46.1,0.88,61,19.5,64.4,1.7,221.9,0.0,1007.6,DEMO
2026-08-13 01:00:00,HHHT006,工大金川校区,40.76,111.62,土默特左旗,19.5,29.8,16.1,36.4,49.4,0.75,28,20.6,44.5,2.3,302.1,0.5,1012.7,DEMO
2026-08-13 02:00:00,HHHT001,呼和浩特市环境监测中心站,40.8421,111.749,新城区,21.8,31.4,9.6,29.3,71.1,0.84,31,21.8,67.3,2.4,195.4,0.0,1004.7,DEMO
2026-08-13 02:00:00,HHHT002,如意开发区,40.825,111.8,赛罕区,29.0,38.5,16.4,32.0,70.6,1.01,41,21.1,32.1,1.7,285.9,0.0,1014.4,DEMO
2026-08-13 02:00:00,HHHT003,呼市一监,40.81,111.67,回民区,25.5,44.4,17.8,42.5,61.2,0.74,36,25.4,34.6,2.8,45.6,0.9,1013.5,DEMO
2026-08-13 02:00:00,HHHT004,小召前街,40.805,111.665,回民区,48.0,60.1,14.7,24.7,63.9,1.13,66,19.5,45.0,3.4,357.6,0.0,1001.9,DEMO
2026-08-13 02:00:00,HHHT005,二十九中,40.78,111.7,玉泉区,21.8,28.6,7.7,26.2,43.2,0.84,31,22.5,53.1,4.7,36.3,0.0,1010.1,DEMO
2026-08-13 02:00:00,HHHT006,工大金川校区,40.76,111.62,土默特左旗,18.9,25.5,11.8,26.0,69.7,0.8,27,20.9,37.0,3.0,325.6,0.0,1007.8,DEMO
2026-08-13 03:00:00,HHHT001,呼和浩特市环境监测中心站,40.8421,111.749,新城区,18.4,24.1,11.8,29.2,60.4,0.68,26,23.4,29.7,4.3,92.3,0.0,1007.5,DEMO
2026-08-13 03:00:00,HHHT002,如意开发区,40.825,111.8,赛罕区,48.5,64.0,13.1,39.0,47.5,1.12,67,19.0,23.7,1.5,2.1,0.0,1017.1,DEMO
2026-08-13 03:00:00,HHHT003,呼市一监,40.81,111.67,回民区,27.1,37.1,14.7,34.9,54.3,0.76,39,29.1,74.7,2.5,261.5,0.0,1013.0,DEMO
2026-08-13 03:00:00,HHHT004,小召前街,40.805,111.665,回民区,35.6,52.8,14.0,32.5,45.6,0.91,51,21.3,50.4,2.3,41.5,0.0,1015.4,DEMO
2026-08-13 03:00:00,HHHT005,二十九中,40.78,111.7,玉泉区,18.5,28.3,10.7,28.2,56.2,0.84,26,20.7,56.6,5.5,238.0,0.8,1014.0,DEMO
2026-08-13 03:00:00,HHHT006,工大金川校区,40.76,111.62,土默特左旗,30.0,41.7,18.3,38.6,67.6,0.98,43,22.1,44.1,3.3,292.3,0.0,1014.1,DEMO
2026-08-13 04:00:00,HHHT001,呼和浩特市环境监测中心站,40.8421,111.749,新城区,23.1,29.7,14.5,34.4,44.7,0.87,33,20.8,57.4,2.6,80.8,0.0,1012.2,DEMO
2026-08-13 04:00:00,HHHT002,如意开发区,40.825,111.8,赛罕区,32.7,48.4,17.6,36.2,46.6,0.83,47,25.9,36.5,1.8,289.3,0.0,1017.4,DEMO
2026-08-13 04:00:00,HHHT003,呼市一监,40.81,111.67,回民区,30.4,41.4,12.7,35.1,44.0,0.82,43,29.4,27.3,1.4,28.3,0.0,1010.4,DEMO
2026-08-13 04:00:00,HHHT004,小召前街,40.805,111.665,回民区,36.9,53.6,15.9,34.3,57.5,0.86,52,21.6,47.8,5.3,204.8,0.0,1007.2,DEMO
2026-08-13 04:00:00,HHHT005,二十九中,40.78,111.7,玉泉区,32.8,44.4,10.4,32.4,45.3,0.92,47,20.9,59.3,2.0,154.1,0.0,1006.8,DEMO
2026-08-13 04:00:00,HHHT006,工大金川校区,40.76,111.62,土默特左旗,27.5,38.9,8.6,41.7,40.0,0.66,39,24.1,54.8,3.1,331.8,0.0,1010.0,DEMO
2026-08-13 05:00:00,HHHT001,呼和浩特市环境监测中心站,40.8421,111.749,新城区,26.5,35.1,8.8,36.3,50.0,0.79,38,24.8,60.7,3.6,138.3,0.0,1009.8,DEMO
2026-08-13 05:00:00,HHHT002,如意开发区,40.825,111.8,赛罕区,34.6,46.6,12.5,35.9,45.3,0.87,49,17.7,46.9,2.1,164.7,0.0,1006.9,DEMO
2026-08-13 05:00:00,HHHT003,呼市一监,40.81,111.67,回民区,34.5,50.7,18.8,41.1,43.3,1.09,49,23.8,36.3,2.1,283.4,0.0,1011.2,DEMO
2026-08-13 05:00:00,HHHT004,小召前街,40.805,111.665,回民区,27.5,34.8,14.9,32.7,46.2,0.88,39,28.0,42.3,3.1,136.7,0.0,1010.4,DEMO
2026-08-13 05:00:00,HHHT005,二十九中,40.78,111.7,玉泉区,32.8,47.8,14.4,25.2,50.1,0.91,47,19.9,61.0,1.9,229.5,0.0,1013.9,DEMO
2026-08-13 05:00:00,HHHT006,工大金川校区,40.76,111.62,土默特左旗,19.7,27.0,17.6,36.3,51.3,0.98,28,24.1,43.2,1.5,152.8,0.0,1005.8,DEMO
2026-08-13 06:00:00,HHHT001,呼和浩特市环境监测中心站,40.8421,111.749,新城区,20.8,27.9,13.6,31.6,46.9,0.6,30,24.2,54.4,3.8,321.8,0.0,1009.8,DEMO
2026-08-13 06:00:00,HHHT002,如意开发区,40.825,111.8,赛罕区,38.3,57.4,14.8,29.5,48.4,0.96,54,16.3,42.7,5.7,73.8,0.0,1014.5,DEMO
2026-08-13 06:00:00,HHHT003,呼市一监,40.81,111.67,回民区,48.9,65.0,7.3,32.4,58.6,1.06,67,15.3,34.0,2.6,190.4,0.0,1020.4,DEMO
2026-08-13 06:00:00,HHHT004,小召前街,40.805,111.665,回民区,45.5,62.8,17.3,38.6,44.9,0.99,63,22.9,69.1,3.9,170.4,0.0,1011.3,DEMO
2026-08-13 06:00:00,HHHT005,二十九中,40.78,111.7,玉泉区,28.2,40.6,13.7,30.3,47.6,0.81,40,23.3,66.6,3.4,86.9,0.0,1007.4,DEMO
2026-08-13 06:00:00,HHHT006,工大金川校区,40.76,111.62,土默特左旗,19.4,27.5,12.1,31.8,45.8,0.82,28,21.4,64.3,1.2,246.6,0.0,1004.6,DEMO
2026-08-13 07:00:00,HHHT001,呼和浩特市环境监测中心站,40.8421,111.749,新城区,27.8,38.1,20.0,31.0,54.6,0.8,40,18.3,44.3,5.4,40.9,0.0,1010.0,DEMO
2026-08-13 07:00:00,HHHT002,如意开发区,40.825,111.8,赛罕区,44.3,70.1,17.7,37.0,60.6,1.05,62,22.9,29.0,3.4,310.5,0.2,1004.1,DEMO
2026-08-13 07:00:00,HHHT003,呼市一监,40.81,111.67,回民区,49.4,72.4,16.0,25.5,49.9,0.95,68,25.5,58.3,1.4,308.6,0.0,1011.2,DEMO
2026-08-13 07:00:00,HHHT004,小召前街,40.805,111.665,回民区,45.8,66.3,14.4,34.7,52.0,1.04,64,22.3,51.2,3.2,231.4,0.0,1013.7,DEMO
2026-08-13 07:00:00,HHHT005,二十九中,40.78,111.7,玉泉区,38.6,60.1,8.9,30.3,54.3,0.99,55,20.8,42.6,6.1,275.1,0.8,1012.7,DEMO
2026-08-13 07:00:00,HHHT006,工大金川校区,40.76,111.62,土默特左旗,34.8,45.2,9.7,31.3,73.2,0.95,50,21.7,44.6,4.7,316.6,0.0,1016.8,DEMO
2026-08-13 08:00:00,HHHT001,呼和浩特市环境监测中心站,40.8421,111.749,新城区,30.7,44.1,12.7,25.5,57.3,0.83,44,24.5,27.4,2.9,123.9,0.0,1013.3,DEMO
2026-08-13 08:00:00,HHHT002,如意开发区,40.825,111.8,赛罕区,46.5,67.0,14.2,33.1,48.2,0.97,64,22.5,32.1,2.5,349.9,0.0,1010.3,DEMO
2026-08-13 08:00:00,HHHT003,呼市一监,40.81,111.67,回民区,37.8,49.7,11.1,36.6,50.0,0.79,54,21.0,46.1,4.2,39.7,0.0,1012.3,DEMO
2026-08-13 08:00:00,HHHT004,小召前街,40.805,111.665,回民区,44.5,60.8,7.6,35.9,54.0,1.11,62,24.7,63.4,3.3,23.7,0.0,1003.2,DEMO
2026-08-13 08:00:00,HHHT005,二十九中,40.78,111.7,玉泉区,36.5,45.8,15.8,36.3,61.9,0.88,52,18.9,48.0,3.0,318.2,0.0,1019.1,DEMO
2026-08-13 08:00:00,HHHT006,工大金川校区,40.76,111.62,土默特左旗,32.6,43.9,15.2,34.9,57.0,0.96,47,22.5,61.8,3.7,83.9,0.0,1012.5,DEMO
2026-08-13 09:00:00,HHHT001,呼和浩特市环境监测中心站,40.8421,111.749,新城区,31.5,42.8,13.0,35.5,54.0,0.85,45,22.4,28.3,2.7,171.6,0.0,1015.2,DEMO
2026-08-13 09:00:00,HHHT002,如意开发区,40.825,111.8,赛罕区,47.8,64.8,17.0,32.0,49.8,1.06,66,27.1,57.3,2.5,174.4,0.0,1016.7,DEMO
2026-08-13 09:00:00,HHHT003,呼市一监,40.81,111.67,回民区,45.9,66.7,12.1,38.0,52.3,0.96,64,26.7,44.8,3.1,157.4,0.0,1009.6,DEMO
2026-08-13 09:00:00,HHHT004,小召前街,40.805,111.665,回民区,51.7,77.2,15.5,46.0,38.9,0.93,71,19.4,73.3,2.9,105.8,0.0,1010.3,DEMO
2026-08-13 09:00:00,HHHT005,二十九中,40.78,111.7,玉泉区,30.6,50.3,19.3,34.1,41.7,0.9,44,21.6,56.4,4.4,304.5,2.1,1017.5,DEMO
2026-08-13 09:00:00,HHHT006,工大金川校区,40.76,111.62,土默特左旗,37.3,55.6,13.5,27.3,59.2,0.93,53,17.0,54.8,4.1,151.5,0.0,1005.0,DEMO
2026-08-13 10:00:00,HHHT001,呼和浩特市环境监测中心站,40.8421,111.749,新城区,31.5,41.9,10.5,35.3,55.1,0.92,45,26.2,47.9,2.6,193.1,0.0,1017.4,DEMO
2026-08-13 10:00:00,HHHT002,如意开发区,40.825,111.8,赛罕区,39.5,50.6,13.5,32.2,37.3,0.98,56,25.9,32.7,3.6,304.7,0.0,1018.7,DEMO
2026-08-13 10:00:00,HHHT003,呼市一监,40.81,111.67,回民区,28.4,36.6,14.1,39.4,51.8,0.79,41,22.2,56.6,4.0,265.3,0.0,1013.9,DEMO
2026-08-13 10:00:00,HHHT004,小召前街,40.805,111.665,回民区,42.4,55.9,13.4,32.0,62.3,0.88,59,22.1,42.9,1.2,44.2,0.0,1012.7,DEMO
2026-08-13 10:00:00,HHHT005,二十九中,40.78,111.7,玉泉区,42.8,56.9,10.4,33.3,41.9,0.84,60,21.1,37.5,4.5,92.4,0.0,1008.5,DEMO
2026-08-13 10:00:00,HHHT006,工大金川校区,40.76,111.62,土默特左旗,36.4,46.0,13.5,29.1,46.5,0.93,52,16.3,63.1,2.5,288.2,0.0,1012.6,DEMO
2026-08-13 11:00:00,HHHT001,呼和浩特市环境监测中心站,40.8421,111.749,新城区,34.3,45.8,16.3,26.0,48.8,0.88,49,14.0,48.7,2.6,55.8,0.0,1009.5,DEMO
2026-08-13 11:00:00,HHHT002,如意开发区,40.825,111.8,赛罕区,30.2,52.6,13.6,34.1,64.6,0.81,43,20.6,28.1,3.8,101.2,3.4,1008.0,DEMO
2026-08-13 11:00:00,HHHT003,呼市一监,40.81,111.67,回民区,36.0,62.1,14.1,29.9,58.4,0.79,51,23.7,49.1,3.0,291.0,3.1,1006.1,DEMO
2026-08-13 11:00:00,HHHT004,小召前街,40.805,111.665,回民区,44.7,62.4,18.9,32.9,58.2,0.87,62,20.3,47.5,2.4,119.1,0.0,1010.1,DEMO
2026-08-13 11:00:00,HHHT005,二十九中,40.78,111.7,玉泉区,36.0,47.5,12.6,27.8,61.6,0.94,51,19.5,64.9,4.3,173.7,0.0,1010.2,DEMO
2026-08-13 11:00:00,HHHT006,工大金川校区,40.76,111.62,土默特左旗,30.9,43.6,10.5,33.9,58.7,0.86,44,26.0,54.2,3.7,7.4,0.0,1013.1,DEMO
2026-08-13 12:00:00,HHHT001,呼和浩特市环境监测中心站,40.8421,111.749,新城区,28.1,48.2,8.1,28.2,62.2,0.78,40,19.9,29.6,2.3,90.8,2.5,1004.4,DEMO
2026-08-13 12:00:00,HHHT002,如意开发区,40.825,111.8,赛罕区,35.2,46.9,9.0,36.4,58.8,0.86,50,22.4,47.1,1.8,291.4,0.0,1007.7,DEMO
2026-08-13 12:00:00,HHHT003,呼市一监,40.81,111.67,回民区,37.6,62.7,13.8,36.5,57.8,0.96,53,18.9,31.0,2.1,40.0,0.3,1015.2,DEMO
2026-08-13 12:00:00,HHHT004,小召前街,40.805,111.665,回民区,44.6,59.8,9.4,34.1,40.8,0.95,62,23.3,55.1,0.9,295.3,0.0,1008.1,DEMO
2026-08-13 12:00:00,HHHT005,二十九中,40.78,111.7,玉泉区,33.8,46.1,10.1,46.1,62.4,0.84,48,23.1,52.5,3.2,36.9,0.0,1018.8,DEMO
2026-08-13 12:00:00,HHHT006,工大金川校区,40.76,111.62,土默特左旗,23.1,31.5,16.7,36.7,52.2,0.78,33,25.7,43.8,3.7,122.8,0.0,1012.8,DEMO
2026-08-13 13:00:00,HHHT001,呼和浩特市环境监测中心站,40.8421,111.749,新城区,28.8,36.2,14.8,27.2,60.1,0.84,41,23.8,38.0,2.2,315.5,0.0,1006.4,DEMO
2026-08-13 13:00:00,HHHT002,如意开发区,40.825,111.8,赛罕区,27.6,39.1,15.3,35.9,58.5,0.75,39,22.7,28.7,2.5,35.9,0.0,1005.2,DEMO
2026-08-13 13:00:00,HHHT003,呼市一监,40.81,111.67,回民区,27.3,39.6,8.5,30.3,58.9,0.86,39,20.3,29.8,2.1,174.4,0.0,1014.2,DEMO
2026-08-13 13:00:00,HHHT004,小召前街,40.805,111.665,回民区,37.5,52.8,10.6,32.5,64.3,0.7,53,19.4,36.8,4.4,113.1,0.0,1020.3,DEMO
2026-08-13 13:00:00,HHHT005,二十九中,40.78,111.7,玉泉区,28.4,42.3,14.6,35.5,71.4,1.0,41,19.3,41.7,0.7,324.9,0.0,1007.3,DEMO
2026-08-13 13:00:00,HHHT006,工大金川校区,40.76,111.62,土默特左旗,28.5,36.7,11.1,25.3,69.1,0.82,41,29.4,40.3,3.8,91.8,0.0,1004.2,DEMO
2026-08-13 14:00:00,HHHT001,呼和浩特市环境监测中心站,40.8421,111.749,新城区,33.2,48.8,13.4,39.2,48.6,0.85,47,25.4,29.9,0.7,266.3,0.0,1002.9,DEMO
2026-08-13 14:00:00,HHHT002,如意开发区,40.825,111.8,赛罕区,35.8,52.2,8.9,33.7,72.1,0.7,51,19.3,28.5,2.0,146.4,0.0,1010.9,DEMO
2026-08-13 14:00:00,HHHT003,呼市一监,40.81,111.67,回民区,29.9,40.7,8.0,37.8,59.5,0.84,43,24.7,60.9,4.0,92.0,0.0,1010.1,DEMO
2026-08-13 14:00:00,HHHT004,小召前街,40.805,111.665,回民区,37.5,64.3,12.9,39.7,56.8,0.96,53,22.2,61.4,5.4,126.9,0.6,1011.2,DEMO
2026-08-13 14:00:00,HHHT005,二十九中,40.78,111.7,玉泉区,34.6,46.9,16.1,30.0,56.7,0.8,49,29.4,47.1,2.4,292.3,0.0,1013.1,DEMO
2026-08-13 14:00:00,HHHT006,工大金川校区,40.76,111.62,土默特左旗,32.4,40.7,13.3,34.4,60.9,0.8,46,25.4,49.8,1.3,294.0,0.0,1004.4,DEMO
2026-08-13 15:00:00,HHHT001,呼和浩特市环境监测中心站,40.8421,111.749,新城区,37.7,56.3,13.9,32.5,67.4,0.93,53,20.1,39.9,3.9,29.9,0.0,1007.1,DEMO
2026-08-13 15:00:00,HHHT002,如意开发区,40.825,111.8,赛罕区,41.4,59.6,14.5,31.6,81.0,1.02,58,24.9,29.5,2.5,327.7,0.0,1012.7,DEMO
2026-08-13 15:00:00,HHHT003,呼市一监,40.81,111.67,回民区,39.5,58.0,7.1,36.2,49.4,0.96,56,22.1,54.4,4.0,13.0,0.0,1010.7,DEMO
2026-08-13 15:00:00,HHHT004,小召前街,40.805,111.665,回民区,38.6,53.0,16.0,29.8,54.5,0.95,55,18.0,45.0,2.6,99.5,0.0,1014.8,DEMO
2026-08-13 15:00:00,HHHT005,二十九中,40.78,111.7,玉泉区,34.6,50.9,8.7,35.6,69.5,0.83,49,25.3,52.6,4.7,24.4,0.8,1008.7,DEMO
2026-08-13 15:00:00,HHHT006,工大金川校区,40.76,111.62,土默特左旗,33.9,43.3,16.9,22.6,69.0,0.99,48,20.0,60.6,3.1,232.0,0.0,1010.3,DEMO
2026-08-13 16:00:00,HHHT001,呼和浩特市环境监测中心站,40.8421,111.749,新城区,29.9,42.1,15.6,36.9,57.6,0.96,43,21.3,29.2,2.7,341.5,0.0,1014.9,DEMO
2026-08-13 16:00:00,HHHT002,如意开发区,40.825,111.8,赛罕区,42.1,61.9,15.4,29.0,61.2,0.8,59,27.7,57.8,2.0,18.7,0.0,1009.5,DEMO
2026-08-13 16:00:00,HHHT003,呼市一监,40.81,111.67,回民区,35.0,45.3,15.7,27.8,59.3,0.94,50,24.2,67.2,3.5,61.6,0.0,1011.8,DEMO
2026-08-13 16:00:00,HHHT004,小召前街,40.805,111.665,回民区,43.4,54.3,15.4,28.8,54.8,1.12,60,20.0,42.8,2.9,127.9,0.0,1008.2,DEMO
2026-08-13 16:00:00,HHHT005,二十九中,40.78,111.7,玉泉区,27.5,38.7,12.0,23.4,62.2,0.86,39,23.7,56.9,3.2,264.8,0.0,1013.0,DEMO
2026-08-13 16:00:00,HHHT006,工大金川校区,40.76,111.62,土默特左旗,24.5,35.8,11.8,40.0,64.4,0.79,35,22.1,45.7,4.6,53.4,0.0,1013.4,DEMO
2026-08-13 17:00:00,HHHT001,呼和浩特市环境监测中心站,40.8421,111.749,新城区,37.1,50.0,10.1,25.7,50.5,0.84,53,15.9,34.9,2.6,232.6,0.0,1014.1,DEMO
2026-08-13 17:00:00,HHHT002,如意开发区,40.825,111.8,赛罕区,34.7,50.1,13.0,30.8,51.7,0.92,50,20.0,40.8,2.9,72.4,0.0,1012.7,DEMO
2026-08-13 17:00:00,HHHT003,呼市一监,40.81,111.67,回民区,41.2,59.8,12.8,37.9,43.1,0.91,58,24.1,37.8,1.9,179.0,0.0,1016.5,DEMO
2026-08-13 17:00:00,HHHT004,小召前街,40.805,111.665,回民区,48.6,68.1,12.3,24.6,40.3,0.95,67,19.7,35.6,3.9,183.3,0.0,1012.3,DEMO
2026-08-13 17:00:00,HHHT005,二十九中,40.78,111.7,玉泉区,32.4,42.7,17.1,31.4,44.4,1.06,46,24.4,47.5,2.7,190.3,0.0,1008.6,DEMO
2026-08-13 17:00:00,HHHT006,工大金川校区,40.76,111.62,土默特左旗,30.6,41.5,10.8,34.7,39.8,0.89,44,20.0,34.6,3.6,206.2,0.0,1010.6,DEMO
2026-08-13 18:00:00,HHHT001,呼和浩特市环境监测中心站,40.8421,111.749,新城区,34.7,50.2,12.8,30.5,48.2,0.68,50,21.3,37.6,1.8,298.9,0.0,1013.9,DEMO
2026-08-13 18:00:00,HHHT002,如意开发区,40.825,111.8,赛罕区,57.0,78.2,14.3,36.6,58.4,1.0,78,19.7,65.4,3.3,110.9,0.0,1011.5,DEMO
2026-08-13 18:00:00,HHHT003,呼市一监,40.81,111.67,回民区,55.6,72.1,12.0,46.8,24.8,1.13,76,22.0,50.4,2.1,111.7,0.0,1011.1,DEMO
2026-08-13 18:00:00,HHHT004,小召前街,40.805,111.665,回民区,58.5,80.1,13.8,36.0,50.6,1.11,79,26.0,53.7,3.7,79.6,0.0,1015.4,DEMO
2026-08-13 18:00:00,HHHT005,二十九中,40.78,111.7,玉泉区,43.6,63.1,12.1,41.3,54.5,1.15,61,21.3,39.4,2.0,304.8,0.0,1015.6,DEMO
2026-08-13 18:00:00,HHHT006,工大金川校区,40.76,111.62,土默特左旗,33.2,46.2,13.3,39.9,61.1,0.9,47,22.5,60.2,2.7,214.0,0.0,1010.1,DEMO
2026-08-13 19:00:00,HHHT001,呼和浩特市环境监测中心站,40.8421,111.749,新城区,38.9,54.6,13.6,35.9,49.0,0.63,55,20.2,51.8,4.9,304.3,0.0,1010.2,DEMO
2026-08-13 19:00:00,HHHT002,如意开发区,40.825,111.8,赛罕区,47.1,61.5,16.1,37.7,53.0,0.93,65,22.9,61.9,2.9,159.2,0.0,1016.9,DEMO
2026-08-13 19:00:00,HHHT003,呼市一监,40.81,111.67,回民区,45.5,61.9,11.3,34.5,43.7,0.9,63,24.3,65.1,3.3,216.9,0.0,1010.9,DEMO
2026-08-13 19:00:00,HHHT004,小召前街,40.805,111.665,回民区,63.1,88.6,17.3,42.8,38.1,1.0,85,20.5,35.9,2.8,311.6,0.0,1016.5,DEMO
2026-08-13 19:00:00,HHHT005,二十九中,40.78,111.7,玉泉区,33.3,44.9,16.1,33.0,52.3,1.0,48,24.5,50.4,4.4,167.9,0.0,1021.3,DEMO
2026-08-13 19:00:00,HHHT006,工大金川校区,40.76,111.62,土默特左旗,35.0,46.8,11.2,28.5,57.1,0.84,50,22.9,35.3,2.4,191.8,0.0,1003.4,DEMO
2026-08-13 20:00:00,HHHT001,呼和浩特市环境监测中心站,40.8421,111.749,新城区,37.6,48.6,10.4,38.0,38.6,0.79,53,21.9,61.7,4.0,273.9,0.0,1015.8,DEMO
2026-08-13 20:00:00,HHHT002,如意开发区,40.825,111.8,赛罕区,46.1,58.2,20.4,39.1,58.3,0.89,64,25.9,63.0,5.0,120.3,0.0,1013.0,DEMO
2026-08-13 20:00:00,HHHT003,呼市一监,40.81,111.67,回民区,48.6,63.6,15.0,36.7,41.3,0.84,67,25.4,43.4,2.2,237.3,0.0,1014.3,DEMO
2026-08-13 20:00:00,HHHT004,小召前街,40.805,111.665,回民区,49.5,64.3,14.2,44.5,46.2,1.14,68,22.5,39.9,5.0,104.7,0.0,1016.4,DEMO
2026-08-13 20:00:00,HHHT005,二十九中,40.78,111.7,玉泉区,31.0,46.0,13.9,32.7,59.7,0.71,44,20.3,46.3,3.4,100.5,0.0,1016.7,DEMO
2026-08-13 20:00:00,HHHT006,工大金川校区,40.76,111.62,土默特左旗,33.8,49.5,15.7,35.3,41.9,0.86,48,22.9,50.5,3.1,139.6,0.0,1015.0,DEMO
2026-08-13 21:00:00,HHHT001,呼和浩特市环境监测中心站,40.8421,111.749,新城区,30.4,40.8,13.5,38.1,55.0,0.7,43,20.9,47.6,4.7,189.0,0.0,1008.1,DEMO
2026-08-13 21:00:00,HHHT002,如意开发区,40.825,111.8,赛罕区,38.7,55.3,13.9,39.2,37.0,0.81,55,19.5,41.3,5.6,199.9,0.0,1011.4,DEMO
2026-08-13 21:00:00,HHHT003,呼市一监,40.81,111.67,回民区,39.6,52.5,12.1,29.9,44.7,0.99,56,20.3,38.9,2.0,196.8,0.0,1012.2,DEMO
2026-08-13 21:00:00,HHHT004,小召前街,40.805,111.665,回民区,45.3,65.1,12.8,28.2,44.1,0.96,63,25.5,43.4,2.3,218.0,0.0,1012.7,DEMO
2026-08-13 21:00:00,HHHT005,二十九中,40.78,111.7,玉泉区,27.6,37.6,13.9,30.7,67.8,0.75,39,23.3,23.0,3.1,247.4,0.0,1011.6,DEMO
2026-08-13 21:00:00,HHHT006,工大金川校区,40.76,111.62,土默特左旗,28.2,37.7,10.0,35.0,50.9,1.01,40,18.3,58.7,1.7,226.9,0.0,1008.8,DEMO
2026-08-13 22:00:00,HHHT001,呼和浩特市环境监测中心站,40.8421,111.749,新城区,35.0,45.0,11.4,32.3,56.4,0.89,50,30.1,66.6,5.4,287.5,0.0,1016.0,DEMO
2026-08-13 22:00:00,HHHT002,如意开发区,40.825,111.8,赛罕区,35.0,56.8,16.4,35.8,56.1,0.76,50,21.8,52.4,1.2,282.3,3.1,1012.5,DEMO
2026-08-13 22:00:00,HHHT003,呼市一监,40.81,111.67,回民区,36.2,48.7,11.1,30.6,49.6,0.81,52,20.6,75.2,2.7,178.2,0.0,1013.5,DEMO
2026-08-13 22:00:00,HHHT004,小召前街,40.805,111.665,回民区,42.9,55.7,11.3,46.1,46.3,0.97,60,19.6,50.6,2.5,151.9,0.0,1010.0,DEMO
2026-08-13 22:00:00,HHHT005,二十九中,40.78,111.7,玉泉区,34.4,45.3,13.8,31.3,28.8,0.93,49,24.4,69.5,2.9,245.5,0.0,1010.4,DEMO
2026-08-13 22:00:00,HHHT006,工大金川校区,40.76,111.62,土默特左旗,26.4,39.2,13.1,30.7,62.1,0.95,38,27.8,37.3,4.3,339.4,0.0,1007.3,DEMO
2026-08-13 23:00:00,HHHT001,呼和浩特市环境监测中心站,40.8421,111.749,新城区,21.5,30.5,8.2,34.2,52.9,0.96,31,18.6,54.9,2.8,108.2,0.0,1010.7,DEMO
2026-08-13 23:00:00,HHHT002,如意开发区,40.825,111.8,赛罕区,54.3,78.8,14.4,38.3,63.4,0.85,74,25.8,43.1,6.2,4.2,0.0,1009.4,DEMO
2026-08-13 23:00:00,HHHT003,呼市一监,40.81,111.67,回民区,34.9,46.8,10.6,33.0,49.2,0.91,50,24.2,60.0,3.0,63.9,0.0,1002.9,DEMO
2026-08-13 23:00:00,HHHT004,小召前街,40.805,111.665,回民区,45.9,59.1,13.6,38.5,49.8,1.01,64,16.9,71.8,1.7,16.5,0.0,1011.2,DEMO
2026-08-13 23:00:00,HHHT005,二十九中,40.78,111.7,玉泉区,19.2,28.0,17.0,29.3,55.1,0.8,27,20.4,36.1,3.3,109.6,0.0,1010.8,DEMO
2026-08-13 23:00:00,HHHT006,工大金川校区,40.76,111.62,土默特左旗,23.8,35.6,18.8,30.7,48.9,0.64,34,18.6,45.7,3.0,148.1,0.8,1002.1,DEMO
2026-08-14 00:00:00,HHHT001,呼和浩特市环境监测中心站,40.8421,111.749,新城区,31.9,50.2,13.5,32.3,56.1,0.84,46,16.8,39.2,2.7,295.7,2.4,1017.5,DEMO
2026-08-14 00:00:00,HHHT002,如意开发区,40.825,111.8,赛罕区,41.2,52.6,10.6,44.2,43.9,0.74,58,14.6,55.1,3.0,43.4,0.0,1010.8,DEMO
2026-08-14 00:00:00,HHHT003,呼市一监,40.81,111.67,回民区,36.1,46.0,11.0,27.4,66.0,0.93,51,18.3,36.3,2.3,169.2,0.0,1009.5,DEMO
2026-08-14 00:00:00,HHHT004,小召前街,40.805,111.665,回民区,35.5,51.5,14.6,28.5,73.8,0.85,51,21.2,47.3,1.9,113.5,0.0,1015.3,DEMO
2026-08-14 00:00:00,HHHT005,二十九中,40.78,111.7,玉泉区,37.2,47.5,14.4,30.9,62.8,0.97,53,21.2,42.9,3.2,236.7,0.0,1006.4,DEMO
2026-08-14 00:00:00,HHHT006,工大金川校区,40.76,111.62,土默特左旗,23.2,32.5,15.1,29.2,50.1,0.76,33,25.6,58.9,4.3,168.9,0.0,1012.2,DEMO
2026-08-14 01:00:00,HHHT001,呼和浩特市环境监测中心站,40.8421,111.749,新城区,33.2,43.0,13.7,25.7,41.0,0.96,47,20.2,53.2,3.0,348.0,0.0,1014.4,DEMO
2026-08-14 01:00:00,HHHT002,如意开发区,40.825,111.8,赛罕区,45.8,65.2,19.5,31.6,50.2,1.07,63,25.3,53.6,1.8,15.8,0.0,1010.8,DEMO
2026-08-14 01:00:00,HHHT003,呼市一监,40.81,111.67,回民区,47.2,70.4,11.7,41.8,37.4,1.06,65,26.1,49.8,4.7,174.3,0.0,1010.3,DEMO
2026-08-14 01:00:00,HHHT004,小召前街,40.805,111.665,回民区,35.3,46.0,11.6,28.0,60.9,0.87,50,23.6,48.1,4.2,20.3,0.0,1007.3,DEMO
2026-08-14 01:00:00,HHHT005,二十九中,40.78,111.7,玉泉区,44.1,65.5,11.1,36.3,47.8,0.83,61,19.9,38.8,2.7,199.7,0.0,1012.0,DEMO
2026-08-14 01:00:00,HHHT006,工大金川校区,40.76,111.62,土默特左旗,26.0,38.2,19.3,26.4,44.2,0.75,37,22.9,56.3,1.6,312.7,0.0,1010.2,DEMO
2026-08-14 02:00:00,HHHT001,呼和浩特市环境监测中心站,40.8421,111.749,新城区,19.1,29.4,11.8,34.5,51.4,0.9,27,21.3,44.9,3.4,154.8,3.8,1008.2,DEMO
2026-08-14 02:00:00,HHHT002,如意开发区,40.825,111.8,赛罕区,39.2,54.3,10.9,43.0,55.0,1.08,55,21.2,42.6,4.9,130.2,0.0,1009.9,DEMO
2026-08-14 02:00:00,HHHT003,呼市一监,40.81,111.67,回民区,33.7,47.7,15.1,32.5,53.2,1.17,48,21.9,56.0,2.7,112.1,0.0,1009.6,DEMO
2026-08-14 02:00:00,HHHT004,小召前街,40.805,111.665,回民区,47.9,60.2,17.8,25.5,58.9,0.98,66,17.6,44.3,2.5,209.6,0.0,1017.8,DEMO
2026-08-14 02:00:00,HHHT005,二十九中,40.78,111.7,玉泉区,34.7,51.4,17.2,30.9,48.0,0.87,50,23.2,50.6,2.4,81.2,0.0,1017.5,DEMO
2026-08-14 02:00:00,HHHT006,工大金川校区,40.76,111.62,土默特左旗,14.9,22.2,15.2,18.7,58.9,0.84,21,24.0,67.0,3.3,267.5,0.0,1016.7,DEMO
2026-08-14 03:00:00,HHHT001,呼和浩特市环境监测中心站,40.8421,111.749,新城区,33.7,48.8,16.1,30.1,58.1,1.09,48,23.2,46.8,4.1,349.0,0.0,1016.7,DEMO
2026-08-14 03:00:00,HHHT002,如意开发区,40.825,111.8,赛罕区,32.9,45.4,12.9,36.8,46.2,1.03,47,23.4,15,3.3,142.5,0.0,1011.6,DEMO
2026-08-14 03:00:00,HHHT003,呼市一监,40.81,111.67,回民区,27.6,40.0,15.3,32.9,42.7,0.69,39,24.2,58.6,4.3,121.6,0.0,1023.5,DEMO
2026-08-14 03:00:00,HHHT004,小召前街,40.805,111.665,回民区,41.7,66.0,13.2,35.7,45.0,1.1,58,16.9,26.8,1.2,55.6,1.5,1013.1,DEMO
2026-08-14 03:00:00,HHHT005,二十九中,40.78,111.7,玉泉区,39.2,58.6,13.0,35.3,56.2,0.8,55,24.9,28.4,2.1,258.0,0.0,1013.6,DEMO
2026-08-14 03:00:00,HHHT006,工大金川校区,40.76,111.62,土默特左旗,25.5,32.0,14.6,37.7,45.9,0.73,36,19.7,46.6,4.9,49.1,0.0,1018.9,DEMO
2026-08-14 04:00:00,HHHT001,呼和浩特市环境监测中心站,40.8421,111.749,新城区,27.3,42.2,14.8,30.7,46.7,0.94,39,21.6,53.9,3.3,107.9,2.2,1015.1,DEMO
2026-08-14 04:00:00,HHHT002,如意开发区,40.825,111.8,赛罕区,39.6,58.2,17.7,40.9,45.7,0.97,56,19.8,53.0,6.2,115.1,0.0,1009.0,DEMO
2026-08-14 04:00:00,HHHT003,呼市一监,40.81,111.67,回民区,29.0,42.0,15.8,32.8,57.0,0.73,41,23.9,50.7,5.1,237.6,0.0,1016.6,DEMO
2026-08-14 04:00:00,HHHT004,小召前街,40.805,111.665,回民区,32.8,43.5,17.6,39.0,42.9,1.08,47,20.9,39.0,1.3,296.8,0.0,1014.3,DEMO
2026-08-14 04:00:00,HHHT005,二十九中,40.78,111.7,玉泉区,31.1,43.4,15.7,37.1,43.8,0.87,44,25.1,74.1,3.3,282.0,0.0,1011.5,DEMO
2026-08-14 04:00:00,HHHT006,工大金川校区,40.76,111.62,土默特左旗,31.3,43.6,16.4,39.0,42.9,0.92,45,24.1,42.7,3.1,161.0,0.0,1012.3,DEMO
2026-08-14 05:00:00,HHHT001,呼和浩特市环境监测中心站,40.8421,111.749,新城区,38.9,48.6,13.6,29.9,54.2,0.74,55,21.4,15,2.2,76.0,0.0,1010.7,DEMO
2026-08-14 05:00:00,HHHT002,如意开发区,40.825,111.8,赛罕区,36.7,49.6,8.3,32.7,41.1,0.88,52,19.3,41.1,2.5,64.9,0.0,1014.9,DEMO
2026-08-14 05:00:00,HHHT003,呼市一监,40.81,111.67,回民区,27.7,37.4,15.5,33.5,55.2,0.87,40,22.1,15,3.8,87.7,0.0,1016.3,DEMO
2026-08-14 05:00:00,HHHT004,小召前街,40.805,111.665,回民区,47.4,67.4,15.8,27.0,53.5,1.11,66,21.8,59.4,6.8,318.2,0.0,1010.7,DEMO
2026-08-14 05:00:00,HHHT005,二十九中,40.78,111.7,玉泉区,31.8,40.9,8.4,31.4,56.0,0.79,45,23.3,53.9,2.7,239.6,0.0,1008.7,DEMO
2026-08-14 05:00:00,HHHT006,工大金川校区,40.76,111.62,土默特左旗,15.7,23.0,15.6,34.8,43.9,0.48,22,22.8,62.5,3.7,190.8,0.0,1012.6,DEMO
2026-08-14 06:00:00,HHHT001,呼和浩特市环境监测中心站,40.8421,111.749,新城区,28.6,41.1,13.1,28.9,56.6,0.88,41,16.4,51.7,3.3,170.4,0.0,1015.0,DEMO
2026-08-14 06:00:00,HHHT002,如意开发区,40.825,111.8,赛罕区,51.0,66.6,16.4,36.9,64.1,1.15,70,19.6,44.7,2.7,192.9,0.0,1003.3,DEMO
2026-08-14 06:00:00,HHHT003,呼市一监,40.81,111.67,回民区,36.8,49.6,13.5,39.8,47.8,0.85,52,17.8,51.3,3.1,75.6,0.0,1009.9,DEMO
2026-08-14 06:00:00,HHHT004,小召前街,40.805,111.665,回民区,49.1,62.2,15.8,40.1,48.1,1.05,68,20.9,37.9,3.6,44.8,0.0,1010.2,DEMO
2026-08-14 06:00:00,HHHT005,二十九中,40.78,111.7,玉泉区,46.5,68.9,8.4,25.4,69.6,0.98,64,18.9,24.4,1.7,284.5,0.0,1010.1,DEMO
2026-08-14 06:00:00,HHHT006,工大金川校区,40.76,111.62,土默特左旗,20.7,29.9,13.0,33.8,67.0,0.65,30,24.0,46.7,3.9,85.8,0.0,1009.1,DEMO
2026-08-14 07:00:00,HHHT001,呼和浩特市环境监测中心站,40.8421,111.749,新城区,32.0,47.2,18.9,28.3,42.8,0.99,46,24.9,35.3,2.5,202.5,0.0,1007.8,DEMO
2026-08-14 07:00:00,HHHT002,如意开发区,40.825,111.8,赛罕区,47.5,69.6,15.2,32.9,57.2,1.02,66,23.7,43.6,2.5,11.3,0.0,1012.0,DEMO
2026-08-14 07:00:00,HHHT003,呼市一监,40.81,111.67,回民区,42.2,53.7,20.8,33.9,29.2,1.1,59,19.9,47.7,3.0,73.7,0.0,1018.5,DEMO
2026-08-14 07:00:00,HHHT004,小召前街,40.805,111.665,回民区,43.1,60.3,14.0,36.6,31.0,0.95,60,23.9,40.8,4.2,120.1,0.0,1016.5,DEMO
2026-08-14 07:00:00,HHHT005,二十九中,40.78,111.7,玉泉区,41.6,62.4,8.1,37.2,57.7,1.0,58,20.4,60.8,0.8,330.7,0.0,1012.0,DEMO
2026-08-14 07:00:00,HHHT006,工大金川校区,40.76,111.62,土默特左旗,33.2,47.6,17.5,31.9,49.8,0.83,47,20.3,39.6,4.7,184.3,0.0,1009.7,DEMO
2026-08-14 08:00:00,HHHT001,呼和浩特市环境监测中心站,40.8421,111.749,新城区,40.8,54.0,15.3,39.2,48.6,0.91,57,20.2,52.0,3.0,272.4,0.0,1011.4,DEMO
2026-08-14 08:00:00,HHHT002,如意开发区,40.825,111.8,赛罕区,41.5,60.6,15.7,37.4,56.6,0.95,58,17.8,25.6,2.9,323.4,0.0,1012.9,DEMO
2026-08-14 08:00:00,HHHT003,呼市一监,40.81,111.67,回民区,43.0,58.2,16.0,27.3,56.2,1.08,60,23.0,51.0,3.0,4.3,0.0,1015.7,DEMO
2026-08-14 08:00:00,HHHT004,小召前街,40.805,111.665,回民区,46.3,63.1,16.2,32.6,40.0,0.93,64,19.7,32.0,0.3,122.0,0.0,1009.6,DEMO
2026-08-14 08:00:00,HHHT005,二十九中,40.78,111.7,玉泉区,44.6,66.0,8.8,37.5,51.9,1.04,62,25.8,42.0,1.6,289.3,0.0,1010.3,DEMO
2026-08-14 08:00:00,HHHT006,工大金川校区,40.76,111.62,土默特左旗,33.8,46.7,16.1,35.8,42.9,0.76,48,26.6,41.7,3.1,34.0,0.0,1015.6,DEMO
2026-08-14 09:00:00,HHHT001,呼和浩特市环境监测中心站,40.8421,111.749,新城区,40.8,53.4,15.9,43.5,47.1,0.92,57,18.2,63.5,3.0,33.7,0.0,1016.2,DEMO
2026-08-14 09:00:00,HHHT002,如意开发区,40.825,111.8,赛罕区,50.9,69.8,15.4,34.3,45.2,1.05,70,22.4,64.2,2.5,73.2,0.0,1006.0,DEMO
2026-08-14 09:00:00,HHHT003,呼市一监,40.81,111.67,回民区,33.4,56.6,15.1,26.6,57.5,0.91,48,21.1,44.9,3.3,48.7,0.1,1017.8,DEMO
2026-08-14 09:00:00,HHHT004,小召前街,40.805,111.665,回民区,52.7,76.5,13.6,43.5,47.0,1.11,72,19.8,46.4,2.7,342.1,0.0,1021.2,DEMO
2026-08-14 09:00:00,HHHT005,二十九中,40.78,111.7,玉泉区,35.6,49.9,5.0,30.5,46.1,1.02,51,17.2,52.5,2.6,185.2,0.0,1008.7,DEMO
2026-08-14 09:00:00,HHHT006,工大金川校区,40.76,111.62,土默特左旗,33.1,45.8,12.8,38.9,60.5,0.87,47,24.7,60.3,3.7,204.0,0.0,1009.7,DEMO
2026-08-14 10:00:00,HHHT001,呼和浩特市环境监测中心站,40.8421,111.749,新城区,30.5,41.5,14.2,39.2,57.6,0.85,44,22.6,44.9,2.7,130.1,0.0,1009.9,DEMO
2026-08-14 10:00:00,HHHT002,如意开发区,40.825,111.8,赛罕区,46.3,60.6,15.7,38.6,54.6,0.98,64,18.8,47.2,1.2,151.8,0.0,1015.5,DEMO
2026-08-14 10:00:00,HHHT003,呼市一监,40.81,111.67,回民区,44.4,63.4,13.5,33.5,51.8,1.05,62,22.6,46.1,0.8,323.1,0.0,1006.8,DEMO
2026-08-14 10:00:00,HHHT004,小召前街,40.805,111.665,回民区,42.8,63.4,14.6,25.5,52.5,0.94,60,17.4,50.2,4.4,201.0,0.0,1013.2,DEMO
2026-08-14 10:00:00,HHHT005,二十九中,40.78,111.7,玉泉区,37.4,46.8,12.2,30.9,53.6,0.85,53,20.7,34.2,2.3,265.6,0.0,1002.8,DEMO
2026-08-14 10:00:00,HHHT006,工大金川校区,40.76,111.62,土默特左旗,27.9,36.8,14.0,31.9,54.1,0.78,40,20.9,61.4,1.5,161.5,0.0,1006.8,DEMO
2026-08-14 11:00:00,HHHT001,呼和浩特市环境监测中心站,40.8421,111.749,新城区,23.8,30.6,16.3,31.8,58.6,0.7,34,19.0,45.4,2.3,111.5,0.0,1009.3,DEMO
2026-08-14 11:00:00,HHHT002,如意开发区,40.825,111.8,赛罕区,41.1,54.3,17.0,27.5,57.2,0.83,58,25.9,43.4,2.9,331.9,0.0,1017.3,DEMO
2026-08-14 11:00:00,HHHT003,呼市一监,40.81,111.67,回民区,38.8,61.0,12.0,33.2,74.6,0.91,55,26.5,51.0,3.0,140.7,0.4,1009.0,DEMO
2026-08-14 11:00:00,HHHT004,小召前街,40.805,111.665,回民区,50.1,74.1,15.2,30.1,44.2,0.91,69,23.4,64.2,2.3,124.2,0.0,1015.8,DEMO
2026-08-14 11:00:00,HHHT005,二十九中,40.78,111.7,玉泉区,35.0,60.0,15.8,41.2,69.9,0.96,50,21.4,61.5,2.7,155.2,3.4,1012.6,DEMO
2026-08-14 11:00:00,HHHT006,工大金川校区,40.76,111.62,土默特左旗,41.1,54.7,13.3,30.8,50.3,0.94,58,23.1,37.1,2.9,134.0,0.0,1014.2,DEMO
2026-08-14 12:00:00,HHHT001,呼和浩特市环境监测中心站,40.8421,111.749,新城区,25.9,35.8,12.1,29.3,50.5,0.73,37,16.8,43.3,2.2,116.3,0.0,1012.8,DEMO
2026-08-14 12:00:00,HHHT002,如意开发区,40.825,111.8,赛罕区,47.8,71.1,18.0,28.8,51.9,0.81,66,24.9,73.4,3.1,160.2,0.0,1011.8,DEMO
2026-08-14 12:00:00,HHHT003,呼市一监,40.81,111.67,回民区,32.9,48.3,13.4,33.5,65.0,1.03,47,24.1,34.9,3.2,320.3,0.0,1013.9,DEMO
2026-08-14 12:00:00,HHHT004,小召前街,40.805,111.665,回民区,46.3,60.7,11.9,28.4,63.7,0.95,64,16.4,52.8,3.2,52.4,0.0,1009.0,DEMO
2026-08-14 12:00:00,HHHT005,二十九中,40.78,111.7,玉泉区,36.4,60.2,16.9,35.5,59.0,0.89,52,22.1,47.6,4.1,269.3,1.3,1013.9,DEMO
2026-08-14 12:00:00,HHHT006,工大金川校区,40.76,111.62,土默特左旗,29.1,39.3,7.8,31.5,61.7,0.69,42,19.9,37.6,3.1,161.4,0.0,1008.5,DEMO
2026-08-14 13:00:00,HHHT001,呼和浩特市环境监测中心站,40.8421,111.749,新城区,29.4,37.3,14.3,28.1,56.4,0.86,42,19.8,36.2,0.3,105.8,0.0,1009.3,DEMO
2026-08-14 13:00:00,HHHT002,如意开发区,40.825,111.8,赛罕区,30.6,43.1,14.0,23.2,52.2,0.74,44,21.9,45.9,1.7,304.7,0.0,1012.2,DEMO
2026-08-14 13:00:00,HHHT003,呼市一监,40.81,111.67,回民区,48.6,70.3,14.5,36.8,65.7,1.27,67,23.1,53.6,3.2,358.4,0.0,1013.2,DEMO
2026-08-14 13:00:00,HHHT004,小召前街,40.805,111.665,回民区,51.5,70.3,12.5,36.2,68.8,1.06,71,23.7,61.9,4.7,23.1,0.0,1013.5,DEMO
2026-08-14 13:00:00,HHHT005,二十九中,40.78,111.7,玉泉区,29.0,40.4,14.0,22.7,50.4,0.89,41,21.9,39.7,4.7,19.3,0.0,1003.7,DEMO
2026-08-14 13:00:00,HHHT006,工大金川校区,40.76,111.62,土默特左旗,15.9,22.1,15.2,33.2,38.8,0.74,23,23.9,76.1,2.4,50.6,0.0,1008.4,DEMO
2026-08-14 14:00:00,HHHT001,呼和浩特市环境监测中心站,40.8421,111.749,新城区,40.2,52.3,10.7,29.8,60.8,0.95,56,21.5,36.1,1.8,296.0,0.0,1011.7,DEMO
2026-08-14 14:00:00,HHHT002,如意开发区,40.825,111.8,赛罕区,40.7,53.9,7.8,33.2,49.7,0.9,57,21.0,46.5,0.3,310.6,0.0,1007.7,DEMO
2026-08-14 14:00:00,HHHT003,呼市一监,40.81,111.67,回民区,33.2,44.9,9.8,26.5,67.0,0.76,47,18.8,21.9,3.8,308.6,0.0,1007.8,DEMO
2026-08-14 14:00:00,HHHT004,小召前街,40.805,111.665,回民区,37.9,52.4,17.1,32.0,69.5,0.78,54,22.8,29.9,1.9,112.9,0.0,1009.3,DEMO
2026-08-14 14:00:00,HHHT005,二十九中,40.78,111.7,玉泉区,31.2,43.4,7.9,35.3,75.4,0.79,45,15.8,51.0,2.5,160.3,0.0,1015.9,DEMO
2026-08-14 14:00:00,HHHT006,工大金川校区,40.76,111.62,土默特左旗,18.6,27.7,16.9,33.5,64.5,0.88,27,18.5,26.1,3.5,330.5,0.0,1012.7,DEMO
2026-08-14 15:00:00,HHHT001,呼和浩特市环境监测中心站,40.8421,111.749,新城区,25.8,33.4,17.1,33.2,65.7,0.8,37,19.3,60.4,3.3,326.8,0.0,1009.3,DEMO
2026-08-14 15:00:00,HHHT002,如意开发区,40.825,111.8,赛罕区,49.7,69.0,20.0,34.5,58.7,1.0,68,17.6,28.2,1.1,166.7,0.0,1012.3,DEMO
2026-08-14 15:00:00,HHHT003,呼市一监,40.81,111.67,回民区,31.0,42.2,14.6,41.5,61.0,0.75,44,19.8,60.2,0.3,277.9,0.0,1009.8,DEMO
2026-08-14 15:00:00,HHHT004,小召前街,40.805,111.665,回民区,44.9,63.2,16.1,32.7,55.0,0.79,62,19.5,57.0,4.0,359.0,0.0,1009.2,DEMO
2026-08-14 15:00:00,HHHT005,二十九中,40.78,111.7,玉泉区,43.4,57.9,13.5,36.7,65.5,0.8,60,19.6,52.1,1.4,358.3,0.0,1015.2,DEMO
2026-08-14 15:00:00,HHHT006,工大金川校区,40.76,111.62,土默特左旗,34.2,49.9,16.3,27.3,70.4,1.02,49,26.7,40.0,3.4,316.1,0.0,1012.0,DEMO
2026-08-14 16:00:00,HHHT001,呼和浩特市环境监测中心站,40.8421,111.749,新城区,36.8,55.0,15.2,31.0,63.2,0.93,52,22.0,53.9,2.2,9.2,0.0,1015.3,DEMO
2026-08-14 16:00:00,HHHT002,如意开发区,40.825,111.8,赛罕区,31.8,40.4,12.8,35.3,56.9,0.85,45,26.1,43.6,4.0,83.8,0.0,1010.7,DEMO
2026-08-14 16:00:00,HHHT003,呼市一监,40.81,111.67,回民区,31.5,50.2,17.7,38.6,59.7,0.98,45,20.4,36.7,2.3,98.4,2.0,1009.0,DEMO
2026-08-14 16:00:00,HHHT004,小召前街,40.805,111.665,回民区,47.5,69.7,12.5,39.0,47.8,0.91,66,23.9,36.0,2.4,14.1,0.0,1016.2,DEMO
2026-08-14 16:00:00,HHHT005,二十九中,40.78,111.7,玉泉区,28.9,50.9,10.9,22.5,71.6,0.94,41,18.8,71.8,0.7,69.3,3.8,1010.6,DEMO
2026-08-14 16:00:00,HHHT006,工大金川校区,40.76,111.62,土默特左旗,23.6,35.0,8.8,33.0,74.6,0.85,34,23.4,59.4,3.5,268.2,0.0,1020.5,DEMO
2026-08-14 17:00:00,HHHT001,呼和浩特市环境监测中心站,40.8421,111.749,新城区,44.4,65.6,13.1,33.8,53.7,1.04,62,31.6,59.7,2.1,352.6,0.0,1005.4,DEMO
2026-08-14 17:00:00,HHHT002,如意开发区,40.825,111.8,赛罕区,53.7,72.1,15.9,32.1,56.7,1.13,73,14.1,61.6,2.0,233.3,0.0,1008.8,DEMO
2026-08-14 17:00:00,HHHT003,呼市一监,40.81,111.67,回民区,45.9,67.2,15.1,34.5,53.0,0.87,64,21.6,45.4,2.0,285.5,0.0,1016.1,DEMO
2026-08-14 17:00:00,HHHT004,小召前街,40.805,111.665,回民区,46.4,80.5,14.5,33.7,39.1,0.82,64,15.3,38.8,3.2,290.1,3.4,1011.3,DEMO
2026-08-14 17:00:00,HHHT005,二十九中,40.78,111.7,玉泉区,51.6,65.8,18.0,37.8,53.7,1.0,71,19.0,30.1,0.9,343.2,0.0,1011.5,DEMO
2026-08-14 17:00:00,HHHT006,工大金川校区,40.76,111.62,土默特左旗,27.5,40.3,7.4,36.3,47.7,0.86,39,17.0,41.8,2.3,214.6,0.0,1010.0,DEMO
2026-08-14 18:00:00,HHHT001,呼和浩特市环境监测中心站,40.8421,111.749,新城区,42.7,53.6,10.2,35.9,48.3,0.84,60,14.4,48.5,2.9,252.0,0.0,1016.4,DEMO
2026-08-14 18:00:00,HHHT002,如意开发区,40.825,111.8,赛罕区,48.2,69.6,17.6,40.3,60.5,0.98,66,22.3,65.1,0.4,50.4,0.0,1012.2,DEMO
2026-08-14 18:00:00,HHHT003,呼市一监,40.81,111.67,回民区,48.4,62.5,14.2,42.8,48.4,0.97,67,20.1,41.5,2.0,287.2,0.0,1021.4,DEMO
2026-08-14 18:00:00,HHHT004,小召前街,40.805,111.665,回民区,51.4,76.3,18.1,38.9,53.4,0.96,71,25.9,53.0,2.1,273.9,0.0,1015.6,DEMO
2026-08-14 18:00:00,HHHT005,二十九中,40.78,111.7,玉泉区,50.2,68.1,12.9,32.3,47.6,1.0,69,19.7,50.4,3.0,199.1,0.0,1012.9,DEMO
2026-08-14 18:00:00,HHHT006,工大金川校区,40.76,111.62,土默特左旗,33.4,46.2,17.7,25.7,49.3,0.82,48,21.4,51.1,4.5,146.8,0.0,1007.6,DEMO
2026-08-14 19:00:00,HHHT001,呼和浩特市环境监测中心站,40.8421,111.749,新城区,42.4,59.7,12.2,31.9,40.3,0.98,59,18.4,47.1,2.0,250.3,0.0,1015.3,DEMO
2026-08-14 19:00:00,HHHT002,如意开发区,40.825,111.8,赛罕区,30.7,48.7,12.3,43.0,54.0,0.91,44,24.7,51.9,1.8,119.0,2.5,1006.2,DEMO
2026-08-14 19:00:00,HHHT003,呼市一监,40.81,111.67,回民区,49.3,73.6,14.6,29.2,45.7,1.03,68,23.6,64.5,0.3,298.7,0.0,1016.1,DEMO
2026-08-14 19:00:00,HHHT004,小召前街,40.805,111.665,回民区,41.5,67.0,14.4,41.2,35.0,0.84,58,20.3,67.6,4.0,305.6,2.6,1010.8,DEMO
2026-08-14 19:00:00,HHHT005,二十九中,40.78,111.7,玉泉区,43.9,62.2,10.5,40.2,39.8,1.05,61,16.1,40.2,1.6,322.3,0.0,1010.9,DEMO
2026-08-14 19:00:00,HHHT006,工大金川校区,40.76,111.62,土默特左旗,34.9,51.0,13.5,40.6,55.9,0.77,50,24.2,70.2,4.1,150.5,0.0,1011.3,DEMO
2026-08-14 20:00:00,HHHT001,呼和浩特市环境监测中心站,40.8421,111.749,新城区,42.2,62.8,9.6,31.0,58.0,0.79,59,24.1,51.9,1.3,196.6,0.0,1013.7,DEMO
2026-08-14 20:00:00,HHHT002,如意开发区,40.825,111.8,赛罕区,62.4,82.1,12.4,40.4,31.2,1.17,84,24.4,40.9,3.7,355.6,0.0,1018.2,DEMO
2026-08-14 20:00:00,HHHT003,呼市一监,40.81,111.67,回民区,52.7,68.2,13.9,39.2,46.2,0.94,72,27.1,25.0,5.2,349.8,0.0,1011.3,DEMO
2026-08-14 20:00:00,HHHT004,小召前街,40.805,111.665,回民区,49.8,62.6,12.3,30.8,41.3,1.23,69,21.3,46.9,3.2,65.6,0.0,1009.3,DEMO
2026-08-14 20:00:00,HHHT005,二十九中,40.78,111.7,玉泉区,39.4,51.5,17.9,36.3,59.0,1.02,56,16.9,38.6,4.1,120.8,0.0,1003.9,DEMO
2026-08-14 20:00:00,HHHT006,工大金川校区,40.76,111.62,土默特左旗,28.0,40.0,11.3,34.0,48.5,1.01,40,25.5,48.9,1.6,210.7,0.0,1013.8,DEMO
2026-08-14 21:00:00,HHHT001,呼和浩特市环境监测中心站,40.8421,111.749,新城区,28.8,36.8,10.6,31.7,62.7,0.71,41,24.4,42.3,4.1,85.7,0.0,1014.8,DEMO
2026-08-14 21:00:00,HHHT002,如意开发区,40.825,111.8,赛罕区,35.8,47.1,16.4,37.0,40.6,0.86,51,29.3,58.3,0.8,305.3,0.0,1010.5,DEMO
2026-08-14 21:00:00,HHHT003,呼市一监,40.81,111.67,回民区,45.3,67.3,17.0,39.6,46.8,0.97,63,23.1,32.6,3.0,137.8,0.0,1015.1,DEMO
2026-08-14 21:00:00,HHHT004,小召前街,40.805,111.665,回民区,50.8,68.0,15.4,34.0,52.6,0.92,70,16.2,65.9,4.2,214.1,0.0,1018.4,DEMO
2026-08-14 21:00:00,HHHT005,二十九中,40.78,111.7,玉泉区,40.8,59.0,15.0,29.0,48.7,0.98,57,18.5,50.3,3.2,346.7,0.0,1010.1,DEMO
2026-08-14 21:00:00,HHHT006,工大金川校区,40.76,111.62,土默特左旗,32.4,48.4,14.4,38.5,44.4,0.83,46,19.9,34.5,2.2,146.4,0.0,1006.6,DEMO
2026-08-14 22:00:00,HHHT001,呼和浩特市环境监测中心站,40.8421,111.749,新城区,37.8,60.4,15.6,33.3,59.5,0.79,54,20.9,70.1,2.0,233.0,3.2,1010.0,DEMO
2026-08-14 22:00:00,HHHT002,如意开发区,40.825,111.8,赛罕区,38.2,66.1,16.7,42.3,36.9,0.98,54,26.2,78.7,3.1,32.2,1.4,1010.9,DEMO
2026-08-14 22:00:00,HHHT003,呼市一监,40.81,111.67,回民区,42.2,53.8,19.6,31.1,42.2,0.92,59,21.3,41.2,4.4,219.9,0.0,1016.6,DEMO
2026-08-14 22:00:00,HHHT004,小召前街,40.805,111.665,回民区,38.7,64.2,7.4,40.2,56.6,0.93,55,22.6,19.1,4.9,245.5,1.5,1010.2,DEMO
2026-08-14 22:00:00,HHHT005,二十九中,40.78,111.7,玉泉区,35.5,52.9,12.9,24.4,55.4,1.0,51,23.5,42.3,2.1,102.6,0.0,1011.8,DEMO
2026-08-14 22:00:00,HHHT006,工大金川校区,40.76,111.62,土默特左旗,23.9,31.7,15.6,31.1,56.4,0.83,34,22.2,53.3,3.2,194.5,0.0,1012.1,DEMO
2026-08-14 23:00:00,HHHT001,呼和浩特市环境监测中心站,40.8421,111.749,新城区,36.9,47.7,14.5,27.6,58.1,0.95,52,22.2,45.4,4.5,115.5,0.0,1015.7,DEMO
2026-08-14 23:00:00,HHHT002,如意开发区,40.825,111.8,赛罕区,37.8,50.8,18.5,29.5,36.0,0.84,53,19.6,36.6,2.8,299.2,0.0,1016.9,DEMO
2026-08-14 23:00:00,HHHT003,呼市一监,40.81,111.67,回民区,36.6,52.4,16.2,28.6,54.2,0.99,52,19.8,60.2,1.7,287.5,0.0,1010.6,DEMO
2026-08-14 23:00:00,HHHT004,小召前街,40.805,111.665,回民区,46.2,65.4,21.7,23.6,45.3,1.05,64,21.1,68.7,3.4,267.6,0.0,1010.4,DEMO
2026-08-14 23:00:00,HHHT005,二十九中,40.78,111.7,玉泉区,28.2,42.0,8.1,31.3,45.8,0.72,40,15.8,45.9,2.3,165.1,0.0,1012.4,DEMO
2026-08-14 23:00:00,HHHT006,工大金川校区,40.76,111.62,土默特左旗,35.4,49.3,15.4,29.7,47.4,0.8,50,21.3,62.9,3.7,276.1,0.0,1010.8,DEMO
2026-08-15 00:00:00,HHHT001,呼和浩特市环境监测中心站,40.8421,111.749,新城区,21.4,31.1,20.0,28.3,46.8,0.74,31,20.6,53.0,1.5,220.0,0.0,1014.6,DEMO
2026-08-15 00:00:00,HHHT002,如意开发区,40.825,111.8,赛罕区,23.7,40.8,11.6,35.2,53.6,0.84,34,16.7,39.8,2.9,344.4,1.1,1013.4,DEMO
2026-08-15 00:00:00,HHHT003,呼市一监,40.81,111.67,回民区,28.3,38.8,11.8,35.8,42.6,0.76,40,22.0,41.4,3.3,332.4,0.0,1012.1,DEMO
2026-08-15 00:00:00,HHHT004,小召前街,40.805,111.665,回民区,44.9,65.0,16.7,29.9,42.0,1.06,62,22.8,43.1,2.7,259.5,0.0,1019.3,DEMO
2026-08-15 00:00:00,HHHT005,二十九中,40.78,111.7,玉泉区,20.3,28.0,11.8,26.8,55.8,0.92,29,19.6,57.5,1.3,146.5,0.0,1008.7,DEMO
2026-08-15 00:00:00,HHHT006,工大金川校区,40.76,111.62,土默特左旗,28.7,41.2,18.6,35.9,51.3,0.85,41,27.3,38.2,2.2,72.1,0.0,1015.1,DEMO
2026-08-15 01:00:00,HHHT001,呼和浩特市环境监测中心站,40.8421,111.749,新城区,20.7,26.5,15.3,39.8,55.4,0.82,30,18.9,56.3,1.3,8.2,0.0,1018.5,DEMO
2026-08-15 01:00:00,HHHT002,如意开发区,40.825,111.8,赛罕区,30.3,42.3,13.1,24.6,52.8,0.81,43,22.9,60.1,3.9,284.6,0.0,1016.3,DEMO
2026-08-15 01:00:00,HHHT003,呼市一监,40.81,111.67,回民区,38.4,52.0,14.3,30.4,47.5,0.88,54,22.3,48.5,4.4,94.3,0.0,1012.8,DEMO
2026-08-15 01:00:00,HHHT004,小召前街,40.805,111.665,回民区,43.0,61.2,10.9,39.6,52.1,0.93,60,25.4,55.1,3.2,328.6,0.0,1010.9,DEMO
2026-08-15 01:00:00,HHHT005,二十九中,40.78,111.7,玉泉区,34.0,44.0,17.0,38.9,38.8,0.92,49,22.9,42.5,3.2,55.7,0.0,1018.0,DEMO
2026-08-15 01:00:00,HHHT006,工大金川校区,40.76,111.62,土默特左旗,18.9,26.3,10.5,29.5,55.8,0.61,27,21.9,62.4,3.7,55.7,0.0,1010.7,DEMO
2026-08-15 02:00:00,HHHT001,呼和浩特市环境监测中心站,40.8421,111.749,新城区,26.9,35.5,14.8,35.3,54.8,0.67,38,25.1,63.4,1.1,3.1,0.0,1014.3,DEMO
2026-08-15 02:00:00,HHHT002,如意开发区,40.825,111.8,赛罕区,37.2,47.7,16.0,36.9,41.5,0.87,53,23.4,18.7,1.1,279.8,0.0,1008.4,DEMO
2026-08-15 02:00:00,HHHT003,呼市一监,40.81,111.67,回民区,32.2,46.7,17.9,34.5,47.7,0.83,46,17.6,46.7,2.5,75.0,0.0,1011.3,DEMO
2026-08-15 02:00:00,HHHT004,小召前街,40.805,111.665,回民区,37.0,49.6,12.5,38.7,57.3,0.82,52,21.5,46.8,3.4,69.7,0.0,1020.5,DEMO
2026-08-15 02:00:00,HHHT005,二十九中,40.78,111.7,玉泉区,38.7,57.9,12.6,38.5,47.3,0.95,55,21.3,48.6,1.9,295.7,0.0,1010.6,DEMO
2026-08-15 02:00:00,HHHT006,工大金川校区,40.76,111.62,土默特左旗,19.0,27.9,15.1,29.7,53.5,0.81,27,25.1,53.7,4.9,64.4,0.0,1014.3,DEMO
2026-08-15 03:00:00,HHHT001,呼和浩特市环境监测中心站,40.8421,111.749,新城区,20.4,29.0,11.4,28.8,50.9,0.68,29,17.8,61.4,3.9,326.9,0.0,1015.9,DEMO
2026-08-15 03:00:00,HHHT002,如意开发区,40.825,111.8,赛罕区,38.8,52.1,16.0,30.2,46.1,1.01,55,25.7,56.0,1.7,19.3,0.0,1013.7,DEMO
2026-08-15 03:00:00,HHHT003,呼市一监,40.81,111.67,回民区,26.6,36.4,16.9,39.5,51.7,0.92,38,24.0,51.3,3.9,327.0,0.0,1005.6,DEMO
2026-08-15 03:00:00,HHHT004,小召前街,40.805,111.665,回民区,33.5,48.5,12.4,34.9,49.8,0.73,48,28.5,47.4,2.6,118.3,0.0,1016.0,DEMO
2026-08-15 03:00:00,HHHT005,二十九中,40.78,111.7,玉泉区,19.5,27.6,13.5,28.2,65.2,0.79,28,21.4,24.7,3.0,150.4,0.0,1010.7,DEMO
2026-08-15 03:00:00,HHHT006,工大金川校区,40.76,111.62,土默特左旗,12.5,16.4,13.5,35.4,54.7,0.77,18,22.1,49.5,4.5,199.2,0.0,1009.2,DEMO
2026-08-15 04:00:00,HHHT001,呼和浩特市环境监测中心站,40.8421,111.749,新城区,19.6,24.7,12.2,28.0,43.0,0.73,28,26.2,55.1,5.2,91.4,0.0,1008.2,DEMO
2026-08-15 04:00:00,HHHT002,如意开发区,40.825,111.8,赛罕区,35.8,50.8,15.2,33.5,46.9,0.73,51,24.0,49.0,3.5,178.2,0.0,1016.3,DEMO
2026-08-15 04:00:00,HHHT003,呼市一监,40.81,111.67,回民区,30.8,39.1,11.7,27.4,57.3,0.71,44,25.5,29.9,4.2,185.1,0.0,1022.9,DEMO
2026-08-15 04:00:00,HHHT004,小召前街,40.805,111.665,回民区,40.3,58.0,14.3,39.9,47.7,0.8,57,20.1,52.9,1.9,150.8,0.0,1008.9,DEMO
2026-08-15 04:00:00,HHHT005,二十九中,40.78,111.7,玉泉区,35.7,53.0,15.8,40.6,51.4,0.69,51,20.1,34.9,3.1,169.7,0.0,1012.0,DEMO
2026-08-15 04:00:00,HHHT006,工大金川校区,40.76,111.62,土默特左旗,19.4,27.3,7.5,29.5,52.5,0.7,28,22.2,46.5,3.6,74.5,0.0,1019.2,DEMO
2026-08-15 05:00:00,HHHT001,呼和浩特市环境监测中心站,40.8421,111.749,新城区,16.5,23.3,16.6,32.6,47.2,0.56,24,21.7,63.4,4.2,147.9,0.0,1008.9,DEMO
2026-08-15 05:00:00,HHHT002,如意开发区,40.825,111.8,赛罕区,31.2,39.4,11.2,36.7,52.0,0.86,45,22.5,51.2,2.5,85.9,0.0,1014.5,DEMO
2026-08-15 05:00:00,HHHT003,呼市一监,40.81,111.67,回民区,29.7,41.4,8.3,46.5,50.1,0.84,42,18.5,39.6,0.3,195.1,0.0,1014.0,DEMO
2026-08-15 05:00:00,HHHT004,小召前街,40.805,111.665,回民区,29.8,48.3,15.3,34.2,41.8,0.9,43,25.3,46.5,4.6,299.5,0.7,1013.5,DEMO
2026-08-15 05:00:00,HHHT005,二十九中,40.78,111.7,玉泉区,37.6,55.8,11.1,44.7,52.3,0.83,53,21.0,44.3,3.2,294.4,0.0,1012.0,DEMO
2026-08-15 05:00:00,HHHT006,工大金川校区,40.76,111.62,土默特左旗,11.2,14.3,20.2,30.6,50.6,0.67,16,20.4,32.1,4.8,87.2,0.0,1007.1,DEMO
2026-08-15 06:00:00,HHHT001,呼和浩特市环境监测中心站,40.8421,111.749,新城区,33.9,50.6,10.9,42.6,49.5,0.92,48,16.6,57.1,2.3,128.2,0.0,1004.1,DEMO
2026-08-15 06:00:00,HHHT002,如意开发区,40.825,111.8,赛罕区,41.2,56.7,13.6,31.9,50.5,1.02,58,19.1,46.0,0.3,36.9,0.0,1018.5,DEMO
2026-08-15 06:00:00,HHHT003,呼市一监,40.81,111.67,回民区,28.8,42.0,14.3,30.8,48.7,0.81,41,25.2,66.5,3.2,0.8,0.0,1014.0,DEMO
2026-08-15 06:00:00,HHHT004,小召前街,40.805,111.665,回民区,43.2,58.6,15.6,27.9,47.2,0.93,60,23.0,34.2,2.0,301.3,0.0,1008.1,DEMO
2026-08-15 06:00:00,HHHT005,二十九中,40.78,111.7,玉泉区,36.6,49.0,11.6,32.6,54.2,0.72,52,22.3,51.3,1.4,43.9,0.0,1011.3,DEMO
2026-08-15 06:00:00,HHHT006,工大金川校区,40.76,111.62,土默特左旗,24.9,35.4,10.7,42.1,49.4,0.77,36,20.6,41.2,2.6,309.2,0.0,1013.3,DEMO
2026-08-15 07:00:00,HHHT001,呼和浩特市环境监测中心站,40.8421,111.749,新城区,38.4,54.2,9.4,42.3,48.4,0.83,54,20.5,43.3,1.5,95.3,0.0,1009.7,DEMO
2026-08-15 07:00:00,HHHT002,如意开发区,40.825,111.8,赛罕区,45.9,58.1,18.1,36.1,50.2,1.01,64,19.5,46.9,2.5,148.0,0.0,1013.3,DEMO
2026-08-15 07:00:00,HHHT003,呼市一监,40.81,111.67,回民区,41.6,53.3,14.0,27.7,51.4,0.86,58,24.1,35.8,0.5,261.1,0.0,1007.4,DEMO
2026-08-15 07:00:00,HHHT004,小召前街,40.805,111.665,回民区,45.4,68.0,14.3,40.5,40.9,0.87,63,21.8,44.2,3.2,82.8,0.0,1010.1,DEMO
2026-08-15 07:00:00,HHHT005,二十九中,40.78,111.7,玉泉区,35.6,51.2,11.0,32.6,51.1,0.75,51,18.5,55.5,3.7,337.3,0.0,1020.1,DEMO
2026-08-15 07:00:00,HHHT006,工大金川校区,40.76,111.62,土默特左旗,28.8,38.4,14.3,21.9,51.3,0.83,41,20.8,52.5,3.6,219.7,0.0,1017.1,DEMO
2026-08-15 08:00:00,HHHT001,呼和浩特市环境监测中心站,40.8421,111.749,新城区,33.5,44.2,15.3,32.1,53.5,0.9,48,27.6,60.9,2.7,104.1,0.0,1014.6,DEMO
2026-08-15 08:00:00,HHHT002,如意开发区,40.825,111.8,赛罕区,43.6,62.8,7.6,35.6,51.5,0.95,61,21.1,51.2,4.3,113.1,0.0,1005.1,DEMO
2026-08-15 08:00:00,HHHT003,呼市一监,40.81,111.67,回民区,31.1,46.3,7.6,31.4,41.4,0.88,44,19.2,37.2,2.5,226.1,0.0,1014.8,DEMO
2026-08-15 08:00:00,HHHT004,小召前街,40.805,111.665,回民区,49.2,72.7,9.4,29.5,35.2,0.86,68,24.2,48.3,4.8,349.7,0.0,1010.4,DEMO
2026-08-15 08:00:00,HHHT005,二十九中,40.78,111.7,玉泉区,37.0,50.3,12.6,38.0,44.1,1.09,52,24.5,34.7,6.1,192.9,0.0,1010.3,DEMO
2026-08-15 08:00:00,HHHT006,工大金川校区,40.76,111.62,土默特左旗,32.8,46.6,17.9,27.7,55.5,0.77,47,18.4,42.7,2.6,237.3,0.0,1012.5,DEMO
2026-08-15 09:00:00,HHHT001,呼和浩特市环境监测中心站,40.8421,111.749,新城区,31.0,44.0,15.7,41.4,37.9,0.81,44,22.5,51.9,1.9,147.9,0.0,1012.9,DEMO
2026-08-15 09:00:00,HHHT002,如意开发区,40.825,111.8,赛罕区,47.9,64.3,17.6,34.8,52.4,1.11,66,19.7,42.8,2.5,128.4,0.0,1013.6,DEMO
2026-08-15 09:00:00,HHHT003,呼市一监,40.81,111.67,回民区,45.7,60.5,16.3,31.4,58.8,0.83,63,21.1,42.1,3.8,219.1,0.0,1008.0,DEMO
2026-08-15 09:00:00,HHHT004,小召前街,40.805,111.665,回民区,44.6,64.6,13.1,35.5,57.4,0.85,62,22.0,55.1,4.7,21.3,0.0,1017.1,DEMO
2026-08-15 09:00:00,HHHT005,二十九中,40.78,111.7,玉泉区,27.4,35.8,8.0,33.9,55.9,0.83,39,24.5,43.4,2.1,35.3,0.0,1007.1,DEMO
2026-08-15 09:00:00,HHHT006,工大金川校区,40.76,111.62,土默特左旗,36.7,52.3,16.7,38.3,53.3,0.82,52,23.3,24.9,3.3,119.3,0.0,1016.7,DEMO
2026-08-15 10:00:00,HHHT001,呼和浩特市环境监测中心站,40.8421,111.749,新城区,24.4,31.6,20.6,28.1,54.6,0.69,35,23.6,51.1,1.3,144.4,0.0,1010.4,DEMO
2026-08-15 10:00:00,HHHT002,如意开发区,40.825,111.8,赛罕区,31.1,40.2,13.2,34.2,47.7,0.66,44,20.9,31.0,3.1,4.4,0.0,1019.7,DEMO
2026-08-15 10:00:00,HHHT003,呼市一监,40.81,111.67,回民区,28.4,40.9,13.4,33.1,42.1,0.85,41,22.7,44.0,2.7,86.0,0.0,1009.0,DEMO
2026-08-15 10:00:00,HHHT004,小召前街,40.805,111.665,回民区,23.5,31.9,13.3,24.8,50.9,0.82,34,16.1,41.6,3.6,207.1,0.0,1007.9,DEMO
2026-08-15 10:00:00,HHHT005,二十九中,40.78,111.7,玉泉区,31.2,44.7,13.1,34.1,45.6,0.84,45,20.9,49.3,3.6,204.5,0.0,1009.1,DEMO
2026-08-15 10:00:00,HHHT006,工大金川校区,40.76,111.62,土默特左旗,24.0,33.4,17.4,30.0,50.2,0.74,34,22.0,40.7,2.0,211.5,0.0,1014.3,DEMO
2026-08-15 11:00:00,HHHT001,呼和浩特市环境监测中心站,40.8421,111.749,新城区,32.9,48.4,17.5,27.5,61.4,0.85,47,18.5,47.7,4.0,132.3,0.0,1008.9,DEMO
2026-08-15 11:00:00,HHHT002,如意开发区,40.825,111.8,赛罕区,39.7,58.3,19.5,36.6,70.6,1.01,56,23.2,39.3,2.2,297.1,0.0,1017.2,DEMO
2026-08-15 11:00:00,HHHT003,呼市一监,40.81,111.67,回民区,28.1,39.5,12.2,33.1,46.9,0.89,40,21.4,65.2,1.7,270.9,0.0,1012.1,DEMO
2026-08-15 11:00:00,HHHT004,小召前街,40.805,111.665,回民区,46.5,64.5,13.0,36.9,60.8,1.07,64,27.9,34.8,2.6,295.8,0.0,1014.0,DEMO
2026-08-15 11:00:00,HHHT005,二十九中,40.78,111.7,玉泉区,42.3,55.4,14.8,38.7,56.6,0.92,59,20.2,39.1,3.6,338.9,0.0,1012.8,DEMO
2026-08-15 11:00:00,HHHT006,工大金川校区,40.76,111.62,土默特左旗,19.3,28.2,13.3,28.4,59.8,0.88,28,20.5,46.4,2.4,6.5,0.0,1005.8,DEMO
2026-08-15 12:00:00,HHHT001,呼和浩特市环境监测中心站,40.8421,111.749,新城区,18.0,23.8,9.7,38.7,58.1,0.79,26,24.1,35.6,3.0,94.2,0.0,1020.6,DEMO
2026-08-15 12:00:00,HHHT002,如意开发区,40.825,111.8,赛罕区,30.0,40.2,17.2,38.5,63.8,0.87,43,22.9,57.3,0.9,25.6,0.0,1018.1,DEMO
2026-08-15 12:00:00,HHHT003,呼市一监,40.81,111.67,回民区,31.5,41.3,12.6,30.4,50.1,0.88,45,17.8,53.1,1.1,329.4,0.0,1016.6,DEMO
2026-08-15 12:00:00,HHHT004,小召前街,40.805,111.665,回民区,34.5,44.5,17.2,30.1,50.9,1.17,49,18.9,42.5,1.7,268.4,0.0,1016.7,DEMO
2026-08-15 12:00:00,HHHT005,二十九中,40.78,111.7,玉泉区,36.1,46.3,14.4,32.4,69.6,0.97,51,25.2,45.9,3.9,170.9,0.0,1011.9,DEMO
2026-08-15 12:00:00,HHHT006,工大金川校区,40.76,111.62,土默特左旗,17.6,24.6,14.0,24.3,65.9,0.7,25,24.1,72.3,2.8,94.7,0.0,1011.2,DEMO
2026-08-15 13:00:00,HHHT001,呼和浩特市环境监测中心站,40.8421,111.749,新城区,20.1,35.2,9.7,18.5,50.6,0.78,29,25.5,29.7,1.9,43.6,2.4,1014.2,DEMO
2026-08-15 13:00:00,HHHT002,如意开发区,40.825,111.8,赛罕区,35.8,44.9,12.7,43.8,51.3,0.84,51,22.8,46.0,2.9,202.9,0.0,1012.8,DEMO
2026-08-15 13:00:00,HHHT003,呼市一监,40.81,111.67,回民区,29.4,40.3,13.8,31.8,65.3,0.88,42,20.1,27.2,1.6,10.2,0.0,1013.0,DEMO
2026-08-15 13:00:00,HHHT004,小召前街,40.805,111.665,回民区,36.7,51.8,16.9,30.4,63.5,1.0,52,25.9,63.1,3.0,330.4,0.0,1013.3,DEMO
2026-08-15 13:00:00,HHHT005,二十九中,40.78,111.7,玉泉区,36.8,54.0,10.8,25.5,59.1,0.87,52,24.4,51.4,1.5,20.7,0.0,1012.1,DEMO
2026-08-15 13:00:00,HHHT006,工大金川校区,40.76,111.62,土默特左旗,19.0,33.2,16.9,38.1,57.2,0.74,27,18.2,51.1,2.4,256.9,2.8,1012.6,DEMO
2026-08-15 14:00:00,HHHT001,呼和浩特市环境监测中心站,40.8421,111.749,新城区,36.3,45.4,8.5,26.7,57.6,0.93,52,22.6,43.2,2.5,80.9,0.0,1018.8,DEMO
2026-08-15 14:00:00,HHHT002,如意开发区,40.825,111.8,赛罕区,21.5,30.2,16.6,30.6,55.4,0.79,31,20.7,68.1,2.6,25.4,0.0,1007.5,DEMO
2026-08-15 14:00:00,HHHT003,呼市一监,40.81,111.67,回民区,36.9,48.9,16.7,37.5,48.4,0.84,52,23.6,34.3,0.8,230.1,0.0,1006.5,DEMO
2026-08-15 14:00:00,HHHT004,小召前街,40.805,111.665,回民区,29.7,44.7,9.3,32.3,56.6,0.77,42,17.8,44.0,1.4,349.0,0.2,1006.6,DEMO
2026-08-15 14:00:00,HHHT005,二十九中,40.78,111.7,玉泉区,26.3,38.8,13.9,38.6,73.3,0.98,38,18.8,55.8,3.5,209.1,0.0,1017.0,DEMO
2026-08-15 14:00:00,HHHT006,工大金川校区,40.76,111.62,土默特左旗,16.5,21.5,21.1,26.1,63.0,0.72,24,17.0,32.6,4.1,63.0,0.0,1011.9,DEMO
2026-08-15 15:00:00,HHHT001,呼和浩特市环境监测中心站,40.8421,111.749,新城区,25.2,33.7,20.2,26.8,51.4,0.83,36,23.5,59.0,3.5,106.8,0.0,1011.0,DEMO
2026-08-15 15:00:00,HHHT002,如意开发区,40.825,111.8,赛罕区,34.6,50.5,11.4,37.5,56.8,0.77,49,25.7,35.2,1.2,176.9,0.0,1008.6,DEMO
2026-08-15 15:00:00,HHHT003,呼市一监,40.81,111.67,回民区,36.9,51.6,15.6,24.9,71.6,0.75,52,21.1,58.1,3.4,87.5,0.0,1011.6,DEMO
2026-08-15 15:00:00,HHHT004,小召前街,40.805,111.665,回民区,36.8,53.7,11.6,39.1,71.2,1.03,52,21.1,38.0,3.3,4.0,0.0,1017.5,DEMO
2026-08-15 15:00:00,HHHT005,二十九中,40.78,111.7,玉泉区,23.9,34.2,14.4,36.2,75.4,0.69,34,21.4,46.3,4.7,156.1,0.0,1016.2,DEMO
2026-08-15 15:00:00,HHHT006,工大金川校区,40.76,111.62,土默特左旗,18.2,27.7,10.6,31.8,57.8,0.74,26,20.2,64.3,4.6,287.3,0.4,1005.1,DEMO
2026-08-15 16:00:00,HHHT001,呼和浩特市环境监测中心站,40.8421,111.749,新城区,37.9,54.1,15.5,33.8,51.5,0.95,54,26.2,55.5,2.1,134.3,0.0,1018.3,DEMO
2026-08-15 16:00:00,HHHT002,如意开发区,40.825,111.8,赛罕区,32.6,46.4,14.9,38.1,58.0,0.62,47,19.7,48.1,2.5,323.8,0.0,1007.1,DEMO
2026-08-15 16:00:00,HHHT003,呼市一监,40.81,111.67,回民区,37.6,48.8,16.9,42.6,58.3,0.83,53,20.8,50.1,2.5,245.0,0.0,1012.4,DEMO
2026-08-15 16:00:00,HHHT004,小召前街,40.805,111.665,回民区,39.6,52.6,21.5,36.2,60.1,0.91,56,24.9,51.1,2.9,91.2,0.0,1018.2,DEMO
2026-08-15 16:00:00,HHHT005,二十九中,40.78,111.7,玉泉区,21.0,27.7,11.5,32.2,52.3,0.72,30,21.0,36.8,3.0,228.4,0.0,1004.8,DEMO
2026-08-15 16:00:00,HHHT006,工大金川校区,40.76,111.62,土默特左旗,18.1,24.6,12.1,28.4,40.7,0.78,26,26.9,53.3,3.8,270.7,0.0,1007.4,DEMO
2026-08-15 17:00:00,HHHT001,呼和浩特市环境监测中心站,40.8421,111.749,新城区,37.8,54.1,14.9,37.2,57.6,0.93,53,25.2,70.5,0.8,65.9,0.0,1009.8,DEMO
2026-08-15 17:00:00,HHHT002,如意开发区,40.825,111.8,赛罕区,41.3,59.2,10.7,32.6,53.7,0.99,58,27.2,50.3,1.8,74.5,0.0,1010.0,DEMO
2026-08-15 17:00:00,HHHT003,呼市一监,40.81,111.67,回民区,36.1,45.4,14.6,30.4,27.6,0.8,51,25.7,45.7,2.6,221.2,0.0,1019.2,DEMO
2026-08-15 17:00:00,HHHT004,小召前街,40.805,111.665,回民区,39.3,58.2,15.2,37.2,39.5,0.97,55,21.1,39.0,0.3,77.1,0.0,1008.7,DEMO
2026-08-15 17:00:00,HHHT005,二十九中,40.78,111.7,玉泉区,34.8,43.9,17.0,28.8,46.3,0.95,50,22.8,38.7,4.0,16.9,0.0,1012.7,DEMO
2026-08-15 17:00:00,HHHT006,工大金川校区,40.76,111.62,土默特左旗,33.7,43.1,9.0,40.4,51.5,0.85,48,19.4,39.4,1.7,60.2,0.0,1006.1,DEMO
2026-08-15 18:00:00,HHHT001,呼和浩特市环境监测中心站,40.8421,111.749,新城区,36.1,53.6,18.7,45.5,57.8,0.9,51,25.1,64.7,3.2,19.4,0.0,1017.7,DEMO
2026-08-15 18:00:00,HHHT002,如意开发区,40.825,111.8,赛罕区,40.9,54.9,14.6,35.3,64.8,1.07,57,26.7,41.3,2.6,83.8,0.0,1009.4,DEMO
2026-08-15 18:00:00,HHHT003,呼市一监,40.81,111.67,回民区,44.6,59.2,10.5,36.4,51.6,0.93,62,24.4,57.1,2.7,10.8,0.0,1005.6,DEMO
2026-08-15 18:00:00,HHHT004,小召前街,40.805,111.665,回民区,53.5,69.3,20.3,43.8,34.2,0.94,73,23.1,52.1,3.1,288.1,0.0,1007.0,DEMO
2026-08-15 18:00:00,HHHT005,二十九中,40.78,111.7,玉泉区,36.9,50.7,9.2,34.3,55.6,0.8,52,29.3,41.9,2.6,292.4,0.0,1017.7,DEMO
2026-08-15 18:00:00,HHHT006,工大金川校区,40.76,111.62,土默特左旗,26.1,33.1,16.3,40.2,52.4,0.94,37,22.6,49.2,2.8,18.2,0.0,1010.5,DEMO
2026-08-15 19:00:00,HHHT001,呼和浩特市环境监测中心站,40.8421,111.749,新城区,43.2,57.8,11.8,44.0,41.3,1.0,60,21.9,47.6,2.9,195.4,0.0,1012.1,DEMO
2026-08-15 19:00:00,HHHT002,如意开发区,40.825,111.8,赛罕区,41.9,55.9,9.4,30.1,38.8,1.03,59,30.8,29.5,0.9,107.7,0.0,1011.1,DEMO
2026-08-15 19:00:00,HHHT003,呼市一监,40.81,111.67,回民区,36.6,46.4,16.6,45.5,41.1,0.84,52,24.3,54.8,4.0,9.0,0.0,1008.6,DEMO
2026-08-15 19:00:00,HHHT004,小召前街,40.805,111.665,回民区,51.9,71.0,19.0,33.5,52.1,1.02,71,17.4,45.4,2.8,304.9,0.0,1016.6,DEMO
2026-08-15 19:00:00,HHHT005,二十九中,40.78,111.7,玉泉区,29.7,46.2,10.0,22.0,46.8,0.93,42,18.7,39.6,0.3,136.6,2.0,1006.4,DEMO
2026-08-15 19:00:00,HHHT006,工大金川校区,40.76,111.62,土默特左旗,38.2,48.5,14.6,26.8,58.0,0.9,54,18.2,55.5,2.4,138.1,0.0,1020.6,DEMO
2026-08-15 20:00:00,HHHT001,呼和浩特市环境监测中心站,40.8421,111.749,新城区,30.4,45.1,11.9,31.7,53.0,0.76,43,22.7,54.6,2.8,11.5,0.0,1017.9,DEMO
2026-08-15 20:00:00,HHHT002,如意开发区,40.825,111.8,赛罕区,48.2,64.6,19.5,38.8,49.7,0.77,67,18.0,55.2,5.1,107.5,0.0,1009.7,DEMO
2026-08-15 20:00:00,HHHT003,呼市一监,40.81,111.67,回民区,49.6,64.7,19.7,43.0,46.7,1.14,68,23.6,59.1,4.8,311.5,0.0,1015.9,DEMO
2026-08-15 20:00:00,HHHT004,小召前街,40.805,111.665,回民区,45.0,65.9,15.1,34.1,47.0,0.85,63,25.3,48.2,4.3,120.3,0.0,1009.0,DEMO
2026-08-15 20:00:00,HHHT005,二十九中,40.78,111.7,玉泉区,52.3,76.9,8.7,38.9,53.6,1.09,72,26.5,50.3,3.5,246.8,0.0,1015.9,DEMO
2026-08-15 20:00:00,HHHT006,工大金川校区,40.76,111.62,土默特左旗,33.2,42.3,12.7,33.0,55.0,0.84,47,25.3,50.1,4.5,255.3,0.0,1007.1,DEMO
2026-08-15 21:00:00,HHHT001,呼和浩特市环境监测中心站,40.8421,111.749,新城区,30.1,38.9,18.8,25.9,53.5,0.72,43,17.4,52.8,2.8,203.6,0.0,1011.0,DEMO
2026-08-15 21:00:00,HHHT002,如意开发区,40.825,111.8,赛罕区,28.5,38.2,12.2,32.2,50.6,0.75,41,19.9,55.6,1.1,268.5,0.0,1010.2,DEMO
2026-08-15 21:00:00,HHHT003,呼市一监,40.81,111.67,回民区,26.3,33.1,16.2,46.8,48.7,0.87,38,24.1,59.8,3.4,117.7,0.0,1013.9,DEMO
2026-08-15 21:00:00,HHHT004,小召前街,40.805,111.665,回民区,33.8,47.2,18.1,31.0,42.4,0.83,48,25.3,44.3,1.8,79.2,0.0,1022.1,DEMO
2026-08-15 21:00:00,HHHT005,二十九中,40.78,111.7,玉泉区,37.4,48.3,15.1,39.6,43.1,0.82,53,26.4,57.9,3.7,318.5,0.0,1013.5,DEMO
2026-08-15 21:00:00,HHHT006,工大金川校区,40.76,111.62,土默特左旗,19.8,26.1,13.4,36.7,56.8,0.76,28,21.4,54.2,3.6,251.7,0.0,1007.1,DEMO
2026-08-15 22:00:00,HHHT001,呼和浩特市环境监测中心站,40.8421,111.749,新城区,32.9,41.2,16.7,37.9,53.2,0.87,47,20.8,41.3,2.6,250.5,0.0,1020.9,DEMO
2026-08-15 22:00:00,HHHT002,如意开发区,40.825,111.8,赛罕区,35.6,61.3,18.4,28.5,61.7,0.94,51,21.3,54.6,2.9,67.0,3.1,1018.4,DEMO
2026-08-15 22:00:00,HHHT003,呼市一监,40.81,111.67,回民区,40.0,52.0,8.9,30.1,42.3,1.07,56,22.7,57.0,3.4,168.1,0.0,1014.1,DEMO
2026-08-15 22:00:00,HHHT004,小召前街,40.805,111.665,回民区,35.6,45.2,15.5,32.7,51.4,0.8,51,20.4,44.8,3.3,306.9,0.0,1009.6,DEMO
2026-08-15 22:00:00,HHHT005,二十九中,40.78,111.7,玉泉区,31.1,45.6,17.8,37.2,47.3,0.84,44,24.8,35.7,1.6,347.1,0.0,1011.3,DEMO
2026-08-15 22:00:00,HHHT006,工大金川校区,40.76,111.62,土默特左旗,35.0,48.7,14.4,35.2,45.7,0.96,50,20.6,43.8,3.1,232.1,0.0,1015.1,DEMO
2026-08-15 23:00:00,HHHT001,呼和浩特市环境监测中心站,40.8421,111.749,新城区,22.1,32.6,14.3,23.2,58.4,0.71,32,17.2,59.3,2.7,184.4,0.0,1013.5,DEMO
2026-08-15 23:00:00,HHHT002,如意开发区,40.825,111.8,赛罕区,36.4,52.4,13.7,37.3,62.3,0.79,52,21.2,55.0,2.0,266.5,0.0,1013.5,DEMO
2026-08-15 23:00:00,HHHT003,呼市一监,40.81,111.67,回民区,32.4,40.6,11.3,29.9,47.1,0.87,46,25.1,49.6,2.4,82.3,0.0,1017.5,DEMO
2026-08-15 23:00:00,HHHT004,小召前街,40.805,111.665,回民区,50.8,65.2,15.8,40.6,42.4,0.92,70,22.6,55.5,2.4,114.5,0.0,1006.9,DEMO
2026-08-15 23:00:00,HHHT005,二十九中,40.78,111.7,玉泉区,26.4,36.6,13.7,17.3,62.4,0.77,38,16.4,27.5,0.9,166.4,0.0,1014.0,DEMO
2026-08-15 23:00:00,HHHT006,工大金川校区,40.76,111.62,土默特左旗,22.0,31.3,12.9,34.7,57.7,0.74,31,25.5,67.4,2.2,87.6,0.0,1014.5,DEMO
2026-08-16 00:00:00,HHHT001,呼和浩特市环境监测中心站,40.8421,111.749,新城区,35.1,47.0,15.1,39.0,51.8,0.96,50,21.7,55.4,2.7,86.7,0.0,1014.9,DEMO
2026-08-16 00:00:00,HHHT002,如意开发区,40.825,111.8,赛罕区,20.5,27.7,9.7,26.1,61.6,0.69,29,24.1,57.4,5.1,349.8,0.0,1015.3,DEMO
2026-08-16 00:00:00,HHHT003,呼市一监,40.81,111.67,回民区,24.2,33.7,9.9,38.7,50.5,0.96,35,24.9,40.5,2.7,169.8,0.0,1005.6,DEMO
2026-08-16 00:00:00,HHHT004,小召前街,40.805,111.665,回民区,20.0,31.8,16.8,33.3,47.7,0.53,29,16.2,58.4,3.1,160.9,0.9,1011.8,DEMO
2026-08-16 00:00:00,HHHT005,二十九中,40.78,111.7,玉泉区,29.4,43.4,10.5,22.2,67.9,0.75,42,24.7,37.2,3.5,353.8,0.0,1015.1,DEMO
2026-08-16 00:00:00,HHHT006,工大金川校区,40.76,111.62,土默特左旗,19.4,26.2,14.0,28.5,48.5,0.8,28,25.7,40.5,2.2,93.1,0.0,1009.6,DEMO
2026-08-16 01:00:00,HHHT001,呼和浩特市环境监测中心站,40.8421,111.749,新城区,24.3,32.0,17.8,22.9,45.8,1.13,35,13.3,39.7,3.9,89.2,0.0,1008.9,DEMO
2026-08-16 01:00:00,HHHT002,如意开发区,40.825,111.8,赛罕区,24.1,32.0,11.5,27.7,64.0,0.91,34,23.0,29.8,5.3,297.3,0.0,1013.8,DEMO
2026-08-16 01:00:00,HHHT003,呼市一监,40.81,111.67,回民区,30.8,42.6,12.1,31.6,65.1,0.78,44,21.5,46.5,6.0,172.6,0.0,1013.3,DEMO
2026-08-16 01:00:00,HHHT004,小召前街,40.805,111.665,回民区,36.9,47.6,8.7,31.9,66.6,0.86,52,24.2,46.4,2.3,26.1,0.0,1020.4,DEMO
2026-08-16 01:00:00,HHHT005,二十九中,40.78,111.7,玉泉区,25.9,36.8,14.4,37.5,48.9,0.76,37,18.4,56.8,2.1,270.5,0.0,1012.4,DEMO
2026-08-16 01:00:00,HHHT006,工大金川校区,40.76,111.62,土默特左旗,15.3,20.8,9.0,27.1,56.2,0.65,22,22.9,22.8,3.9,268.5,0.0,1014.1,DEMO
2026-08-16 02:00:00,HHHT001,呼和浩特市环境监测中心站,40.8421,111.749,新城区,22.2,37.6,8.1,29.1,59.1,0.6,32,21.3,44.8,4.7,237.0,3.7,1008.1,DEMO
2026-08-16 02:00:00,HHHT002,如意开发区,40.825,111.8,赛罕区,32.5,42.0,15.4,40.9,56.1,0.8,46,25.4,48.4,3.2,63.2,0.0,1017.3,DEMO
2026-08-16 02:00:00,HHHT003,呼市一监,40.81,111.67,回民区,29.0,37.2,11.0,39.8,40.5,0.81,41,21.1,65.4,3.1,111.4,0.0,1020.7,DEMO
2026-08-16 02:00:00,HHHT004,小召前街,40.805,111.665,回民区,29.5,42.6,15.6,34.8,62.9,0.78,42,21.0,63.2,3.5,8.1,0.0,1010.5,DEMO
2026-08-16 02:00:00,HHHT005,二十九中,40.78,111.7,玉泉区,21.2,28.4,10.3,36.9,53.8,0.84,30,14.3,40.7,2.0,239.4,0.0,1007.6,DEMO
2026-08-16 02:00:00,HHHT006,工大金川校区,40.76,111.62,土默特左旗,5.0,6.3,10.0,27.8,61.3,0.57,7,17.9,38.0,3.1,21.5,0.0,1004.0,DEMO
2026-08-16 03:00:00,HHHT001,呼和浩特市环境监测中心站,40.8421,111.749,新城区,14.2,24.9,13.1,28.4,73.8,0.82,20,23.6,33.5,4.0,43.5,0.8,1006.5,DEMO
2026-08-16 03:00:00,HHHT002,如意开发区,40.825,111.8,赛罕区,19.4,24.8,11.2,27.0,52.9,0.87,28,23.8,46.3,2.4,13.0,0.0,1015.4,DEMO
2026-08-16 03:00:00,HHHT003,呼市一监,40.81,111.67,回民区,26.7,34.6,16.5,40.4,44.1,0.65,38,18.2,39.7,6.0,349.4,0.0,1011.2,DEMO
2026-08-16 03:00:00,HHHT004,小召前街,40.805,111.665,回民区,25.5,32.7,15.3,39.3,72.4,0.84,36,19.7,33.6,3.3,42.8,0.0,1018.0,DEMO
2026-08-16 03:00:00,HHHT005,二十九中,40.78,111.7,玉泉区,26.3,34.8,13.3,36.6,67.6,0.8,38,18.2,33.8,2.3,326.7,0.0,1010.8,DEMO
2026-08-16 03:00:00,HHHT006,工大金川校区,40.76,111.62,土默特左旗,5.0,6.7,14.0,27.4,44.4,0.71,7,25.0,39.6,3.8,64.1,0.0,1011.9,DEMO
2026-08-16 04:00:00,HHHT001,呼和浩特市环境监测中心站,40.8421,111.749,新城区,16.7,24.1,14.6,37.1,46.8,0.72,24,18.7,49.8,5.7,85.1,0.0,1010.1,DEMO
2026-08-16 04:00:00,HHHT002,如意开发区,40.825,111.8,赛罕区,26.2,37.8,11.8,22.3,46.0,0.96,37,26.6,48.0,2.0,158.7,0.0,1012.5,DEMO
2026-08-16 04:00:00,HHHT003,呼市一监,40.81,111.67,回民区,22.4,29.2,10.1,34.0,50.4,0.81,32,17.7,50.6,3.3,154.6,0.0,1012.3,DEMO
2026-08-16 04:00:00,HHHT004,小召前街,40.805,111.665,回民区,28.3,37.9,9.1,29.4,57.2,0.94,40,26.1,38.3,1.0,183.2,0.0,1014.3,DEMO
2026-08-16 04:00:00,HHHT005,二十九中,40.78,111.7,玉泉区,19.0,27.2,11.8,28.0,48.4,0.87,27,21.5,51.3,3.2,80.2,0.0,1013.8,DEMO
2026-08-16 04:00:00,HHHT006,工大金川校区,40.76,111.62,土默特左旗,18.3,22.9,9.8,31.9,44.7,0.88,26,20.4,53.4,3.7,210.7,0.0,1015.7,DEMO
2026-08-16 05:00:00,HHHT001,呼和浩特市环境监测中心站,40.8421,111.749,新城区,23.3,34.6,15.3,26.4,47.3,0.7,33,18.8,47.0,2.5,59.4,0.0,1009.2,DEMO
2026-08-16 05:00:00,HHHT002,如意开发区,40.825,111.8,赛罕区,25.4,36.7,16.2,35.1,60.5,0.79,36,25.6,47.9,1.6,270.4,0.0,1011.1,DEMO
2026-08-16 05:00:00,HHHT003,呼市一监,40.81,111.67,回民区,31.3,41.8,7.6,39.0,62.6,0.79,45,22.6,32.6,2.6,81.5,0.0,1010.9,DEMO
2026-08-16 05:00:00,HHHT004,小召前街,40.805,111.665,回民区,25.1,37.4,10.8,34.6,39.6,0.76,36,21.1,58.2,4.7,76.4,0.0,1010.1,DEMO
2026-08-16 05:00:00,HHHT005,二十九中,40.78,111.7,玉泉区,21.7,29.7,19.7,19.9,44.3,0.73,31,17.7,58.1,3.4,80.4,0.0,1005.7,DEMO
2026-08-16 05:00:00,HHHT006,工大金川校区,40.76,111.62,土默特左旗,13.2,18.7,9.9,32.6,56.6,0.59,19,20.0,53.4,1.8,58.5,0.0,1009.6,DEMO
2026-08-16 06:00:00,HHHT001,呼和浩特市环境监测中心站,40.8421,111.749,新城区,29.9,42.5,14.7,42.1,59.4,0.86,43,23.8,39.0,4.1,13.5,0.0,1010.6,DEMO
2026-08-16 06:00:00,HHHT002,如意开发区,40.825,111.8,赛罕区,24.1,35.9,11.9,28.9,53.5,0.7,34,18.2,15,2.8,270.5,0.0,1007.7,DEMO
2026-08-16 06:00:00,HHHT003,呼市一监,40.81,111.67,回民区,29.2,41.8,16.0,34.4,54.0,0.88,42,18.2,41.9,3.8,35.5,0.0,1012.9,DEMO
2026-08-16 06:00:00,HHHT004,小召前街,40.805,111.665,回民区,39.4,54.8,11.5,30.4,47.2,0.74,56,25.6,35.0,3.8,216.5,0.0,1017.6,DEMO
2026-08-16 06:00:00,HHHT005,二十九中,40.78,111.7,玉泉区,22.9,33.9,10.6,31.3,52.1,0.82,33,28.4,44.9,4.1,54.1,0.0,1008.9,DEMO
2026-08-16 06:00:00,HHHT006,工大金川校区,40.76,111.62,土默特左旗,12.6,18.5,12.1,37.7,62.1,0.73,18,22.2,35.4,1.5,195.0,0.0,1020.2,DEMO
2026-08-16 07:00:00,HHHT001,呼和浩特市环境监测中心站,40.8421,111.749,新城区,17.0,21.9,13.6,34.8,43.4,0.8,24,18.8,37.9,2.9,240.8,0.0,1023.0,DEMO
2026-08-16 07:00:00,HHHT002,如意开发区,40.825,111.8,赛罕区,28.8,38.0,13.4,30.9,55.3,1.04,41,16.1,43.0,1.0,66.5,0.0,1012.4,DEMO
2026-08-16 07:00:00,HHHT003,呼市一监,40.81,111.67,回民区,32.9,43.8,11.5,37.8,55.0,0.99,47,22.1,44.1,2.4,250.8,0.0,1008.9,DEMO
2026-08-16 07:00:00,HHHT004,小召前街,40.805,111.665,回民区,44.9,59.2,11.9,36.2,52.4,1.01,62,22.0,43.8,3.1,264.0,0.0,1011.0,DEMO
2026-08-16 07:00:00,HHHT005,二十九中,40.78,111.7,玉泉区,31.4,40.3,16.8,38.8,35.9,0.9,45,19.2,46.6,2.3,148.5,0.0,1006.7,DEMO
2026-08-16 07:00:00,HHHT006,工大金川校区,40.76,111.62,土默特左旗,20.5,28.4,8.1,20.2,58.7,0.89,29,26.1,38.3,1.6,194.0,0.0,1009.4,DEMO
2026-08-16 08:00:00,HHHT001,呼和浩特市环境监测中心站,40.8421,111.749,新城区,22.7,30.6,14.2,34.5,44.8,0.76,32,24.7,46.2,3.8,298.4,0.0,1011.3,DEMO
2026-08-16 08:00:00,HHHT002,如意开发区,40.825,111.8,赛罕区,33.6,51.4,12.1,41.4,51.6,0.8,48,25.9,63.1,3.8,182.3,1.0,1015.2,DEMO
2026-08-16 08:00:00,HHHT003,呼市一监,40.81,111.67,回民区,27.7,37.4,8.3,36.3,65.5,0.86,40,16.9,39.7,2.3,3.0,0.0,1008.3,DEMO
2026-08-16 08:00:00,HHHT004,小召前街,40.805,111.665,回民区,32.2,41.5,14.1,20.2,47.9,0.8,46,22.2,43.5,2.0,83.2,0.0,1008.1,DEMO
2026-08-16 08:00:00,HHHT005,二十九中,40.78,111.7,玉泉区,28.3,35.8,18.7,33.5,61.5,0.62,40,27.5,39.9,6.8,180.9,0.0,1014.2,DEMO
2026-08-16 08:00:00,HHHT006,工大金川校区,40.76,111.62,土默特左旗,14.4,20.7,12.8,22.1,48.0,0.93,21,22.0,51.0,2.6,184.2,0.0,1021.5,DEMO
2026-08-16 09:00:00,HHHT001,呼和浩特市环境监测中心站,40.8421,111.749,新城区,28.0,36.6,11.9,34.8,52.8,0.9,40,27.4,17.1,3.5,241.3,0.0,1017.6,DEMO
2026-08-16 09:00:00,HHHT002,如意开发区,40.825,111.8,赛罕区,39.7,58.2,16.1,33.7,57.3,0.79,56,22.4,54.0,1.6,343.5,0.0,1007.8,DEMO
2026-08-16 09:00:00,HHHT003,呼市一监,40.81,111.67,回民区,38.5,57.1,15.8,35.5,38.4,0.82,54,22.7,45.3,3.2,137.5,0.0,1012.5,DEMO
2026-08-16 09:00:00,HHHT004,小召前街,40.805,111.665,回民区,41.2,56.2,19.1,36.0,45.3,0.99,58,25.6,37.8,4.6,65.9,0.0,1005.3,DEMO
2026-08-16 09:00:00,HHHT005,二十九中,40.78,111.7,玉泉区,26.5,35.1,12.6,33.2,56.9,0.66,38,26.6,58.2,3.2,246.5,0.0,1011.5,DEMO
2026-08-16 09:00:00,HHHT006,工大金川校区,40.76,111.62,土默特左旗,34.3,48.9,12.7,29.6,56.5,1.01,49,25.7,42.3,3.0,50.4,0.0,1016.3,DEMO
2026-08-16 10:00:00,HHHT001,呼和浩特市环境监测中心站,40.8421,111.749,新城区,22.2,30.8,12.3,33.9,47.4,0.65,32,24.9,37.2,2.9,56.0,0.0,1013.0,DEMO
2026-08-16 10:00:00,HHHT002,如意开发区,40.825,111.8,赛罕区,29.0,39.0,13.6,28.5,45.0,0.83,41,18.1,34.7,1.2,1.0,0.0,1016.8,DEMO
2026-08-16 10:00:00,HHHT003,呼市一监,40.81,111.67,回民区,20.1,25.6,14.5,32.0,54.7,0.78,29,23.5,27.0,3.3,290.9,0.0,1013.1,DEMO
2026-08-16 10:00:00,HHHT004,小召前街,40.805,111.665,回民区,34.2,43.1,20.8,25.4,39.9,1.05,49,23.7,46.1,4.4,234.5,0.0,1015.5,DEMO
2026-08-16 10:00:00,HHHT005,二十九中,40.78,111.7,玉泉区,20.8,27.8,10.9,25.2,52.4,0.86,30,20.3,61.4,1.1,119.4,0.0,1011.2,DEMO
2026-08-16 10:00:00,HHHT006,工大金川校区,40.76,111.62,土默特左旗,5.0,7.2,12.3,22.0,64.6,0.65,7,28.0,49.9,3.9,153.9,0.0,1012.8,DEMO
2026-08-16 11:00:00,HHHT001,呼和浩特市环境监测中心站,40.8421,111.749,新城区,23.4,30.7,11.1,35.1,77.1,0.73,33,17.9,39.0,3.5,70.4,0.0,1017.0,DEMO
2026-08-16 11:00:00,HHHT002,如意开发区,40.825,111.8,赛罕区,30.6,38.4,9.9,36.4,59.2,0.71,44,15.9,46.0,3.9,117.5,0.0,1011.7,DEMO
2026-08-16 11:00:00,HHHT003,呼市一监,40.81,111.67,回民区,32.1,43.2,13.5,28.2,46.7,0.72,46,18.8,58.1,3.0,264.6,0.0,1010.1,DEMO
2026-08-16 11:00:00,HHHT004,小召前街,40.805,111.665,回民区,28.1,41.8,11.3,29.7,55.6,0.83,40,20.6,40.4,4.0,230.7,0.0,1014.5,DEMO
2026-08-16 11:00:00,HHHT005,二十九中,40.78,111.7,玉泉区,25.5,34.6,11.4,35.3,72.5,0.9,36,23.3,42.7,2.3,53.9,0.0,1009.0,DEMO
2026-08-16 11:00:00,HHHT006,工大金川校区,40.76,111.62,土默特左旗,10.1,15.0,12.7,34.4,56.2,0.73,14,28.1,53.8,3.8,352.4,0.0,1014.9,DEMO
2026-08-16 12:00:00,HHHT001,呼和浩特市环境监测中心站,40.8421,111.749,新城区,15.3,19.7,15.8,22.4,59.2,0.58,22,23.1,27.6,3.9,120.7,0.0,1015.8,DEMO
2026-08-16 12:00:00,HHHT002,如意开发区,40.825,111.8,赛罕区,27.3,40.9,14.0,27.8,62.8,0.76,39,19.7,62.0,2.8,212.4,1.2,1006.4,DEMO
2026-08-16 12:00:00,HHHT003,呼市一监,40.81,111.67,回民区,34.1,43.3,12.6,34.4,65.5,0.72,49,26.6,60.0,1.4,358.0,0.0,1010.3,DEMO
2026-08-16 12:00:00,HHHT004,小召前街,40.805,111.665,回民区,43.0,59.5,16.7,29.9,57.5,1.11,60,24.6,34.0,2.4,177.6,0.0,1012.4,DEMO
2026-08-16 12:00:00,HHHT005,二十九中,40.78,111.7,玉泉区,22.6,29.0,13.0,31.5,61.7,0.72,32,24.4,43.1,2.9,309.8,0.0,1016.0,DEMO
2026-08-16 12:00:00,HHHT006,工大金川校区,40.76,111.62,土默特左旗,13.0,19.3,11.1,28.8,56.5,0.82,19,16.9,48.8,1.0,142.8,0.0,1007.2,DEMO
2026-08-16 13:00:00,HHHT001,呼和浩特市环境监测中心站,40.8421,111.749,新城区,17.6,24.7,9.7,29.5,62.8,0.77,25,23.8,44.2,3.4,102.4,0.0,1011.5,DEMO
2026-08-16 13:00:00,HHHT002,如意开发区,40.825,111.8,赛罕区,32.6,46.7,19.8,30.5,52.3,0.68,47,22.4,38.1,1.8,52.4,0.0,1008.7,DEMO
2026-08-16 13:00:00,HHHT003,呼市一监,40.81,111.67,回民区,32.8,46.0,13.3,36.9,57.8,0.82,47,19.3,53.2,1.9,237.8,0.0,1011.4,DEMO
2026-08-16 13:00:00,HHHT004,小召前街,40.805,111.665,回民区,31.8,45.2,13.7,33.2,59.6,1.09,45,21.5,56.1,5.2,254.1,0.0,1012.3,DEMO
2026-08-16 13:00:00,HHHT005,二十九中,40.78,111.7,玉泉区,26.6,37.5,15.0,30.5,60.2,0.94,38,21.8,47.9,4.1,279.1,0.0,1009.7,DEMO
2026-08-16 13:00:00,HHHT006,工大金川校区,40.76,111.62,土默特左旗,5.0,7.2,12.4,25.9,59.5,0.52,7,22.7,56.0,4.0,36.1,0.0,1013.5,DEMO
2026-08-16 14:00:00,HHHT001,呼和浩特市环境监测中心站,40.8421,111.749,新城区,21.1,29.3,9.1,39.1,43.6,0.77,30,20.5,51.4,0.3,293.2,0.0,1014.0,DEMO
2026-08-16 14:00:00,HHHT002,如意开发区,40.825,111.8,赛罕区,27.8,40.9,19.8,31.9,55.6,0.82,40,17.7,58.1,1.3,183.8,0.0,1005.2,DEMO
2026-08-16 14:00:00,HHHT003,呼市一监,40.81,111.67,回民区,28.6,42.8,17.5,35.0,60.9,0.76,41,21.7,52.9,4.5,234.6,0.0,1010.6,DEMO
2026-08-16 14:00:00,HHHT004,小召前街,40.805,111.665,回民区,32.8,47.0,13.5,35.5,56.2,0.71,47,20.9,46.0,0.3,38.8,0.0,1012.9,DEMO
2026-08-16 14:00:00,HHHT005,二十九中,40.78,111.7,玉泉区,33.3,55.4,15.9,27.7,51.0,1.01,48,22.3,36.4,3.2,315.5,3.6,1010.2,DEMO
2026-08-16 14:00:00,HHHT006,工大金川校区,40.76,111.62,土默特左旗,15.9,21.6,10.0,26.5,65.9,0.68,23,19.6,66.7,3.0,250.8,0.0,1012.0,DEMO
2026-08-16 15:00:00,HHHT001,呼和浩特市环境监测中心站,40.8421,111.749,新城区,25.7,36.4,17.3,35.1,74.7,0.79,37,21.4,37.3,1.6,343.2,0.0,1009.0,DEMO
2026-08-16 15:00:00,HHHT002,如意开发区,40.825,111.8,赛罕区,34.2,47.6,15.9,42.0,62.8,0.91,49,24.9,54.7,1.9,340.8,0.0,1017.3,DEMO
2026-08-16 15:00:00,HHHT003,呼市一监,40.81,111.67,回民区,31.3,44.1,13.8,38.1,58.0,0.9,45,19.3,33.2,3.8,211.1,0.0,1015.1,DEMO
2026-08-16 15:00:00,HHHT004,小召前街,40.805,111.665,回民区,35.2,44.5,9.9,24.1,63.0,0.75,50,13.4,35.5,3.0,274.3,0.0,1012.5,DEMO
2026-08-16 15:00:00,HHHT005,二十九中,40.78,111.7,玉泉区,21.4,30.0,11.7,26.6,68.9,0.83,31,24.8,46.4,4.8,120.5,0.0,1014.5,DEMO
2026-08-16 15:00:00,HHHT006,工大金川校区,40.76,111.62,土默特左旗,5.5,7.4,9.1,31.9,68.6,0.66,8,15.0,47.8,2.4,19.5,0.0,1010.2,DEMO
2026-08-16 16:00:00,HHHT001,呼和浩特市环境监测中心站,40.8421,111.749,新城区,15.9,20.6,8.6,24.6,66.1,0.66,23,26.9,37.7,3.0,59.0,0.0,1018.0,DEMO
2026-08-16 16:00:00,HHHT002,如意开发区,40.825,111.8,赛罕区,15.4,21.6,18.1,32.8,66.9,0.78,22,20.0,56.5,4.0,207.2,0.0,1016.5,DEMO
2026-08-16 16:00:00,HHHT003,呼市一监,40.81,111.67,回民区,28.6,37.0,12.7,31.6,47.8,0.84,41,19.3,58.5,2.9,210.5,0.0,1012.4,DEMO
2026-08-16 16:00:00,HHHT004,小召前街,40.805,111.665,回民区,42.6,63.7,14.3,37.2,62.4,1.11,59,24.2,31.3,3.8,77.0,0.0,1010.3,DEMO
2026-08-16 16:00:00,HHHT005,二十九中,40.78,111.7,玉泉区,22.6,36.0,10.0,23.5,50.3,0.73,32,17.0,43.4,4.8,280.9,3.9,1009.9,DEMO
2026-08-16 16:00:00,HHHT006,工大金川校区,40.76,111.62,土默特左旗,20.4,29.8,16.2,33.4,60.0,0.66,29,18.5,38.9,3.2,359.6,0.0,1010.0,DEMO
2026-08-16 17:00:00,HHHT001,呼和浩特市环境监测中心站,40.8421,111.749,新城区,30.1,42.5,13.8,34.9,51.4,0.74,43,22.5,35.2,3.0,330.8,0.0,1014.1,DEMO
2026-08-16 17:00:00,HHHT002,如意开发区,40.825,111.8,赛罕区,40.2,50.6,9.6,39.0,51.4,1.04,56,24.7,78.1,1.8,314.7,0.0,1010.6,DEMO
2026-08-16 17:00:00,HHHT003,呼市一监,40.81,111.67,回民区,31.6,45.6,18.0,40.9,44.7,0.78,45,22.4,54.0,3.6,104.2,0.0,1010.3,DEMO
2026-08-16 17:00:00,HHHT004,小召前街,40.805,111.665,回民区,46.9,61.2,11.4,32.2,40.5,0.95,65,19.9,45.9,3.4,232.9,0.0,1012.4,DEMO
2026-08-16 17:00:00,HHHT005,二十九中,40.78,111.7,玉泉区,25.4,35.5,11.7,28.2,64.2,0.91,36,19.6,42.8,4.0,19.0,0.0,1012.1,DEMO
2026-08-16 17:00:00,HHHT006,工大金川校区,40.76,111.62,土默特左旗,23.8,30.7,16.2,28.1,37.1,0.94,34,21.7,45.0,4.0,337.0,0.0,1014.3,DEMO
2026-08-16 18:00:00,HHHT001,呼和浩特市环境监测中心站,40.8421,111.749,新城区,40.2,55.0,12.0,40.4,44.2,0.84,57,24.0,65.6,1.9,196.4,0.0,1012.7,DEMO
2026-08-16 18:00:00,HHHT002,如意开发区,40.825,111.8,赛罕区,29.8,41.3,15.4,39.2,60.7,0.79,43,20.1,58.4,3.0,276.6,0.0,1017.7,DEMO
2026-08-16 18:00:00,HHHT003,呼市一监,40.81,111.67,回民区,32.8,44.0,14.2,34.5,49.7,0.89,47,21.6,58.2,4.0,73.4,0.0,1015.3,DEMO
2026-08-16 18:00:00,HHHT004,小召前街,40.805,111.665,回民区,42.6,60.1,13.1,35.9,53.3,0.83,60,17.0,51.7,1.8,323.6,0.0,1013.9,DEMO
2026-08-16 18:00:00,HHHT005,二十九中,40.78,111.7,玉泉区,39.2,51.9,10.3,36.1,52.4,0.99,55,22.7,37.2,4.2,255.8,0.0,1013.0,DEMO
2026-08-16 18:00:00,HHHT006,工大金川校区,40.76,111.62,土默特左旗,28.3,36.0,14.5,34.7,39.7,0.84,40,23.5,45.4,2.1,92.9,0.0,1017.7,DEMO
2026-08-16 19:00:00,HHHT001,呼和浩特市环境监测中心站,40.8421,111.749,新城区,25.6,33.2,12.7,33.5,54.4,0.7,37,22.6,32.4,3.2,156.5,0.0,1019.5,DEMO
2026-08-16 19:00:00,HHHT002,如意开发区,40.825,111.8,赛罕区,37.8,50.2,11.8,38.6,60.9,1.05,54,23.4,52.0,2.7,310.1,0.0,1009.1,DEMO
2026-08-16 19:00:00,HHHT003,呼市一监,40.81,111.67,回民区,32.4,43.9,14.0,28.7,57.5,0.77,46,21.4,42.3,2.9,98.5,0.0,1008.3,DEMO
2026-08-16 19:00:00,HHHT004,小召前街,40.805,111.665,回民区,43.2,56.3,11.0,36.2,56.3,0.76,60,24.4,33.5,3.3,214.8,0.0,1008.2,DEMO
2026-08-16 19:00:00,HHHT005,二十九中,40.78,111.7,玉泉区,36.5,52.9,12.5,32.6,40.7,0.87,52,19.5,35.8,2.7,164.2,0.0,1007.6,DEMO
2026-08-16 19:00:00,HHHT006,工大金川校区,40.76,111.62,土默特左旗,19.7,27.3,9.9,37.6,57.9,0.81,28,24.4,38.7,4.8,199.7,0.0,1010.6,DEMO
2026-08-16 20:00:00,HHHT001,呼和浩特市环境监测中心站,40.8421,111.749,新城区,36.7,54.2,9.6,29.6,43.1,0.84,52,26.8,42.0,2.1,320.3,0.0,1017.3,DEMO
2026-08-16 20:00:00,HHHT002,如意开发区,40.825,111.8,赛罕区,29.3,43.6,13.2,37.3,36.1,0.89,42,19.9,64.0,2.1,230.2,0.0,1012.7,DEMO
2026-08-16 20:00:00,HHHT003,呼市一监,40.81,111.67,回民区,34.2,49.9,11.4,34.9,39.8,0.84,49,18.5,66.3,1.3,45.2,0.0,1010.4,DEMO
2026-08-16 20:00:00,HHHT004,小召前街,40.805,111.665,回民区,41.9,62.0,16.1,46.6,36.9,0.95,59,19.6,62.3,2.0,14.6,0.0,1009.4,DEMO
2026-08-16 20:00:00,HHHT005,二十九中,40.78,111.7,玉泉区,25.2,36.1,11.7,29.6,38.6,0.8,36,21.8,42.1,2.8,168.5,0.0,1013.2,DEMO
2026-08-16 20:00:00,HHHT006,工大金川校区,40.76,111.62,土默特左旗,24.8,36.6,7.7,30.7,44.3,0.97,35,19.7,45.8,4.4,51.9,0.0,1013.0,DEMO
2026-08-16 21:00:00,HHHT001,呼和浩特市环境监测中心站,40.8421,111.749,新城区,24.9,33.9,11.9,27.5,61.5,0.96,36,17.3,59.9,1.7,284.2,0.0,1009.6,DEMO
2026-08-16 21:00:00,HHHT002,如意开发区,40.825,111.8,赛罕区,28.4,40.8,13.5,37.7,42.7,0.83,41,20.6,59.3,4.9,90.3,0.0,1005.2,DEMO
2026-08-16 21:00:00,HHHT003,呼市一监,40.81,111.67,回民区,28.0,36.6,13.2,31.6,61.2,0.79,40,20.5,47.0,2.8,272.7,0.0,1015.4,DEMO
2026-08-16 21:00:00,HHHT004,小召前街,40.805,111.665,回民区,34.0,43.0,8.2,31.7,48.0,0.93,49,21.9,53.3,2.6,75.4,0.0,1004.5,DEMO
2026-08-16 21:00:00,HHHT005,二十九中,40.78,111.7,玉泉区,18.7,24.4,14.1,35.0,48.2,0.58,27,26.5,40.7,5.3,49.4,0.0,1009.1,DEMO
2026-08-16 21:00:00,HHHT006,工大金川校区,40.76,111.62,土默特左旗,20.7,28.8,13.6,30.7,58.3,0.65,30,17.9,55.4,4.7,296.0,0.0,1007.8,DEMO
2026-08-16 22:00:00,HHHT001,呼和浩特市环境监测中心站,40.8421,111.749,新城区,36.8,49.3,12.9,38.8,50.9,1.04,52,19.3,54.9,2.3,175.4,0.0,1013.3,DEMO
2026-08-16 22:00:00,HHHT002,如意开发区,40.825,111.8,赛罕区,26.5,35.1,9.8,30.4,59.3,0.86,38,23.0,57.3,3.4,106.4,0.0,1012.6,DEMO
2026-08-16 22:00:00,HHHT003,呼市一监,40.81,111.67,回民区,21.9,29.7,10.2,31.8,70.1,0.78,31,19.0,56.0,3.2,131.8,0.0,1008.1,DEMO
2026-08-16 22:00:00,HHHT004,小召前街,40.805,111.665,回民区,33.8,43.1,17.0,33.8,50.9,1.0,48,21.3,55.5,4.6,252.7,0.0,1010.2,DEMO
2026-08-16 22:00:00,HHHT005,二十九中,40.78,111.7,玉泉区,30.1,45.0,13.3,33.9,46.5,0.73,43,23.3,39.5,0.5,131.4,0.0,1012.5,DEMO
2026-08-16 22:00:00,HHHT006,工大金川校区,40.76,111.62,土默特左旗,16.4,21.0,9.8,28.0,44.1,0.61,23,25.3,52.4,2.1,313.1,0.0,1013.4,DEMO
2026-08-16 23:00:00,HHHT001,呼和浩特市环境监测中心站,40.8421,111.749,新城区,24.3,30.6,13.3,27.8,52.8,0.57,35,20.2,33.0,0.4,1.3,0.0,1007.7,DEMO
2026-08-16 23:00:00,HHHT002,如意开发区,40.825,111.8,赛罕区,23.9,33.6,10.9,27.6,53.9,0.68,34,22.2,59.6,3.7,274.5,0.0,1021.2,DEMO
2026-08-16 23:00:00,HHHT003,呼市一监,40.81,111.67,回民区,33.5,43.0,13.9,27.5,52.2,0.85,48,20.5,23.0,1.1,34.6,0.0,1015.5,DEMO
2026-08-16 23:00:00,HHHT004,小召前街,40.805,111.665,回民区,20.2,29.2,13.1,23.2,50.4,0.74,29,25.0,27.0,3.6,248.2,0.0,1014.6,DEMO
2026-08-16 23:00:00,HHHT005,二十九中,40.78,111.7,玉泉区,31.0,44.5,13.0,36.1,52.1,0.95,44,21.0,35.1,3.5,113.9,0.0,1004.9,DEMO
2026-08-16 23:00:00,HHHT006,工大金川校区,40.76,111.62,土默特左旗,20.0,29.8,15.0,29.3,66.6,0.95,29,20.9,30.6,2.8,146.0,0.0,1004.5,DEMO
2026-08-17 00:00:00,HHHT001,呼和浩特市环境监测中心站,40.8421,111.749,新城区,19.3,25.5,11.4,29.2,64.3,0.6,28,22.7,48.2,3.8,166.3,0.0,1011.4,DEMO
2026-08-17 00:00:00,HHHT002,如意开发区,40.825,111.8,赛罕区,20.6,29.4,10.9,31.8,38.3,0.75,29,22.9,47.6,5.1,153.6,0.0,1017.1,DEMO
2026-08-17 00:00:00,HHHT003,呼市一监,40.81,111.67,回民区,26.4,36.2,12.4,30.3,48.9,0.77,38,21.2,44.5,0.7,251.5,0.0,1007.7,DEMO
2026-08-17 00:00:00,HHHT004,小召前街,40.805,111.665,回民区,28.4,41.6,11.6,18.0,49.2,0.84,41,21.7,33.7,2.8,167.5,0.0,1013.4,DEMO
2026-08-17 00:00:00,HHHT005,二十九中,40.78,111.7,玉泉区,19.8,32.8,16.2,32.7,63.9,0.9,28,28.3,44.5,3.8,327.5,0.9,1008.9,DEMO
2026-08-17 00:00:00,HHHT006,工大金川校区,40.76,111.62,土默特左旗,16.5,23.5,16.2,34.5,69.4,0.75,24,23.8,59.6,3.4,20.6,0.0,1012.9,DEMO
2026-08-17 01:00:00,HHHT001,呼和浩特市环境监测中心站,40.8421,111.749,新城区,17.3,24.1,20.0,34.7,51.9,0.73,25,22.8,40.8,5.7,34.5,0.0,1011.2,DEMO
2026-08-17 01:00:00,HHHT002,如意开发区,40.825,111.8,赛罕区,21.5,31.8,9.2,19.4,54.6,0.94,31,24.3,57.8,3.1,77.7,1.9,1015.6,DEMO
2026-08-17 01:00:00,HHHT003,呼市一监,40.81,111.67,回民区,25.5,41.3,10.6,38.0,46.3,0.84,36,22.6,44.8,3.9,318.5,3.3,1008.3,DEMO
2026-08-17 01:00:00,HHHT004,小召前街,40.805,111.665,回民区,42.6,55.0,16.9,34.4,30.6,0.93,59,23.5,27.1,2.7,148.2,0.0,1012.1,DEMO
2026-08-17 01:00:00,HHHT005,二十九中,40.78,111.7,玉泉区,35.9,47.5,7.5,35.8,52.5,0.94,51,17.5,57.1,4.0,157.3,0.0,1015.6,DEMO
2026-08-17 01:00:00,HHHT006,工大金川校区,40.76,111.62,土默特左旗,12.7,18.9,12.1,36.2,43.0,0.64,18,25.1,35.5,1.5,270.8,0.0,1019.0,DEMO
2026-08-17 02:00:00,HHHT001,呼和浩特市环境监测中心站,40.8421,111.749,新城区,12.9,21.5,13.8,28.9,61.2,0.67,18,23.8,48.2,4.7,8.7,1.9,1014.7,DEMO
2026-08-17 02:00:00,HHHT002,如意开发区,40.825,111.8,赛罕区,13.0,17.4,11.2,26.9,52.5,0.75,19,27.3,44.9,3.8,59.8,0.0,1012.4,DEMO
2026-08-17 02:00:00,HHHT003,呼市一监,40.81,111.67,回民区,26.9,39.0,12.6,27.1,52.1,0.73,38,21.4,51.8,2.6,212.4,0.0,1008.0,DEMO
2026-08-17 02:00:00,HHHT004,小召前街,40.805,111.665,回民区,24.3,31.2,2.2,30.7,58.9,0.89,35,26.5,57.7,0.8,224.2,0.0,1009.4,DEMO
2026-08-17 02:00:00,HHHT005,二十九中,40.78,111.7,玉泉区,25.6,38.2,13.1,34.2,58.4,0.82,37,23.7,30.8,3.3,95.7,0.0,1014.9,DEMO
2026-08-17 02:00:00,HHHT006,工大金川校区,40.76,111.62,土默特左旗,12.4,17.9,14.5,18.3,51.6,0.57,18,22.6,57.2,1.6,171.1,0.0,1007.9,DEMO
2026-08-17 03:00:00,HHHT001,呼和浩特市环境监测中心站,40.8421,111.749,新城区,9.7,12.8,12.2,30.8,57.0,0.74,14,21.1,31.9,4.0,67.5,0.0,1009.3,DEMO
2026-08-17 03:00:00,HHHT002,如意开发区,40.825,111.8,赛罕区,24.3,34.8,6.1,32.9,53.1,0.8,35,23.7,45.3,3.0,20.5,0.0,1012.5,DEMO
2026-08-17 03:00:00,HHHT003,呼市一监,40.81,111.67,回民区,20.8,28.7,15.5,31.2,50.7,0.67,30,22.2,48.8,3.9,225.8,0.0,1012.3,DEMO
2026-08-17 03:00:00,HHHT004,小召前街,40.805,111.665,回民区,26.1,33.4,13.5,31.9,50.2,1.0,37,23.5,38.0,1.1,331.1,0.0,1009.8,DEMO
2026-08-17 03:00:00,HHHT005,二十九中,40.78,111.7,玉泉区,8.0,11.8,8.4,28.9,40.5,0.63,11,24.7,54.6,1.7,219.8,0.0,1011.7,DEMO
2026-08-17 03:00:00,HHHT006,工大金川校区,40.76,111.62,土默特左旗,5.0,7.4,17.9,43.0,48.8,0.53,7,19.2,40.3,1.4,188.2,0.0,1010.7,DEMO
2026-08-17 04:00:00,HHHT001,呼和浩特市环境监测中心站,40.8421,111.749,新城区,24.6,33.9,11.1,30.2,54.7,0.83,35,14.6,59.9,3.9,34.6,0.0,1013.6,DEMO
2026-08-17 04:00:00,HHHT002,如意开发区,40.825,111.8,赛罕区,21.0,28.2,12.8,25.7,61.9,0.78,30,20.0,39.6,3.9,10.2,0.0,1001.8,DEMO
2026-08-17 04:00:00,HHHT003,呼市一监,40.81,111.67,回民区,21.4,28.7,15.1,29.6,50.7,0.78,31,21.6,47.8,3.9,130.1,0.0,1017.1,DEMO
2026-08-17 04:00:00,HHHT004,小召前街,40.805,111.665,回民区,22.8,29.4,14.1,27.4,53.2,0.92,33,24.1,37.6,1.4,351.6,0.0,1018.3,DEMO
2026-08-17 04:00:00,HHHT005,二十九中,40.78,111.7,玉泉区,13.7,20.2,9.7,26.6,42.1,0.61,20,23.9,58.1,1.8,130.7,0.0,1017.0,DEMO
2026-08-17 04:00:00,HHHT006,工大金川校区,40.76,111.62,土默特左旗,17.9,23.8,14.3,32.3,57.2,0.86,26,24.1,43.7,1.7,212.2,0.0,1009.0,DEMO
2026-08-17 05:00:00,HHHT001,呼和浩特市环境监测中心站,40.8421,111.749,新城区,15.8,20.9,13.9,31.6,55.8,0.48,23,22.0,48.5,2.9,247.2,0.0,1009.5,DEMO
2026-08-17 05:00:00,HHHT002,如意开发区,40.825,111.8,赛罕区,24.0,37.8,17.8,19.0,52.9,0.86,34,23.8,40.9,4.5,82.2,1.9,1010.8,DEMO
2026-08-17 05:00:00,HHHT003,呼市一监,40.81,111.67,回民区,25.6,35.7,12.8,26.4,64.5,0.83,37,22.2,52.1,3.4,85.8,0.0,1017.2,DEMO
2026-08-17 05:00:00,HHHT004,小召前街,40.805,111.665,回民区,41.1,52.6,12.7,36.2,44.9,0.83,58,19.5,21.1,2.5,214.6,0.0,1011.2,DEMO
2026-08-17 05:00:00,HHHT005,二十九中,40.78,111.7,玉泉区,15.7,23.3,10.2,30.5,49.8,0.46,22,16.2,56.3,2.3,238.3,0.0,1013.0,DEMO
2026-08-17 05:00:00,HHHT006,工大金川校区,40.76,111.62,土默特左旗,10.7,13.5,10.6,38.5,48.7,0.8,15,20.3,44.0,5.6,325.3,0.0,1012.2,DEMO
2026-08-17 06:00:00,HHHT001,呼和浩特市环境监测中心站,40.8421,111.749,新城区,18.9,24.8,11.8,26.0,44.5,0.76,27,22.1,39.7,5.0,269.8,0.0,1018.3,DEMO
2026-08-17 06:00:00,HHHT002,如意开发区,40.825,111.8,赛罕区,22.5,33.7,7.3,29.9,51.4,0.75,32,24.9,56.3,4.0,271.6,0.0,1008.2,DEMO
2026-08-17 06:00:00,HHHT003,呼市一监,40.81,111.67,回民区,21.4,31.9,10.8,27.3,68.1,0.77,31,28.3,70.3,3.5,264.5,0.0,1014.0,DEMO
2026-08-17 06:00:00,HHHT004,小召前街,40.805,111.665,回民区,26.5,37.3,12.8,26.4,53.5,0.86,38,19.9,50.9,0.8,240.2,0.0,1011.7,DEMO
2026-08-17 06:00:00,HHHT005,二十九中,40.78,111.7,玉泉区,15.1,22.2,10.4,31.9,50.2,0.82,22,23.7,51.6,3.3,119.8,0.0,1010.3,DEMO
2026-08-17 06:00:00,HHHT006,工大金川校区,40.76,111.62,土默特左旗,14.6,20.9,11.0,31.8,59.2,0.66,21,19.9,57.2,5.0,337.6,0.0,1010.9,DEMO
2026-08-17 07:00:00,HHHT001,呼和浩特市环境监测中心站,40.8421,111.749,新城区,20.8,26.5,9.7,29.7,55.9,0.89,30,17.3,55.2,4.1,240.7,0.0,1011.7,DEMO
2026-08-17 07:00:00,HHHT002,如意开发区,40.825,111.8,赛罕区,31.7,43.6,17.2,24.8,40.3,0.83,45,19.7,56.1,3.0,308.5,0.0,1007.2,DEMO
2026-08-17 07:00:00,HHHT003,呼市一监,40.81,111.67,回民区,11.2,14.0,8.0,34.9,58.7,0.69,16,25.4,26.0,2.4,276.3,0.0,1014.5,DEMO
2026-08-17 07:00:00,HHHT004,小召前街,40.805,111.665,回民区,27.2,41.0,11.5,42.0,55.2,0.85,39,24.3,68.8,2.5,238.8,3.8,1007.1,DEMO
2026-08-17 07:00:00,HHHT005,二十九中,40.78,111.7,玉泉区,33.4,50.1,14.7,33.5,49.8,0.82,48,19.9,55.9,4.0,48.5,0.0,1014.6,DEMO
2026-08-17 07:00:00,HHHT006,工大金川校区,40.76,111.62,土默特左旗,10.2,13.3,15.5,41.2,49.4,0.72,15,20.8,47.4,3.7,9.1,0.0,1013.3,DEMO
2026-08-17 08:00:00,HHHT001,呼和浩特市环境监测中心站,40.8421,111.749,新城区,15.9,23.0,15.4,36.0,39.1,0.88,23,19.5,39.1,2.4,222.1,0.0,1017.6,DEMO
2026-08-17 08:00:00,HHHT002,如意开发区,40.825,111.8,赛罕区,28.2,39.9,15.8,32.1,42.2,0.86,40,20.6,43.4,3.0,23.4,0.0,1008.8,DEMO
2026-08-17 08:00:00,HHHT003,呼市一监,40.81,111.67,回民区,32.6,45.0,13.0,32.6,60.1,0.8,47,22.8,39.7,3.5,41.2,0.0,1014.5,DEMO
2026-08-17 08:00:00,HHHT004,小召前街,40.805,111.665,回民区,29.4,40.1,14.8,24.5,50.2,0.99,42,22.3,57.6,3.8,281.6,0.0,1013.1,DEMO
2026-08-17 08:00:00,HHHT005,二十九中,40.78,111.7,玉泉区,29.0,42.7,8.8,19.7,51.4,0.95,41,19.2,61.5,2.9,161.6,0.0,1013.2,DEMO
2026-08-17 08:00:00,HHHT006,工大金川校区,40.76,111.62,土默特左旗,22.8,28.5,14.3,23.3,42.7,0.71,33,26.2,50.9,1.9,226.7,0.0,1006.4,DEMO
2026-08-17 09:00:00,HHHT001,呼和浩特市环境监测中心站,40.8421,111.749,新城区,26.3,37.3,18.5,29.6,62.7,0.96,38,22.4,64.5,2.0,140.7,0.0,1015.9,DEMO
2026-08-17 09:00:00,HHHT002,如意开发区,40.825,111.8,赛罕区,41.1,57.1,15.4,29.1,45.0,0.92,58,17.9,57.3,6.5,265.6,0.0,1011.3,DEMO
2026-08-17 09:00:00,HHHT003,呼市一监,40.81,111.67,回民区,25.6,37.5,11.8,35.9,51.8,0.6,37,19.9,43.7,4.0,341.9,0.0,1009.2,DEMO
2026-08-17 09:00:00,HHHT004,小召前街,40.805,111.665,回民区,44.4,65.8,14.8,35.0,57.1,1.2,62,21.8,34.8,4.5,336.1,0.0,1010.7,DEMO
2026-08-17 09:00:00,HHHT005,二十九中,40.78,111.7,玉泉区,28.3,40.3,9.3,24.9,45.8,0.79,40,18.2,58.1,2.5,83.7,0.0,1009.2,DEMO
2026-08-17 09:00:00,HHHT006,工大金川校区,40.76,111.62,土默特左旗,14.9,25.5,12.0,25.2,58.2,0.8,21,17.6,36.2,4.8,231.3,2.0,1015.1,DEMO
2026-08-17 10:00:00,HHHT001,呼和浩特市环境监测中心站,40.8421,111.749,新城区,18.9,27.0,17.4,31.1,67.4,0.67,27,23.6,38.9,1.7,117.3,0.0,1010.3,DEMO
2026-08-17 10:00:00,HHHT002,如意开发区,40.825,111.8,赛罕区,25.4,33.4,16.8,37.6,51.6,0.86,36,21.4,24.7,4.1,5.3,0.0,1007.2,DEMO
2026-08-17 10:00:00,HHHT003,呼市一监,40.81,111.67,回民区,22.3,32.9,15.5,36.2,60.1,0.83,32,26.2,36.5,3.9,253.2,0.0,1012.8,DEMO
2026-08-17 10:00:00,HHHT004,小召前街,40.805,111.665,回民区,27.2,35.0,16.0,34.8,42.7,0.83,39,24.3,33.2,3.1,141.7,0.0,1004.7,DEMO
2026-08-17 10:00:00,HHHT005,二十九中,40.78,111.7,玉泉区,17.6,25.3,12.6,39.2,45.0,0.79,25,18.9,49.3,3.6,89.8,0.0,1009.3,DEMO
2026-08-17 10:00:00,HHHT006,工大金川校区,40.76,111.62,土默特左旗,17.2,25.0,13.0,31.7,43.8,0.9,25,19.2,67.9,3.8,0.2,0.0,1011.8,DEMO
2026-08-17 11:00:00,HHHT001,呼和浩特市环境监测中心站,40.8421,111.749,新城区,17.6,22.1,15.9,32.8,67.5,0.57,25,24.0,43.4,4.5,65.2,0.0,1010.0,DEMO
2026-08-17 11:00:00,HHHT002,如意开发区,40.825,111.8,赛罕区,32.1,43.3,5.3,40.3,55.2,0.91,46,19.5,52.3,4.4,128.1,0.0,1010.4,DEMO
2026-08-17 11:00:00,HHHT003,呼市一监,40.81,111.67,回民区,30.2,42.6,14.9,30.1,56.4,0.85,43,22.4,47.4,3.3,301.6,0.0,1013.0,DEMO
2026-08-17 11:00:00,HHHT004,小召前街,40.805,111.665,回民区,35.5,49.7,14.5,34.7,68.4,0.85,51,20.6,45.3,4.1,206.3,0.0,1004.5,DEMO
2026-08-17 11:00:00,HHHT005,二十九中,40.78,111.7,玉泉区,19.5,26.9,15.8,25.0,66.2,0.89,28,28.7,44.3,2.8,204.9,0.0,1012.5,DEMO
2026-08-17 11:00:00,HHHT006,工大金川校区,40.76,111.62,土默特左旗,7.6,10.4,8.0,21.7,55.9,0.75,11,24.6,47.9,4.7,254.5,0.0,1011.0,DEMO
2026-08-17 12:00:00,HHHT001,呼和浩特市环境监测中心站,40.8421,111.749,新城区,16.2,21.5,14.3,22.7,44.5,0.73,23,26.1,52.6,3.3,157.1,0.0,1010.4,DEMO
2026-08-17 12:00:00,HHHT002,如意开发区,40.825,111.8,赛罕区,30.1,41.6,14.6,34.1,63.4,0.87,43,27.6,56.1,4.6,184.0,0.0,1015.9,DEMO
2026-08-17 12:00:00,HHHT003,呼市一监,40.81,111.67,回民区,24.8,31.9,16.3,38.5,67.8,0.64,35,28.4,59.9,3.4,28.7,0.0,1006.5,DEMO
2026-08-17 12:00:00,HHHT004,小召前街,40.805,111.665,回民区,30.7,45.2,11.8,29.7,64.1,0.9,44,22.3,51.9,3.5,71.7,0.0,1008.5,DEMO
2026-08-17 12:00:00,HHHT005,二十九中,40.78,111.7,玉泉区,21.5,27.9,11.6,33.2,65.4,0.78,31,23.8,32.7,3.6,277.9,0.0,1017.0,DEMO
2026-08-17 12:00:00,HHHT006,工大金川校区,40.76,111.62,土默特左旗,10.3,13.6,13.0,37.0,59.3,0.49,15,21.5,64.7,6.0,58.1,0.0,1009.7,DEMO
2026-08-17 13:00:00,HHHT001,呼和浩特市环境监测中心站,40.8421,111.749,新城区,17.0,25.2,14.6,22.4,70.2,0.64,24,20.8,48.1,0.4,66.5,0.0,1011.3,DEMO
2026-08-17 13:00:00,HHHT002,如意开发区,40.825,111.8,赛罕区,30.1,39.3,17.6,30.1,68.9,0.88,43,24.5,40.8,3.3,12.4,0.0,1014.7,DEMO
2026-08-17 13:00:00,HHHT003,呼市一监,40.81,111.67,回民区,24.7,35.5,10.6,31.9,75.3,0.87,35,25.8,49.7,3.0,157.0,0.0,1003.1,DEMO
2026-08-17 13:00:00,HHHT004,小召前街,40.805,111.665,回民区,18.7,26.7,16.4,29.2,60.2,0.71,27,20.8,38.5,2.9,102.4,0.0,1011.6,DEMO
2026-08-17 13:00:00,HHHT005,二十九中,40.78,111.7,玉泉区,16.0,22.2,13.5,28.1,53.5,0.77,23,24.4,77.4,3.9,30.7,0.0,1010.8,DEMO
2026-08-17 13:00:00,HHHT006,工大金川校区,40.76,111.62,土默特左旗,15.4,20.3,12.7,29.4,50.5,0.88,22,26.0,42.9,2.2,296.6,0.0,1012.9,DEMO
2026-08-17 14:00:00,HHHT001,呼和浩特市环境监测中心站,40.8421,111.749,新城区,16.1,23.1,12.3,31.0,62.2,0.73,23,12.4,45.8,3.2,304.0,0.0,1020.1,DEMO
2026-08-17 14:00:00,HHHT002,如意开发区,40.825,111.8,赛罕区,35.4,51.1,19.6,22.6,53.1,0.89,50,22.9,43.8,2.3,226.1,0.0,1013.0,DEMO
2026-08-17 14:00:00,HHHT003,呼市一监,40.81,111.67,回民区,24.1,36.8,13.8,32.4,63.3,0.91,34,20.4,56.2,3.2,163.9,3.3,1018.0,DEMO
2026-08-17 14:00:00,HHHT004,小召前街,40.805,111.665,回民区,24.1,32.2,10.9,29.2,71.3,0.85,34,23.6,46.0,3.6,241.5,0.0,1010.3,DEMO
2026-08-17 14:00:00,HHHT005,二十九中,40.78,111.7,玉泉区,13.0,16.8,10.7,30.5,69.6,0.87,19,20.1,43.3,2.7,82.6,0.0,1014.2,DEMO
2026-08-17 14:00:00,HHHT006,工大金川校区,40.76,111.62,土默特左旗,17.6,24.9,16.9,24.4,71.4,0.78,25,21.9,43.8,2.1,56.7,0.0,1005.5,DEMO
2026-08-17 15:00:00,HHHT001,呼和浩特市环境监测中心站,40.8421,111.749,新城区,26.0,38.4,10.6,26.6,63.7,0.79,37,19.0,47.2,3.7,173.2,0.0,1009.3,DEMO
2026-08-17 15:00:00,HHHT002,如意开发区,40.825,111.8,赛罕区,26.3,35.4,8.3,41.1,50.8,0.73,38,25.5,57.9,2.6,143.1,0.0,1008.0,DEMO
2026-08-17 15:00:00,HHHT003,呼市一监,40.81,111.67,回民区,26.9,34.2,16.8,32.8,60.7,0.92,38,24.2,55.3,2.9,154.7,0.0,1014.0,DEMO
2026-08-17 15:00:00,HHHT004,小召前街,40.805,111.665,回民区,26.4,33.7,17.2,30.1,52.9,0.89,38,24.0,34.7,2.3,335.9,0.0,1009.3,DEMO
2026-08-17 15:00:00,HHHT005,二十九中,40.78,111.7,玉泉区,27.9,38.6,19.5,31.0,59.0,0.89,40,26.1,58.0,3.2,29.6,0.0,1017.7,DEMO
2026-08-17 15:00:00,HHHT006,工大金川校区,40.76,111.62,土默特左旗,15.7,20.2,11.6,38.3,59.3,0.74,22,21.4,54.6,2.5,259.0,0.0,1019.7,DEMO
2026-08-17 16:00:00,HHHT001,呼和浩特市环境监测中心站,40.8421,111.749,新城区,22.0,32.8,16.6,25.5,63.3,0.73,31,24.6,55.4,2.4,91.6,0.0,1006.0,DEMO
2026-08-17 16:00:00,HHHT002,如意开发区,40.825,111.8,赛罕区,23.6,32.9,12.5,27.9,39.2,0.75,34,26.8,36.8,3.4,175.3,0.0,1016.7,DEMO
2026-08-17 16:00:00,HHHT003,呼市一监,40.81,111.67,回民区,16.7,21.8,16.3,33.7,54.0,0.7,24,23.9,49.0,1.5,162.5,0.0,1011.0,DEMO
2026-08-17 16:00:00,HHHT004,小召前街,40.805,111.665,回民区,28.8,42.4,11.7,31.3,67.7,0.87,41,24.3,29.9,2.6,358.6,0.0,1005.6,DEMO
2026-08-17 16:00:00,HHHT005,二十九中,40.78,111.7,玉泉区,5.0,7.2,16.2,34.6,71.9,0.65,7,24.9,39.9,2.5,140.6,0.0,1015.7,DEMO
2026-08-17 16:00:00,HHHT006,工大金川校区,40.76,111.62,土默特左旗,17.8,25.6,16.4,20.7,66.0,0.77,25,23.2,54.3,2.8,226.1,0.0,1014.1,DEMO
2026-08-17 17:00:00,HHHT001,呼和浩特市环境监测中心站,40.8421,111.749,新城区,23.0,34.2,16.0,24.5,60.9,0.78,33,26.3,34.0,1.6,317.1,0.0,1014.5,DEMO
2026-08-17 17:00:00,HHHT002,如意开发区,40.825,111.8,赛罕区,42.2,55.3,13.7,31.4,56.5,0.82,59,27.0,44.2,2.4,238.0,0.0,1009.6,DEMO
2026-08-17 17:00:00,HHHT003,呼市一监,40.81,111.67,回民区,27.4,35.2,14.8,29.0,55.3,0.74,39,19.2,53.6,2.0,109.9,0.0,1015.7,DEMO
2026-08-17 17:00:00,HHHT004,小召前街,40.805,111.665,回民区,35.5,46.4,18.1,32.5,56.7,0.94,51,21.6,57.1,5.0,132.3,0.0,1013.4,DEMO
2026-08-17 17:00:00,HHHT005,二十九中,40.78,111.7,玉泉区,24.4,31.1,11.6,27.6,54.5,0.8,35,25.2,43.0,2.6,254.9,0.0,1014.0,DEMO
2026-08-17 17:00:00,HHHT006,工大金川校区,40.76,111.62,土默特左旗,17.4,25.0,13.4,37.3,50.6,0.94,25,16.5,49.2,4.3,178.6,0.0,1010.8,DEMO
2026-08-17 18:00:00,HHHT001,呼和浩特市环境监测中心站,40.8421,111.749,新城区,8.8,11.5,14.6,31.2,66.6,0.77,13,22.3,61.3,2.8,74.0,0.0,1015.7,DEMO
2026-08-17 18:00:00,HHHT002,如意开发区,40.825,111.8,赛罕区,25.8,38.3,11.5,32.3,47.5,0.9,37,21.6,41.2,3.5,92.0,0.0,1014.4,DEMO
2026-08-17 18:00:00,HHHT003,呼市一监,40.81,111.67,回民区,35.3,52.2,15.5,34.3,34.1,0.92,50,20.5,55.8,3.5,10.7,0.0,1007.9,DEMO
2026-08-17 18:00:00,HHHT004,小召前街,40.805,111.665,回民区,32.1,49.9,13.2,37.3,48.8,0.88,46,22.6,52.7,5.2,182.5,1.4,1016.2,DEMO
2026-08-17 18:00:00,HHHT005,二十九中,40.78,111.7,玉泉区,20.3,27.9,11.7,28.6,51.0,0.82,29,21.9,69.4,3.0,190.8,0.0,1011.4,DEMO
2026-08-17 18:00:00,HHHT006,工大金川校区,40.76,111.62,土默特左旗,22.9,30.6,14.2,31.5,38.3,0.68,33,19.9,42.0,3.1,305.3,0.0,1012.0,DEMO
2026-08-17 19:00:00,HHHT001,呼和浩特市环境监测中心站,40.8421,111.749,新城区,22.4,35.5,19.0,33.4,58.5,0.91,32,18.3,61.6,3.0,264.2,2.8,1014.2,DEMO
2026-08-17 19:00:00,HHHT002,如意开发区,40.825,111.8,赛罕区,39.2,52.3,11.2,33.8,50.3,1.0,55,22.2,65.5,2.6,82.8,0.0,1009.0,DEMO
2026-08-17 19:00:00,HHHT003,呼市一监,40.81,111.67,回民区,27.0,33.9,9.6,34.0,53.6,0.94,39,25.6,40.2,3.6,344.7,0.0,1008.9,DEMO
2026-08-17 19:00:00,HHHT004,小召前街,40.805,111.665,回民区,39.1,58.2,11.6,39.2,49.4,0.82,55,21.1,33.4,1.5,255.2,0.0,1013.1,DEMO
2026-08-17 19:00:00,HHHT005,二十九中,40.78,111.7,玉泉区,18.5,24.3,14.7,26.0,49.4,0.66,26,17.2,61.7,3.6,67.3,0.0,1005.1,DEMO
2026-08-17 19:00:00,HHHT006,工大金川校区,40.76,111.62,土默特左旗,15.2,20.4,8.7,28.8,52.0,0.76,22,22.9,53.4,4.8,72.8,0.0,1012.3,DEMO
2026-08-17 20:00:00,HHHT001,呼和浩特市环境监测中心站,40.8421,111.749,新城区,28.6,38.1,9.3,29.9,55.7,0.74,41,22.3,61.7,5.0,317.6,0.0,1012.4,DEMO
2026-08-17 20:00:00,HHHT002,如意开发区,40.825,111.8,赛罕区,39.0,51.3,10.8,37.6,54.7,0.94,55,22.3,53.5,5.3,259.7,0.0,1015.9,DEMO
2026-08-17 20:00:00,HHHT003,呼市一监,40.81,111.67,回民区,36.9,47.2,13.1,36.4,53.9,0.99,52,16.0,40.3,3.0,319.4,0.0,1016.9,DEMO
2026-08-17 20:00:00,HHHT004,小召前街,40.805,111.665,回民区,27.4,43.8,14.6,35.0,64.4,0.78,39,17.9,34.0,1.4,133.9,1.9,1005.5,DEMO
2026-08-17 20:00:00,HHHT005,二十九中,40.78,111.7,玉泉区,22.4,31.9,10.5,35.4,44.3,0.79,32,17.7,54.0,3.6,196.2,0.0,1006.9,DEMO
2026-08-17 20:00:00,HHHT006,工大金川校区,40.76,111.62,土默特左旗,36.5,53.2,13.5,36.1,48.0,0.82,52,21.5,50.4,4.6,15.3,0.0,1007.9,DEMO
2026-08-17 21:00:00,HHHT001,呼和浩特市环境监测中心站,40.8421,111.749,新城区,10.4,14.0,13.5,30.2,66.0,0.75,15,21.3,45.3,2.9,5.3,0.0,1020.3,DEMO
2026-08-17 21:00:00,HHHT002,如意开发区,40.825,111.8,赛罕区,23.2,31.9,9.8,27.3,44.3,0.67,33,17.5,67.3,3.8,63.2,0.0,1010.0,DEMO
2026-08-17 21:00:00,HHHT003,呼市一监,40.81,111.67,回民区,29.5,42.6,14.8,32.7,50.0,0.61,42,20.9,67.4,4.5,134.5,0.0,1013.5,DEMO
2026-08-17 21:00:00,HHHT004,小召前街,40.805,111.665,回民区,25.6,35.8,11.6,33.3,41.0,0.85,37,26.7,52.6,2.2,44.8,0.0,1011.7,DEMO
2026-08-17 21:00:00,HHHT005,二十九中,40.78,111.7,玉泉区,14.3,18.9,8.6,31.2,51.7,0.73,20,21.6,44.2,6.6,15.0,0.0,1014.4,DEMO
2026-08-17 21:00:00,HHHT006,工大金川校区,40.76,111.62,土默特左旗,19.7,25.4,15.2,37.8,52.6,0.9,28,21.8,46.9,3.0,23.1,0.0,1008.6,DEMO
2026-08-17 22:00:00,HHHT001,呼和浩特市环境监测中心站,40.8421,111.749,新城区,19.7,28.7,15.2,38.1,59.5,0.83,28,17.5,50.4,1.4,343.4,0.0,1017.7,DEMO
2026-08-17 22:00:00,HHHT002,如意开发区,40.825,111.8,赛罕区,26.5,36.6,16.6,38.8,41.6,0.85,38,26.7,55.5,2.9,110.9,0.0,1011.1,DEMO
2026-08-17 22:00:00,HHHT003,呼市一监,40.81,111.67,回民区,26.1,36.9,13.4,32.1,64.7,0.74,37,16.6,33.0,0.3,96.2,0.0,1017.1,DEMO
2026-08-17 22:00:00,HHHT004,小召前街,40.805,111.665,回民区,28.0,45.4,10.1,30.6,48.7,1.07,40,23.5,45.0,2.7,114.1,0.7,1005.9,DEMO
2026-08-17 22:00:00,HHHT005,二十九中,40.78,111.7,玉泉区,27.5,39.7,8.4,36.9,42.8,1.04,39,20.6,30.6,5.5,262.8,0.0,1014.2,DEMO
2026-08-17 22:00:00,HHHT006,工大金川校区,40.76,111.62,土默特左旗,12.6,17.2,12.4,27.0,56.6,0.6,18,18.1,40.8,2.3,140.4,0.0,1011.0,DEMO
2026-08-17 23:00:00,HHHT001,呼和浩特市环境监测中心站,40.8421,111.749,新城区,5.0,8.1,12.6,28.2,58.5,0.66,7,20.6,50.1,1.8,289.6,2.5,1006.5,DEMO
2026-08-17 23:00:00,HHHT002,如意开发区,40.825,111.8,赛罕区,28.5,37.6,14.5,23.1,65.7,0.72,41,19.1,46.8,4.2,140.2,0.0,1015.9,DEMO
2026-08-17 23:00:00,HHHT003,呼市一监,40.81,111.67,回民区,13.2,17.1,10.2,29.6,47.3,0.58,19,22.0,44.8,2.9,186.8,0.0,1009.9,DEMO
2026-08-17 23:00:00,HHHT004,小召前街,40.805,111.665,回民区,25.3,34.6,13.3,26.2,57.0,0.91,36,28.7,47.6,3.5,353.9,0.0,1009.2,DEMO
2026-08-17 23:00:00,HHHT005,二十九中,40.78,111.7,玉泉区,18.9,23.6,11.7,34.5,49.7,0.79,27,25.6,32.0,2.2,207.7,0.0,1011.6,DEMO
2026-08-17 23:00:00,HHHT006,工大金川校区,40.76,111.62,土默特左旗,10.6,14.6,9.9,29.6,56.6,0.83,15,20.8,33.9,2.8,54.5,0.0,1009.8,DEMO
2026-08-18 00:00:00,HHHT001,呼和浩特市环境监测中心站,40.8421,111.749,新城区,20.0,25.7,16.8,26.2,43.6,0.79,29,19.5,56.9,2.3,148.0,0.0,1011.0,DEMO
2026-08-18 00:00:00,HHHT002,如意开发区,40.825,111.8,赛罕区,37.1,50.1,8.8,35.0,53.7,1.0,53,22.1,47.8,5.9,66.6,0.0,1011.2,DEMO
2026-08-18 00:00:00,HHHT003,呼市一监,40.81,111.67,回民区,19.0,27.9,12.0,33.1,58.6,0.78,27,22.6,20.2,2.4,187.9,0.0,1010.2,DEMO
2026-08-18 00:00:00,HHHT004,小召前街,40.805,111.665,回民区,34.1,46.5,17.3,34.1,46.5,0.97,49,21.0,46.5,2.8,54.7,0.0,1019.6,DEMO
2026-08-18 00:00:00,HHHT005,二十九中,40.78,111.7,玉泉区,34.0,50.3,9.2,23.3,45.6,0.85,49,20.5,43.9,1.3,223.9,0.0,1011.2,DEMO
2026-08-18 00:00:00,HHHT006,工大金川校区,40.76,111.62,土默特左旗,4.2,7.4,9.9,29.7,57.1,0.64,6,20.2,43.7,1.4,30.7,3.8,1016.9,DEMO
2026-08-18 01:00:00,HHHT001,呼和浩特市环境监测中心站,40.8421,111.749,新城区,26.4,36.5,18.1,35.1,73.0,0.97,38,23.1,53.7,1.7,104.3,0.0,1020.4,DEMO
2026-08-18 01:00:00,HHHT002,如意开发区,40.825,111.8,赛罕区,30.1,38.7,9.8,21.6,42.5,1.0,43,19.8,57.6,6.1,258.1,0.0,1014.9,DEMO
2026-08-18 01:00:00,HHHT003,呼市一监,40.81,111.67,回民区,33.1,43.1,15.0,35.4,54.6,0.76,47,18.2,45.8,1.0,87.7,0.0,1008.7,DEMO
2026-08-18 01:00:00,HHHT004,小召前街,40.805,111.665,回民区,26.1,35.1,16.1,24.5,63.7,0.86,37,18.5,39.0,1.8,178.6,0.0,1011.2,DEMO
2026-08-18 01:00:00,HHHT005,二十九中,40.78,111.7,玉泉区,30.3,40.4,17.4,33.3,43.0,0.85,43,22.7,54.6,2.6,174.0,0.0,1013.7,DEMO
2026-08-18 01:00:00,HHHT006,工大金川校区,40.76,111.62,土默特左旗,5.8,8.6,13.4,25.6,36.5,0.67,8,25.4,38.7,4.3,233.2,0.0,1011.9,DEMO
2026-08-18 02:00:00,HHHT001,呼和浩特市环境监测中心站,40.8421,111.749,新城区,5.0,6.6,11.0,33.8,51.3,0.67,7,24.2,60.5,2.8,55.1,0.0,1002.0,DEMO
2026-08-18 02:00:00,HHHT002,如意开发区,40.825,111.8,赛罕区,16.0,23.4,15.1,23.7,53.3,0.84,23,18.8,19.7,3.4,78.8,0.0,1010.3,DEMO
2026-08-18 02:00:00,HHHT003,呼市一监,40.81,111.67,回民区,21.6,28.7,13.4,30.6,43.0,0.78,31,26.1,52.8,3.5,165.9,0.0,1022.9,DEMO
2026-08-18 02:00:00,HHHT004,小召前街,40.805,111.665,回民区,35.4,52.8,15.4,29.9,56.5,0.75,50,18.1,52.9,2.9,85.6,0.0,1006.7,DEMO
2026-08-18 02:00:00,HHHT005,二十九中,40.78,111.7,玉泉区,19.5,25.8,15.3,32.6,59.1,0.75,28,22.8,47.4,4.4,177.5,0.0,1012.0,DEMO
2026-08-18 02:00:00,HHHT006,工大金川校区,40.76,111.62,土默特左旗,9.2,11.8,13.8,28.1,77.1,0.86,13,25.0,51.2,2.1,269.4,0.0,1008.1,DEMO
2026-08-18 03:00:00,HHHT001,呼和浩特市环境监测中心站,40.8421,111.749,新城区,8.7,12.3,11.8,36.9,67.1,0.45,12,18.7,29.3,5.1,59.9,0.0,1008.6,DEMO
2026-08-18 03:00:00,HHHT002,如意开发区,40.825,111.8,赛罕区,7.5,13.2,17.8,34.2,57.3,0.58,11,21.7,43.1,2.2,287.1,1.5,1010.7,DEMO
2026-08-18 03:00:00,HHHT003,呼市一监,40.81,111.67,回民区,19.8,26.0,8.9,29.6,49.7,0.69,28,27.1,36.8,0.9,217.1,0.0,1013.1,DEMO
2026-08-18 03:00:00,HHHT004,小召前街,40.805,111.665,回民区,26.4,38.4,15.9,32.2,52.4,0.85,38,24.2,47.8,2.6,66.6,0.0,1010.8,DEMO
2026-08-18 03:00:00,HHHT005,二十九中,40.78,111.7,玉泉区,17.8,23.1,12.3,31.0,54.9,0.84,25,18.3,50.0,1.5,94.4,0.0,1012.7,DEMO
2026-08-18 03:00:00,HHHT006,工大金川校区,40.76,111.62,土默特左旗,5.0,7.4,9.1,27.4,45.5,0.75,7,19.1,43.1,0.7,154.6,0.0,1012.6,DEMO
2026-08-18 04:00:00,HHHT001,呼和浩特市环境监测中心站,40.8421,111.749,新城区,9.7,13.0,8.1,26.7,55.3,0.74,14,28.8,29.0,4.7,20.0,0.0,1011.6,DEMO
2026-08-18 04:00:00,HHHT002,如意开发区,40.825,111.8,赛罕区,17.1,27.7,12.0,40.3,52.5,0.77,24,20.2,79.1,4.4,237.8,2.9,1007.8,DEMO
2026-08-18 04:00:00,HHHT003,呼市一监,40.81,111.67,回民区,5.5,7.9,15.4,34.6,67.1,0.75,8,21.5,42.6,3.7,351.6,0.0,1004.3,DEMO
2026-08-18 04:00:00,HHHT004,小召前街,40.805,111.665,回民区,12.9,20.4,14.9,28.1,57.4,0.71,18,23.0,50.0,3.9,203.8,0.7,1015.6,DEMO
2026-08-18 04:00:00,HHHT005,二十九中,40.78,111.7,玉泉区,18.4,24.4,14.2,23.5,57.3,0.74,26,20.3,36.3,3.7,82.5,0.0,1008.4,DEMO
2026-08-18 04:00:00,HHHT006,工大金川校区,40.76,111.62,土默特左旗,5.2,7.5,13.3,24.7,53.7,0.44,7,21.4,46.8,2.4,70.7,0.0,1010.3,DEMO
2026-08-18 05:00:00,HHHT001,呼和浩特市环境监测中心站,40.8421,111.749,新城区,15.2,21.8,9.3,33.2,51.8,0.59,22,19.5,46.3,2.9,359.2,0.0,1013.9,DEMO
2026-08-18 05:00:00,HHHT002,如意开发区,40.825,111.8,赛罕区,12.8,17.8,15.2,37.7,49.9,0.76,18,22.1,55.1,4.0,286.4,0.0,1011.7,DEMO
2026-08-18 05:00:00,HHHT003,呼市一监,40.81,111.67,回民区,20.2,27.6,15.9,32.1,46.7,0.81,29,22.3,31.4,3.7,182.5,0.0,1011.1,DEMO
2026-08-18 05:00:00,HHHT004,小召前街,40.805,111.665,回民区,28.3,41.7,17.0,34.5,57.5,0.83,40,26.7,47.9,2.8,103.4,0.0,1012.5,DEMO
2026-08-18 05:00:00,HHHT005,二十九中,40.78,111.7,玉泉区,22.3,28.2,8.8,30.9,55.0,0.82,32,17.1,16.8,1.8,356.3,0.0,1008.8,DEMO
2026-08-18 05:00:00,HHHT006,工大金川校区,40.76,111.62,土默特左旗,14.5,22.3,16.2,31.9,60.5,0.77,21,18.0,49.2,2.0,254.9,2.9,1015.7,DEMO
2026-08-18 06:00:00,HHHT001,呼和浩特市环境监测中心站,40.8421,111.749,新城区,28.3,38.8,15.9,31.0,60.1,0.56,40,26.5,34.4,5.3,269.0,0.0,1014.3,DEMO
2026-08-18 06:00:00,HHHT002,如意开发区,40.825,111.8,赛罕区,31.7,43.7,14.0,37.1,52.2,0.71,45,21.4,45.3,3.9,145.2,0.0,1009.6,DEMO
2026-08-18 06:00:00,HHHT003,呼市一监,40.81,111.67,回民区,23.3,33.6,15.0,27.4,59.4,0.69,33,18.2,64.4,3.7,218.2,0.0,1014.8,DEMO
2026-08-18 06:00:00,HHHT004,小召前街,40.805,111.665,回民区,37.4,50.6,16.0,34.6,36.3,0.86,53,29.9,59.3,2.4,166.7,0.0,1015.9,DEMO
2026-08-18 06:00:00,HHHT005,二十九中,40.78,111.7,玉泉区,20.4,30.1,18.3,34.5,60.9,0.84,29,25.2,23.1,2.5,238.8,1.6,1012.1,DEMO
2026-08-18 06:00:00,HHHT006,工大金川校区,40.76,111.62,土默特左旗,14.3,18.2,10.3,33.3,56.7,0.68,20,25.0,30.8,2.5,192.0,0.0,1012.5,DEMO
2026-08-18 07:00:00,HHHT001,呼和浩特市环境监测中心站,40.8421,111.749,新城区,27.2,35.7,5.7,28.8,50.9,0.72,39,24.9,41.2,3.4,355.5,0.0,1014.3,DEMO
2026-08-18 07:00:00,HHHT002,如意开发区,40.825,111.8,赛罕区,24.6,36.5,17.0,29.2,57.6,0.67,35,21.7,47.8,2.6,7.2,0.0,1011.2,DEMO
2026-08-18 07:00:00,HHHT003,呼市一监,40.81,111.67,回民区,41.9,55.8,11.6,39.1,52.4,1.02,59,23.2,41.5,1.9,205.6,0.0,1011.5,DEMO
2026-08-18 07:00:00,HHHT004,小召前街,40.805,111.665,回民区,46.1,59.7,14.5,33.4,62.7,0.86,64,21.6,48.3,2.6,255.1,0.0,1012.6,DEMO
2026-08-18 07:00:00,HHHT005,二十九中,40.78,111.7,玉泉区,27.2,35.1,11.4,27.8,52.0,0.88,39,19.0,37.5,3.1,252.5,0.0,1010.0,DEMO
2026-08-18 07:00:00,HHHT006,工大金川校区,40.76,111.62,土默特左旗,11.6,15.3,18.4,25.8,57.6,0.77,17,16.5,39.7,3.4,33.6,0.0,1010.3,DEMO
2026-08-18 08:00:00,HHHT001,呼和浩特市环境监测中心站,40.8421,111.749,新城区,34.8,48.7,15.4,34.4,45.0,0.89,50,23.0,31.7,1.9,312.3,0.0,1015.4,DEMO
2026-08-18 08:00:00,HHHT002,如意开发区,40.825,111.8,赛罕区,41.2,57.5,14.0,37.3,74.8,1.06,58,22.1,45.3,2.6,307.4,0.0,1014.2,DEMO
2026-08-18 08:00:00,HHHT003,呼市一监,40.81,111.67,回民区,26.2,37.0,11.1,27.1,52.7,0.8,37,24.4,49.5,2.9,70.3,0.0,1010.3,DEMO
2026-08-18 08:00:00,HHHT004,小召前街,40.805,111.665,回民区,41.8,61.7,11.1,37.8,53.0,0.88,58,24.1,33.0,3.8,45.4,0.0,1006.8,DEMO
2026-08-18 08:00:00,HHHT005,二十九中,40.78,111.7,玉泉区,27.5,41.2,15.1,32.8,52.9,0.71,39,17.4,57.7,3.1,257.4,0.0,1013.6,DEMO
2026-08-18 08:00:00,HHHT006,工大金川校区,40.76,111.62,土默特左旗,6.1,8.7,12.1,27.0,52.3,0.46,9,24.9,47.2,2.5,110.2,0.0,1017.5,DEMO
2026-08-18 09:00:00,HHHT001,呼和浩特市环境监测中心站,40.8421,111.749,新城区,23.3,31.3,14.1,38.2,56.8,0.89,33,21.6,43.2,3.0,296.7,0.0,1010.8,DEMO
2026-08-18 09:00:00,HHHT002,如意开发区,40.825,111.8,赛罕区,31.3,46.2,13.0,34.3,63.1,0.93,45,21.7,31.1,1.6,202.3,0.0,1008.7,DEMO
2026-08-18 09:00:00,HHHT003,呼市一监,40.81,111.67,回民区,25.5,37.3,14.0,29.2,55.2,0.74,36,27.0,28.1,3.6,168.5,0.0,1014.0,DEMO
2026-08-18 09:00:00,HHHT004,小召前街,40.805,111.665,回民区,28.8,37.9,12.5,39.4,53.2,0.76,41,15.9,29.4,4.2,292.4,0.0,1010.6,DEMO
2026-08-18 09:00:00,HHHT005,二十九中,40.78,111.7,玉泉区,29.0,41.8,8.9,28.8,58.2,0.7,41,25.9,50.5,4.4,295.5,0.0,1010.7,DEMO
2026-08-18 09:00:00,HHHT006,工大金川校区,40.76,111.62,土默特左旗,17.8,23.6,10.5,27.0,67.7,0.59,25,18.5,34.2,2.8,36.5,0.0,1007.9,DEMO
2026-08-18 10:00:00,HHHT001,呼和浩特市环境监测中心站,40.8421,111.749,新城区,18.8,24.5,9.5,21.9,55.7,0.78,27,23.6,47.8,1.8,192.1,0.0,1004.0,DEMO
2026-08-18 10:00:00,HHHT002,如意开发区,40.825,111.8,赛罕区,20.6,27.2,15.0,28.7,50.2,0.92,29,24.3,32.3,2.1,182.2,0.0,1012.6,DEMO
2026-08-18 10:00:00,HHHT003,呼市一监,40.81,111.67,回民区,24.8,32.2,11.2,26.6,68.3,0.68,35,20.9,51.6,0.3,98.2,0.0,1016.3,DEMO
2026-08-18 10:00:00,HHHT004,小召前街,40.805,111.665,回民区,19.5,28.5,13.5,30.8,43.0,0.8,28,18.5,54.6,2.0,291.5,0.0,1010.9,DEMO
2026-08-18 10:00:00,HHHT005,二十九中,40.78,111.7,玉泉区,20.5,27.1,13.6,29.9,44.9,0.48,29,15.3,28.9,2.8,213.2,0.0,1011.1,DEMO
2026-08-18 10:00:00,HHHT006,工大金川校区,40.76,111.62,土默特左旗,6.0,8.8,12.2,26.1,56.0,0.6,9,18.7,64.2,2.6,324.5,0.0,1007.7,DEMO
2026-08-18 11:00:00,HHHT001,呼和浩特市环境监测中心站,40.8421,111.749,新城区,8.0,10.5,12.5,36.2,66.1,0.64,11,26.2,52.0,2.4,21.4,0.0,1017.6,DEMO
2026-08-18 11:00:00,HHHT002,如意开发区,40.825,111.8,赛罕区,35.6,45.3,10.9,35.1,74.2,0.87,51,20.8,39.3,3.8,120.0,0.0,1006.0,DEMO
2026-08-18 11:00:00,HHHT003,呼市一监,40.81,111.67,回民区,12.0,17.3,15.3,26.1,78.4,0.85,17,21.1,56.0,3.2,58.8,0.0,1011.6,DEMO
2026-08-18 11:00:00,HHHT004,小召前街,40.805,111.665,回民区,32.0,44.3,16.7,27.8,68.1,0.79,46,22.7,45.9,1.8,177.0,0.0,1015.2,DEMO
2026-08-18 11:00:00,HHHT005,二十九中,40.78,111.7,玉泉区,28.9,41.7,11.7,27.5,58.3,0.88,41,20.2,53.3,5.0,48.4,0.0,1013.5,DEMO
2026-08-18 11:00:00,HHHT006,工大金川校区,40.76,111.62,土默特左旗,20.8,30.2,16.3,21.7,50.9,0.53,30,22.9,46.6,3.3,116.4,0.0,1015.0,DEMO
2026-08-18 12:00:00,HHHT001,呼和浩特市环境监测中心站,40.8421,111.749,新城区,8.4,13.6,13.5,26.9,63.9,0.59,12,28.6,42.8,1.7,219.1,2.5,1011.0,DEMO
2026-08-18 12:00:00,HHHT002,如意开发区,40.825,111.8,赛罕区,27.4,34.4,13.9,39.3,48.4,0.87,39,23.0,32.9,4.4,324.1,0.0,1007.9,DEMO
2026-08-18 12:00:00,HHHT003,呼市一监,40.81,111.67,回民区,29.1,38.9,15.4,34.6,61.5,0.93,42,22.5,24.4,1.5,55.2,0.0,1015.5,DEMO
2026-08-18 12:00:00,HHHT004,小召前街,40.805,111.665,回民区,32.2,42.6,5.0,38.2,57.8,0.75,46,18.7,66.8,3.5,140.2,0.0,1009.9,DEMO
2026-08-18 12:00:00,HHHT005,二十九中,40.78,111.7,玉泉区,21.7,31.3,14.3,38.3,56.0,0.8,31,26.8,35.1,3.3,11.1,0.0,1011.3,DEMO
2026-08-18 12:00:00,HHHT006,工大金川校区,40.76,111.62,土默特左旗,19.0,31.3,13.3,37.3,53.1,0.74,27,27.6,49.2,3.9,212.4,0.8,1019.5,DEMO
2026-08-18 13:00:00,HHHT001,呼和浩特市环境监测中心站,40.8421,111.749,新城区,20.4,27.8,12.3,25.6,45.1,0.6,29,17.6,46.0,3.2,153.1,0.0,1010.3,DEMO
2026-08-18 13:00:00,HHHT002,如意开发区,40.825,111.8,赛罕区,34.5,43.1,9.0,32.8,57.1,0.92,49,20.3,73.9,2.6,334.6,0.0,1009.0,DEMO
2026-08-18 13:00:00,HHHT003,呼市一监,40.81,111.67,回民区,22.2,28.6,11.4,29.2,68.7,0.76,32,25.8,44.2,1.0,297.9,0.0,1008.8,DEMO
2026-08-18 13:00:00,HHHT004,小召前街,40.805,111.665,回民区,37.6,55.7,15.3,36.4,73.6,0.76,53,19.0,40.8,2.9,125.4,0.0,1014.2,DEMO
2026-08-18 13:00:00,HHHT005,二十九中,40.78,111.7,玉泉区,14.3,19.3,12.3,36.3,71.9,0.61,20,18.5,34.8,2.2,132.8,0.0,1008.7,DEMO
2026-08-18 13:00:00,HHHT006,工大金川校区,40.76,111.62,土默特左旗,13.7,19.3,12.1,33.7,60.4,0.66,20,20.6,53.8,2.4,1.0,0.0,1013.1,DEMO
2026-08-18 14:00:00,HHHT001,呼和浩特市环境监测中心站,40.8421,111.749,新城区,19.0,26.5,12.2,41.2,62.4,0.9,27,23.1,33.0,4.5,274.6,0.0,1019.1,DEMO
2026-08-18 14:00:00,HHHT002,如意开发区,40.825,111.8,赛罕区,30.2,42.5,9.3,26.9,63.2,0.67,43,25.3,57.1,0.9,229.1,0.0,1009.7,DEMO
2026-08-18 14:00:00,HHHT003,呼市一监,40.81,111.67,回民区,25.1,33.3,16.8,33.6,76.4,0.79,36,19.0,50.2,2.6,202.9,0.0,1011.2,DEMO
2026-08-18 14:00:00,HHHT004,小召前街,40.805,111.665,回民区,30.5,41.9,17.2,34.0,63.1,0.64,44,21.3,61.4,3.3,285.8,0.0,1020.7,DEMO
2026-08-18 14:00:00,HHHT005,二十九中,40.78,111.7,玉泉区,27.3,37.6,15.3,26.9,72.8,0.62,39,24.3,49.5,4.9,293.7,0.0,1010.2,DEMO
2026-08-18 14:00:00,HHHT006,工大金川校区,40.76,111.62,土默特左旗,15.8,22.1,11.0,26.9,55.8,0.9,23,26.8,39.4,2.8,155.7,0.0,1016.3,DEMO
2026-08-18 15:00:00,HHHT001,呼和浩特市环境监测中心站,40.8421,111.749,新城区,8.1,11.4,8.8,29.7,71.7,0.8,12,21.6,33.9,2.4,139.7,0.0,1003.1,DEMO
2026-08-18 15:00:00,HHHT002,如意开发区,40.825,111.8,赛罕区,28.7,39.2,15.8,32.9,66.3,0.91,41,23.5,16.2,3.2,238.4,0.0,1016.1,DEMO
2026-08-18 15:00:00,HHHT003,呼市一监,40.81,111.67,回民区,26.3,38.5,9.8,28.3,57.5,0.82,38,17.7,42.3,4.0,205.7,0.0,1016.5,DEMO
2026-08-18 15:00:00,HHHT004,小召前街,40.805,111.665,回民区,33.7,50.5,14.7,23.3,65.9,0.7,48,23.2,32.0,1.1,326.3,0.0,1014.4,DEMO
2026-08-18 15:00:00,HHHT005,二十九中,40.78,111.7,玉泉区,22.9,29.2,16.9,28.1,54.5,0.63,33,16.8,33.4,0.8,311.7,0.0,1015.1,DEMO
2026-08-18 15:00:00,HHHT006,工大金川校区,40.76,111.62,土默特左旗,10.6,14.6,11.9,22.3,55.4,0.78,15,19.8,43.3,1.6,175.3,0.0,1013.1,DEMO
2026-08-18 16:00:00,HHHT001,呼和浩特市环境监测中心站,40.8421,111.749,新城区,22.8,28.9,12.5,33.5,63.6,0.84,33,25.2,41.9,2.9,144.2,0.0,1011.4,DEMO
2026-08-18 16:00:00,HHHT002,如意开发区,40.825,111.8,赛罕区,29.5,43.7,12.3,28.8,58.8,0.97,42,19.9,47.0,3.5,182.1,0.0,1013.3,DEMO
2026-08-18 16:00:00,HHHT003,呼市一监,40.81,111.67,回民区,23.9,35.6,9.2,33.9,54.2,0.88,34,20.5,53.4,3.2,145.6,0.0,1017.2,DEMO
2026-08-18 16:00:00,HHHT004,小召前街,40.805,111.665,回民区,30.6,44.8,18.8,27.8,55.1,0.91,44,23.3,29.0,6.1,174.9,0.0,1013.1,DEMO
2026-08-18 16:00:00,HHHT005,二十九中,40.78,111.7,玉泉区,23.1,31.0,12.2,36.0,58.9,0.73,33,16.9,34.1,4.4,164.1,0.0,1009.1,DEMO
2026-08-18 16:00:00,HHHT006,工大金川校区,40.76,111.62,土默特左旗,6.0,7.6,11.1,25.5,60.9,0.44,9,22.3,43.7,0.3,331.3,0.0,1008.7,DEMO
2026-08-18 17:00:00,HHHT001,呼和浩特市环境监测中心站,40.8421,111.749,新城区,28.6,41.9,12.3,32.1,44.1,0.96,41,23.2,49.7,2.9,8.6,0.0,1005.8,DEMO
2026-08-18 17:00:00,HHHT002,如意开发区,40.825,111.8,赛罕区,29.0,39.7,13.4,37.1,56.5,0.95,41,21.2,49.0,2.2,216.1,0.0,1016.6,DEMO
2026-08-18 17:00:00,HHHT003,呼市一监,40.81,111.67,回民区,24.4,36.1,11.2,27.6,45.3,0.83,35,22.4,27.3,0.8,279.2,0.0,1013.3,DEMO
2026-08-18 17:00:00,HHHT004,小召前街,40.805,111.665,回民区,36.9,54.4,18.1,24.1,58.8,0.87,52,17.6,56.5,1.6,311.7,0.0,1015.0,DEMO
2026-08-18 17:00:00,HHHT005,二十九中,40.78,111.7,玉泉区,35.8,49.1,14.0,32.3,61.4,0.88,51,20.2,51.2,3.4,319.2,0.0,1014.9,DEMO
2026-08-18 17:00:00,HHHT006,工大金川校区,40.76,111.62,土默特左旗,24.7,31.8,17.4,30.5,49.3,0.96,35,22.1,46.4,6.2,332.5,0.0,1010.7,DEMO
2026-08-18 18:00:00,HHHT001,呼和浩特市环境监测中心站,40.8421,111.749,新城区,16.0,21.7,13.3,28.0,52.5,0.43,23,26.2,65.1,4.6,359.1,0.0,1012.2,DEMO
2026-08-18 18:00:00,HHHT002,如意开发区,40.825,111.8,赛罕区,34.2,50.7,17.6,42.1,62.5,0.98,49,21.0,21.1,2.8,116.7,0.0,1016.3,DEMO
2026-08-18 18:00:00,HHHT003,呼市一监,40.81,111.67,回民区,30.9,42.0,14.5,29.5,44.7,0.89,44,20.8,54.1,2.8,261.1,0.0,1018.6,DEMO
2026-08-18 18:00:00,HHHT004,小召前街,40.805,111.665,回民区,38.3,59.3,16.0,39.8,50.4,0.97,54,21.5,63.7,1.9,202.4,1.3,1019.9,DEMO
2026-08-18 18:00:00,HHHT005,二十九中,40.78,111.7,玉泉区,20.4,29.7,14.9,34.9,48.4,0.77,29,26.2,60.5,5.0,208.4,0.0,1005.6,DEMO
2026-08-18 18:00:00,HHHT006,工大金川校区,40.76,111.62,土默特左旗,16.0,22.4,13.8,27.5,57.3,0.69,23,19.9,39.6,4.1,32.3,0.0,1008.4,DEMO
2026-08-18 19:00:00,HHHT001,呼和浩特市环境监测中心站,40.8421,111.749,新城区,23.8,34.5,10.8,33.3,65.1,0.76,34,27.8,51.9,3.4,75.0,0.0,1017.9,DEMO
2026-08-18 19:00:00,HHHT002,如意开发区,40.825,111.8,赛罕区,38.1,50.0,10.6,22.5,47.6,1.0,54,23.3,35.8,5.7,20.3,0.0,1020.0,DEMO
2026-08-18 19:00:00,HHHT003,呼市一监,40.81,111.67,回民区,28.0,37.5,16.8,26.3,62.2,0.9,40,24.3,48.2,3.2,73.4,0.0,1013.1,DEMO
2026-08-18 19:00:00,HHHT004,小召前街,40.805,111.665,回民区,30.1,49.4,13.3,34.9,53.4,0.89,43,18.5,68.7,2.7,147.8,1.4,1011.6,DEMO
2026-08-18 19:00:00,HHHT005,二十九中,40.78,111.7,玉泉区,21.9,31.2,9.8,33.3,64.3,0.83,31,23.1,53.3,3.1,154.2,0.0,1013.7,DEMO
2026-08-18 19:00:00,HHHT006,工大金川校区,40.76,111.62,土默特左旗,19.8,27.1,9.4,32.4,58.5,0.77,28,24.0,49.2,3.6,127.9,0.0,1011.8,DEMO
2026-08-18 20:00:00,HHHT001,呼和浩特市环境监测中心站,40.8421,111.749,新城区,22.6,30.0,15.7,30.0,49.8,0.79,32,18.3,38.8,3.2,310.9,0.0,1011.8,DEMO
2026-08-18 20:00:00,HHHT002,如意开发区,40.825,111.8,赛罕区,28.9,43.1,15.5,42.2,49.1,0.87,41,22.2,31.9,3.7,39.5,0.8,1011.4,DEMO
2026-08-18 20:00:00,HHHT003,呼市一监,40.81,111.67,回民区,38.5,57.2,13.6,34.6,43.4,1.08,54,25.7,39.2,2.5,323.8,0.0,1011.9,DEMO
2026-08-18 20:00:00,HHHT004,小召前街,40.805,111.665,回民区,35.7,46.9,13.5,34.3,40.4,1.17,51,24.5,50.0,4.1,21.4,0.0,1013.4,DEMO
2026-08-18 20:00:00,HHHT005,二十九中,40.78,111.7,玉泉区,31.0,39.9,15.7,47.6,53.7,1.12,44,23.3,51.6,4.8,216.0,0.0,1011.4,DEMO
2026-08-18 20:00:00,HHHT006,工大金川校区,40.76,111.62,土默特左旗,18.7,23.6,17.4,24.9,58.9,0.75,27,19.9,42.0,2.8,136.4,0.0,1015.4,DEMO
2026-08-18 21:00:00,HHHT001,呼和浩特市环境监测中心站,40.8421,111.749,新城区,18.3,27.3,11.2,31.6,52.2,0.67,26,24.7,51.3,3.9,45.4,0.0,1009.2,DEMO
2026-08-18 21:00:00,HHHT002,如意开发区,40.825,111.8,赛罕区,30.3,42.5,13.2,41.2,51.7,0.83,43,20.4,60.8,2.5,116.3,0.0,1016.8,DEMO
2026-08-18 21:00:00,HHHT003,呼市一监,40.81,111.67,回民区,25.5,34.6,14.6,24.7,40.6,0.66,36,20.6,37.3,1.1,265.0,0.0,1009.3,DEMO
2026-08-18 21:00:00,HHHT004,小召前街,40.805,111.665,回民区,25.3,36.5,12.3,36.9,56.3,0.61,36,22.3,59.2,3.6,179.7,0.0,1018.8,DEMO
2026-08-18 21:00:00,HHHT005,二十九中,40.78,111.7,玉泉区,24.5,31.5,7.3,34.0,41.0,0.79,35,19.0,48.0,2.3,1.8,0.0,1011.0,DEMO
2026-08-18 21:00:00,HHHT006,工大金川校区,40.76,111.62,土默特左旗,18.2,23.5,16.7,24.4,43.2,0.96,26,24.7,53.1,2.5,359.1,0.0,1009.1,DEMO
2026-08-18 22:00:00,HHHT001,呼和浩特市环境监测中心站,40.8421,111.749,新城区,15.0,21.4,15.5,23.2,60.9,0.63,21,20.3,29.0,2.2,72.9,0.0,1012.0,DEMO
2026-08-18 22:00:00,HHHT002,如意开发区,40.825,111.8,赛罕区,24.3,31.3,15.9,39.0,57.6,0.86,35,16.8,36.2,4.7,356.2,0.0,1015.7,DEMO
2026-08-18 22:00:00,HHHT003,呼市一监,40.81,111.67,回民区,35.2,46.4,12.9,37.1,41.8,0.85,50,21.4,39.6,2.3,322.5,0.0,1011.6,DEMO
2026-08-18 22:00:00,HHHT004,小召前街,40.805,111.665,回民区,26.0,43.1,9.8,38.0,42.4,0.85,37,21.0,56.7,1.8,9.8,0.5,1005.0,DEMO
2026-08-18 22:00:00,HHHT005,二十九中,40.78,111.7,玉泉区,18.5,25.5,16.1,32.6,54.5,0.75,26,25.8,67.0,1.9,249.8,0.0,1008.1,DEMO
2026-08-18 22:00:00,HHHT006,工大金川校区,40.76,111.62,土默特左旗,14.7,20.3,9.7,30.3,57.5,0.57,21,23.3,65.7,4.3,150.4,0.0,1009.9,DEMO
2026-08-18 23:00:00,HHHT001,呼和浩特市环境监测中心站,40.8421,111.749,新城区,16.9,25.2,14.0,27.9,54.6,0.56,24,27.6,71.0,1.6,301.8,0.0,1014.3,DEMO
2026-08-18 23:00:00,HHHT002,如意开发区,40.825,111.8,赛罕区,35.6,50.8,12.1,29.7,57.5,0.94,51,20.0,15,2.8,69.9,0.0,1010.7,DEMO
2026-08-18 23:00:00,HHHT003,呼市一监,40.81,111.67,回民区,36.5,45.8,16.2,28.3,38.8,0.89,52,18.6,26.1,1.8,292.9,0.0,1016.4,DEMO
2026-08-18 23:00:00,HHHT004,小召前街,40.805,111.665,回民区,37.2,50.7,12.4,35.3,43.3,0.95,53,18.0,54.7,2.1,276.0,0.0,1010.2,DEMO
2026-08-18 23:00:00,HHHT005,二十九中,40.78,111.7,玉泉区,36.4,52.6,14.3,38.5,48.6,0.76,52,23.7,56.6,3.5,109.3,0.0,1006.2,DEMO
2026-08-18 23:00:00,HHHT006,工大金川校区,40.76,111.62,土默特左旗,8.6,12.1,14.6,34.9,43.8,0.71,12,21.5,55.1,3.4,136.1,0.0,1017.8,DEMO
2026-08-19 00:00:00,HHHT001,呼和浩特市环境监测中心站,40.8421,111.749,新城区,26.7,45.0,11.9,42.3,45.6,0.85,38,19.7,50.3,3.4,3.8,1.1,1010.2,DEMO
2026-08-19 00:00:00,HHHT002,如意开发区,40.825,111.8,赛罕区,33.2,47.9,16.1,29.0,53.0,0.91,47,18.3,64.8,2.5,74.2,0.0,1010.6,DEMO
2026-08-19 00:00:00,HHHT003,呼市一监,40.81,111.67,回民区,20.5,27.7,12.8,29.8,68.5,0.72,29,16.5,63.2,2.2,23.7,0.0,1012.0,DEMO
2026-08-19 00:00:00,HHHT004,小召前街,40.805,111.665,回民区,35.1,54.8,13.9,27.1,54.7,1.01,50,27.5,39.1,2.9,232.1,0.3,1013.3,DEMO
2026-08-19 00:00:00,HHHT005,二十九中,40.78,111.7,玉泉区,30.7,39.1,12.1,36.9,63.7,0.93,44,16.1,61.8,2.9,258.4,0.0,1011.5,DEMO
2026-08-19 00:00:00,HHHT006,工大金川校区,40.76,111.62,土默特左旗,17.6,23.3,13.2,24.3,51.7,0.88,25,20.9,52.6,3.3,101.6,0.0,1018.5,DEMO
2026-08-19 01:00:00,HHHT001,呼和浩特市环境监测中心站,40.8421,111.749,新城区,31.2,39.7,16.3,36.8,55.3,0.78,45,20.8,49.2,2.7,278.1,0.0,1005.8,DEMO
2026-08-19 01:00:00,HHHT002,如意开发区,40.825,111.8,赛罕区,34.9,47.9,12.9,34.1,58.9,0.82,50,18.5,27.9,0.4,48.7,0.0,1010.2,DEMO
2026-08-19 01:00:00,HHHT003,呼市一监,40.81,111.67,回民区,38.1,57.1,16.6,38.4,49.1,0.98,54,21.0,43.7,2.1,67.4,0.0,1007.3,DEMO
2026-08-19 01:00:00,HHHT004,小召前街,40.805,111.665,回民区,48.0,67.2,10.4,36.8,54.0,0.91,66,22.2,75.7,2.9,184.0,0.0,1014.6,DEMO
2026-08-19 01:00:00,HHHT005,二十九中,40.78,111.7,玉泉区,30.6,40.7,14.3,35.0,45.3,0.93,44,18.5,48.1,3.9,275.4,0.0,1016.1,DEMO
2026-08-19 01:00:00,HHHT006,工大金川校区,40.76,111.62,土默特左旗,17.3,23.5,10.0,28.8,47.1,0.87,25,15.5,37.1,2.9,111.0,0.0,1011.4,DEMO
2026-08-19 02:00:00,HHHT001,呼和浩特市环境监测中心站,40.8421,111.749,新城区,33.9,46.2,11.2,43.4,52.9,0.96,48,19.4,44.4,5.2,66.3,0.0,1017.9,DEMO
2026-08-19 02:00:00,HHHT002,如意开发区,40.825,111.8,赛罕区,21.8,31.4,11.2,35.5,58.2,0.76,31,23.7,42.9,2.7,258.8,0.0,1020.1,DEMO
2026-08-19 02:00:00,HHHT003,呼市一监,40.81,111.67,回民区,37.8,55.2,14.1,42.9,30.5,0.89,53,20.0,42.6,4.0,292.2,0.0,1012.5,DEMO
2026-08-19 02:00:00,HHHT004,小召前街,40.805,111.665,回民区,35.1,49.4,14.9,33.0,43.2,0.76,50,22.2,55.2,0.8,349.5,0.0,1008.5,DEMO
2026-08-19 02:00:00,HHHT005,二十九中,40.78,111.7,玉泉区,26.1,33.7,13.3,29.5,43.4,0.95,37,24.6,55.7,3.4,145.2,0.0,1012.7,DEMO
2026-08-19 02:00:00,HHHT006,工大金川校区,40.76,111.62,土默特左旗,19.6,33.8,10.4,30.2,51.0,0.68,28,18.7,43.5,2.1,114.0,1.2,1008.7,DEMO
2026-08-19 03:00:00,HHHT001,呼和浩特市环境监测中心站,40.8421,111.749,新城区,16.6,26.2,8.4,32.5,59.5,0.72,24,21.1,41.9,2.2,348.2,3.4,1012.4,DEMO
2026-08-19 03:00:00,HHHT002,如意开发区,40.825,111.8,赛罕区,25.6,35.8,13.6,38.0,51.5,0.88,37,24.2,37.5,5.6,357.0,0.0,1010.6,DEMO
2026-08-19 03:00:00,HHHT003,呼市一监,40.81,111.67,回民区,19.6,31.5,14.7,31.6,37.1,0.74,28,21.5,62.9,4.1,296.4,1.3,1005.7,DEMO
2026-08-19 03:00:00,HHHT004,小召前街,40.805,111.665,回民区,24.4,31.2,13.6,25.0,38.6,0.92,35,17.4,55.9,2.5,260.0,0.0,1015.3,DEMO
2026-08-19 03:00:00,HHHT005,二十九中,40.78,111.7,玉泉区,21.3,31.5,15.1,36.9,41.7,0.75,30,20.9,51.7,2.1,281.3,1.0,1005.7,DEMO
2026-08-19 03:00:00,HHHT006,工大金川校区,40.76,111.62,土默特左旗,29.5,41.2,14.7,32.3,54.4,0.86,42,25.4,44.7,2.9,358.7,0.0,1017.8,DEMO
2026-08-19 04:00:00,HHHT001,呼和浩特市环境监测中心站,40.8421,111.749,新城区,19.5,27.2,13.4,40.1,33.6,0.67,28,26.8,47.8,5.8,110.2,0.0,1013.1,DEMO
2026-08-19 04:00:00,HHHT002,如意开发区,40.825,111.8,赛罕区,21.6,31.0,15.1,37.7,43.0,0.64,31,21.3,31.8,3.2,149.3,0.0,1014.4,DEMO
2026-08-19 04:00:00,HHHT003,呼市一监,40.81,111.67,回民区,32.2,40.8,14.4,37.1,45.5,0.88,46,21.9,45.6,4.3,69.9,0.0,1006.2,DEMO
2026-08-19 04:00:00,HHHT004,小召前街,40.805,111.665,回民区,42.7,60.4,17.8,36.4,54.4,0.89,60,23.8,60.2,2.2,67.4,0.0,1011.3,DEMO
2026-08-19 04:00:00,HHHT005,二十九中,40.78,111.7,玉泉区,22.2,31.3,11.1,33.8,48.0,0.94,32,24.5,33.5,4.4,35.5,0.0,1015.0,DEMO
2026-08-19 04:00:00,HHHT006,工大金川校区,40.76,111.62,土默特左旗,12.6,18.7,13.8,37.5,59.5,0.73,18,24.0,46.6,4.2,355.4,0.0,1012.0,DEMO
2026-08-19 05:00:00,HHHT001,呼和浩特市环境监测中心站,40.8421,111.749,新城区,16.1,21.7,15.1,35.2,50.5,0.8,23,28.0,30.6,4.9,300.3,0.0,1015.5,DEMO
2026-08-19 05:00:00,HHHT002,如意开发区,40.825,111.8,赛罕区,26.9,36.7,13.7,34.6,65.3,0.83,38,22.9,42.6,1.9,263.2,0.0,1014.2,DEMO
2026-08-19 05:00:00,HHHT003,呼市一监,40.81,111.67,回民区,22.6,37.4,12.5,34.4,50.0,0.83,32,23.2,48.0,3.7,5.7,3.3,1008.8,DEMO
2026-08-19 05:00:00,HHHT004,小召前街,40.805,111.665,回民区,29.8,39.5,14.4,33.3,55.1,0.9,43,20.7,32.3,2.4,255.0,0.0,1014.5,DEMO
2026-08-19 05:00:00,HHHT005,二十九中,40.78,111.7,玉泉区,21.3,32.4,15.5,26.1,27.9,0.85,30,23.7,41.4,0.4,91.9,1.0,1014.6,DEMO
2026-08-19 05:00:00,HHHT006,工大金川校区,40.76,111.62,土默特左旗,19.5,25.9,14.0,27.9,38.1,0.81,28,19.0,69.0,3.6,341.7,0.0,1012.1,DEMO
2026-08-19 06:00:00,HHHT001,呼和浩特市环境监测中心站,40.8421,111.749,新城区,31.5,44.2,13.8,27.0,50.8,0.85,45,20.4,42.4,3.4,123.0,0.0,1014.1,DEMO
2026-08-19 06:00:00,HHHT002,如意开发区,40.825,111.8,赛罕区,41.2,59.0,13.4,30.1,59.2,0.83,58,23.6,52.2,3.3,131.3,0.0,1011.7,DEMO
2026-08-19 06:00:00,HHHT003,呼市一监,40.81,111.67,回民区,30.9,40.3,18.6,30.7,48.1,0.57,44,17.6,28.9,1.4,274.3,0.0,1013.0,DEMO
2026-08-19 06:00:00,HHHT004,小召前街,40.805,111.665,回民区,53.3,71.0,13.5,35.6,61.2,1.08,73,20.8,54.5,0.3,102.6,0.0,1008.3,DEMO
2026-08-19 06:00:00,HHHT005,二十九中,40.78,111.7,玉泉区,25.1,37.2,11.1,38.3,60.3,0.78,36,25.9,52.5,5.0,143.6,0.0,1010.8,DEMO
2026-08-19 06:00:00,HHHT006,工大金川校区,40.76,111.62,土默特左旗,20.9,30.2,13.7,32.4,55.4,0.74,30,20.7,51.3,0.6,246.4,0.0,1008.6,DEMO
2026-08-19 07:00:00,HHHT001,呼和浩特市环境监测中心站,40.8421,111.749,新城区,32.3,48.1,16.1,38.0,32.9,0.84,46,22.6,54.0,3.7,120.7,2.6,1007.8,DEMO
2026-08-19 07:00:00,HHHT002,如意开发区,40.825,111.8,赛罕区,40.3,56.2,15.5,34.6,52.1,0.97,57,18.3,54.2,3.3,204.5,0.0,1007.6,DEMO
2026-08-19 07:00:00,HHHT003,呼市一监,40.81,111.67,回民区,26.1,33.6,13.9,31.5,64.9,0.84,37,23.2,55.6,4.4,245.1,0.0,1007.5,DEMO
2026-08-19 07:00:00,HHHT004,小召前街,40.805,111.665,回民区,54.6,77.8,15.3,39.2,54.4,0.95,75,23.3,43.2,0.3,196.8,0.0,1016.9,DEMO
2026-08-19 07:00:00,HHHT005,二十九中,40.78,111.7,玉泉区,31.0,44.3,16.2,38.5,54.9,0.99,44,23.0,16.8,2.5,202.7,0.0,1004.5,DEMO
2026-08-19 07:00:00,HHHT006,工大金川校区,40.76,111.62,土默特左旗,20.1,26.5,16.8,31.6,41.9,0.78,29,23.3,60.8,3.5,205.4,0.0,1009.7,DEMO
2026-08-19 08:00:00,HHHT001,呼和浩特市环境监测中心站,40.8421,111.749,新城区,18.5,24.8,9.7,32.7,59.7,0.74,26,17.8,63.9,4.1,176.0,0.0,1020.5,DEMO
2026-08-19 08:00:00,HHHT002,如意开发区,40.825,111.8,赛罕区,36.3,51.0,16.1,41.1,49.8,0.81,52,20.0,32.4,3.8,79.3,0.0,1013.2,DEMO
2026-08-19 08:00:00,HHHT003,呼市一监,40.81,111.67,回民区,40.5,50.8,14.9,31.8,58.4,0.93,57,16.5,42.4,1.3,232.2,0.0,1008.8,DEMO
2026-08-19 08:00:00,HHHT004,小召前街,40.805,111.665,回民区,41.2,55.8,16.4,32.7,56.3,0.83,58,22.4,53.3,2.5,143.3,0.0,1014.3,DEMO
2026-08-19 08:00:00,HHHT005,二十九中,40.78,111.7,玉泉区,32.9,43.2,9.4,40.1,60.4,0.92,47,23.9,28.2,3.1,44.4,0.0,1016.0,DEMO
2026-08-19 08:00:00,HHHT006,工大金川校区,40.76,111.62,土默特左旗,16.1,26.3,17.3,36.5,38.1,0.7,23,21.1,66.0,3.9,90.1,3.7,1005.9,DEMO
2026-08-19 09:00:00,HHHT001,呼和浩特市环境监测中心站,40.8421,111.749,新城区,28.3,41.4,17.6,30.4,46.4,0.84,40,20.0,55.6,1.7,163.0,0.0,1010.3,DEMO
2026-08-19 09:00:00,HHHT002,如意开发区,40.825,111.8,赛罕区,38.9,51.0,9.4,33.6,54.7,0.93,55,23.7,21.8,1.6,273.1,0.0,1013.1,DEMO
2026-08-19 09:00:00,HHHT003,呼市一监,40.81,111.67,回民区,33.5,48.0,13.8,36.3,42.8,0.76,48,23.9,38.1,4.6,193.5,0.0,1013.5,DEMO
2026-08-19 09:00:00,HHHT004,小召前街,40.805,111.665,回民区,32.7,42.2,16.1,39.7,37.3,0.99,47,25.4,47.7,3.4,241.2,0.0,1008.0,DEMO
2026-08-19 09:00:00,HHHT005,二十九中,40.78,111.7,玉泉区,32.7,45.3,18.4,35.3,43.3,0.91,47,29.8,47.0,4.1,139.9,0.0,1019.0,DEMO
2026-08-19 09:00:00,HHHT006,工大金川校区,40.76,111.62,土默特左旗,26.9,37.9,12.4,36.5,44.4,0.9,38,18.0,45.0,4.5,70.2,0.0,1007.4,DEMO
2026-08-19 10:00:00,HHHT001,呼和浩特市环境监测中心站,40.8421,111.749,新城区,33.5,50.1,12.5,36.5,50.4,0.84,48,21.6,45.5,1.3,274.9,0.0,1015.4,DEMO
2026-08-19 10:00:00,HHHT002,如意开发区,40.825,111.8,赛罕区,40.6,57.4,14.1,35.7,49.9,0.99,57,22.2,56.8,4.1,191.1,0.0,1014.3,DEMO
2026-08-19 10:00:00,HHHT003,呼市一监,40.81,111.67,回民区,33.7,42.6,12.2,35.6,41.5,0.85,48,17.6,40.9,1.5,131.9,0.0,1011.9,DEMO
2026-08-19 10:00:00,HHHT004,小召前街,40.805,111.665,回民区,36.4,49.2,16.0,35.3,46.1,0.82,52,21.9,52.0,3.7,288.3,0.0,1005.0,DEMO
2026-08-19 10:00:00,HHHT005,二十九中,40.78,111.7,玉泉区,33.8,44.9,13.6,29.8,50.1,0.86,48,24.5,49.8,3.8,181.5,0.0,1008.5,DEMO
2026-08-19 10:00:00,HHHT006,工大金川校区,40.76,111.62,土默特左旗,19.5,24.8,13.7,32.1,51.7,0.89,28,19.8,61.2,4.9,245.7,0.0,1007.4,DEMO
2026-08-19 11:00:00,HHHT001,呼和浩特市环境监测中心站,40.8421,111.749,新城区,16.8,23.9,13.4,28.3,53.1,0.72,24,20.4,41.4,2.0,30.7,0.0,1007.8,DEMO
2026-08-19 11:00:00,HHHT002,如意开发区,40.825,111.8,赛罕区,33.3,47.8,9.3,36.1,57.4,0.89,48,19.9,37.9,0.9,279.0,0.0,1013.2,DEMO
2026-08-19 11:00:00,HHHT003,呼市一监,40.81,111.67,回民区,35.6,46.1,16.7,29.5,51.6,0.83,51,21.7,56.0,2.1,171.3,0.0,1014.3,DEMO
2026-08-19 11:00:00,HHHT004,小召前街,40.805,111.665,回民区,42.7,58.8,13.5,27.3,65.6,0.92,60,19.1,57.4,2.8,312.1,0.0,1010.5,DEMO
2026-08-19 11:00:00,HHHT005,二十九中,40.78,111.7,玉泉区,27.1,35.7,15.1,26.4,55.4,0.77,39,18.6,40.9,3.3,3.9,0.0,1012.1,DEMO
2026-08-19 11:00:00,HHHT006,工大金川校区,40.76,111.62,土默特左旗,16.4,27.8,9.5,28.1,65.0,0.71,23,22.9,52.5,2.7,5.9,1.5,1009.5,DEMO
2026-08-19 12:00:00,HHHT001,呼和浩特市环境监测中心站,40.8421,111.749,新城区,28.9,38.3,14.8,35.2,62.5,0.73,41,20.0,55.5,3.4,203.1,0.0,1016.3,DEMO
2026-08-19 12:00:00,HHHT002,如意开发区,40.825,111.8,赛罕区,30.2,43.6,14.5,26.6,75.2,0.98,43,24.3,51.8,0.5,188.9,0.0,1003.9,DEMO
2026-08-19 12:00:00,HHHT003,呼市一监,40.81,111.67,回民区,44.9,61.7,15.5,36.4,56.3,0.81,62,26.1,67.0,1.3,62.1,0.0,1014.2,DEMO
2026-08-19 12:00:00,HHHT004,小召前街,40.805,111.665,回民区,47.9,68.5,14.0,39.3,62.4,0.93,66,27.0,50.6,2.2,47.2,0.0,1007.9,DEMO
2026-08-19 12:00:00,HHHT005,二十九中,40.78,111.7,玉泉区,22.9,31.2,14.1,23.2,67.3,0.63,33,18.3,57.5,4.5,289.7,0.0,1017.5,DEMO
2026-08-19 12:00:00,HHHT006,工大金川校区,40.76,111.62,土默特左旗,16.4,23.7,10.1,25.3,66.1,0.69,23,21.2,48.2,2.0,235.9,0.0,1017.2,DEMO
2026-08-19 13:00:00,HHHT001,呼和浩特市环境监测中心站,40.8421,111.749,新城区,26.4,37.1,14.6,30.0,62.8,0.74,38,21.5,47.5,2.4,131.2,0.0,1009.2,DEMO
2026-08-19 13:00:00,HHHT002,如意开发区,40.825,111.8,赛罕区,22.0,37.8,8.8,31.0,53.4,0.81,31,23.8,30.6,3.3,269.6,0.2,1017.6,DEMO
2026-08-19 13:00:00,HHHT003,呼市一监,40.81,111.67,回民区,27.6,37.8,12.2,30.6,65.7,0.77,39,22.5,52.8,3.1,295.2,0.0,1013.2,DEMO
2026-08-19 13:00:00,HHHT004,小召前街,40.805,111.665,回民区,39.3,53.1,9.5,34.1,53.6,0.82,55,22.8,41.4,3.9,275.2,0.0,1005.2,DEMO
2026-08-19 13:00:00,HHHT005,二十九中,40.78,111.7,玉泉区,36.8,50.7,11.1,32.5,67.1,0.81,52,24.5,51.0,0.8,112.9,0.0,1007.9,DEMO
2026-08-19 13:00:00,HHHT006,工大金川校区,40.76,111.62,土默特左旗,17.1,23.1,8.9,27.0,49.3,0.7,24,24.8,55.3,3.1,55.6,0.0,1009.3,DEMO
2026-08-19 14:00:00,HHHT001,呼和浩特市环境监测中心站,40.8421,111.749,新城区,40.4,57.1,14.8,31.6,51.3,0.91,57,22.1,41.7,4.9,324.6,0.0,1011.3,DEMO
2026-08-19 14:00:00,HHHT002,如意开发区,40.825,111.8,赛罕区,46.5,67.6,12.5,35.2,45.3,0.96,64,22.2,47.7,4.1,37.9,0.0,1011.3,DEMO
2026-08-19 14:00:00,HHHT003,呼市一监,40.81,111.67,回民区,28.7,40.1,12.4,28.1,60.7,0.88,41,19.4,49.9,4.8,302.7,0.0,1007.3,DEMO
2026-08-19 14:00:00,HHHT004,小召前街,40.805,111.665,回民区,43.1,63.5,17.9,37.9,43.3,0.83,60,22.7,35.7,4.1,132.3,0.0,1016.3,DEMO
2026-08-19 14:00:00,HHHT005,二十九中,40.78,111.7,玉泉区,41.0,51.8,10.4,37.0,66.0,0.97,58,22.3,51.4,3.0,27.3,0.0,1021.5,DEMO
2026-08-19 14:00:00,HHHT006,工大金川校区,40.76,111.62,土默特左旗,20.3,26.6,12.3,28.7,54.4,0.66,29,13.6,45.9,2.7,164.7,0.0,1019.1,DEMO
2026-08-19 15:00:00,HHHT001,呼和浩特市环境监测中心站,40.8421,111.749,新城区,20.6,29.4,10.7,27.6,72.2,0.86,29,28.7,50.0,1.6,184.3,0.0,1006.4,DEMO
2026-08-19 15:00:00,HHHT002,如意开发区,40.825,111.8,赛罕区,32.2,44.4,8.6,38.2,77.9,0.86,46,24.8,41.5,3.2,271.1,0.0,1008.6,DEMO
2026-08-19 15:00:00,HHHT003,呼市一监,40.81,111.67,回民区,31.7,45.4,16.1,41.2,61.4,0.85,45,22.1,58.6,4.3,320.7,0.0,1009.4,DEMO
2026-08-19 15:00:00,HHHT004,小召前街,40.805,111.665,回民区,36.8,51.5,12.0,38.2,54.1,0.98,52,15.7,71.8,2.9,328.9,0.0,1015.9,DEMO
2026-08-19 15:00:00,HHHT005,二十九中,40.78,111.7,玉泉区,32.0,45.9,14.2,32.1,58.1,0.76,46,32.9,52.3,3.9,263.3,0.0,1004.0,DEMO
2026-08-19 15:00:00,HHHT006,工大金川校区,40.76,111.62,土默特左旗,21.6,31.4,14.5,35.6,78.3,0.66,31,24.6,50.0,0.7,228.7,0.0,1014.0,DEMO
2026-08-19 16:00:00,HHHT001,呼和浩特市环境监测中心站,40.8421,111.749,新城区,31.5,40.6,12.7,35.4,63.8,0.94,45,18.4,62.7,3.8,4.0,0.0,1005.9,DEMO
2026-08-19 16:00:00,HHHT002,如意开发区,40.825,111.8,赛罕区,33.2,44.7,14.4,31.3,54.6,0.73,47,21.2,40.2,2.7,277.1,0.0,1010.2,DEMO
2026-08-19 16:00:00,HHHT003,呼市一监,40.81,111.67,回民区,32.2,46.8,13.0,30.7,54.2,0.98,46,25.8,43.5,2.9,257.2,0.0,1014.0,DEMO
2026-08-19 16:00:00,HHHT004,小召前街,40.805,111.665,回民区,42.3,58.8,17.7,33.4,55.4,0.85,59,20.2,48.6,1.8,38.8,0.0,1020.3,DEMO
2026-08-19 16:00:00,HHHT005,二十九中,40.78,111.7,玉泉区,25.4,34.2,13.7,25.2,42.1,0.7,36,26.6,69.5,5.0,32.3,0.0,1019.7,DEMO
2026-08-19 16:00:00,HHHT006,工大金川校区,40.76,111.62,土默特左旗,16.8,21.5,16.5,30.1,59.6,0.93,24,20.8,50.6,2.8,115.7,0.0,1014.0,DEMO
2026-08-19 17:00:00,HHHT001,呼和浩特市环境监测中心站,40.8421,111.749,新城区,29.8,38.7,12.3,38.6,57.1,0.78,43,26.6,45.1,2.2,6.0,0.0,1014.8,DEMO
2026-08-19 17:00:00,HHHT002,如意开发区,40.825,111.8,赛罕区,35.7,54.0,13.4,40.0,47.8,0.75,51,25.5,54.5,3.3,225.8,1.2,1011.7,DEMO
2026-08-19 17:00:00,HHHT003,呼市一监,40.81,111.67,回民区,44.6,66.8,19.2,39.8,45.0,0.99,62,19.8,41.7,2.5,359.1,0.0,1008.3,DEMO
2026-08-19 17:00:00,HHHT004,小召前街,40.805,111.665,回民区,42.4,54.4,14.0,33.6,54.8,0.82,59,21.6,50.9,5.7,312.6,0.0,1016.2,DEMO
2026-08-19 17:00:00,HHHT005,二十九中,40.78,111.7,玉泉区,29.5,41.6,13.3,40.2,43.8,1.02,42,23.0,26.5,2.4,189.8,0.0,1014.4,DEMO
2026-08-19 17:00:00,HHHT006,工大金川校区,40.76,111.62,土默特左旗,17.1,24.6,11.9,34.3,53.0,0.58,24,19.9,36.2,6.0,230.3,0.0,1017.9,DEMO
2026-08-19 18:00:00,HHHT001,呼和浩特市环境监测中心站,40.8421,111.749,新城区,25.9,32.8,15.5,28.0,42.4,0.77,37,24.6,49.2,5.7,71.5,0.0,1007.1,DEMO
2026-08-19 18:00:00,HHHT002,如意开发区,40.825,111.8,赛罕区,50.3,72.2,15.5,39.5,67.8,0.93,69,22.8,39.6,2.6,77.6,0.0,1016.0,DEMO
2026-08-19 18:00:00,HHHT003,呼市一监,40.81,111.67,回民区,32.5,43.1,15.2,31.8,60.5,0.72,46,23.2,36.6,3.6,222.8,0.0,1011.6,DEMO
2026-08-19 18:00:00,HHHT004,小召前街,40.805,111.665,回民区,44.5,64.2,12.6,27.5,46.1,0.99,62,22.6,42.9,2.0,51.1,0.0,1009.3,DEMO
2026-08-19 18:00:00,HHHT005,二十九中,40.78,111.7,玉泉区,27.3,36.5,8.1,32.8,50.5,0.85,39,25.2,39.4,3.7,176.9,0.0,1014.4,DEMO
2026-08-19 18:00:00,HHHT006,工大金川校区,40.76,111.62,土默特左旗,27.3,36.1,17.8,32.4,45.1,0.83,39,25.3,51.6,1.1,260.9,0.0,1006.8,DEMO
2026-08-19 19:00:00,HHHT001,呼和浩特市环境监测中心站,40.8421,111.749,新城区,31.1,48.6,8.7,26.0,40.1,0.66,44,28.2,68.1,2.1,120.6,2.3,1016.1,DEMO
2026-08-19 19:00:00,HHHT002,如意开发区,40.825,111.8,赛罕区,41.7,59.4,23.5,34.9,50.8,1.0,58,23.6,48.1,3.4,132.2,0.0,1012.4,DEMO
2026-08-19 19:00:00,HHHT003,呼市一监,40.81,111.67,回民区,31.7,41.7,9.5,29.7,51.8,0.92,45,24.6,56.1,5.0,107.7,0.0,1016.2,DEMO
2026-08-19 19:00:00,HHHT004,小召前街,40.805,111.665,回民区,36.7,52.0,11.7,35.1,47.6,0.96,52,23.3,29.5,3.4,225.9,0.0,1009.0,DEMO
2026-08-19 19:00:00,HHHT005,二十九中,40.78,111.7,玉泉区,33.9,44.0,12.4,31.9,58.1,0.9,48,19.5,54.0,4.4,206.0,0.0,1014.2,DEMO
2026-08-19 19:00:00,HHHT006,工大金川校区,40.76,111.62,土默特左旗,35.5,53.0,15.4,41.7,36.5,0.79,51,21.7,76.6,2.1,128.2,0.0,1008.2,DEMO
2026-08-19 20:00:00,HHHT001,呼和浩特市环境监测中心站,40.8421,111.749,新城区,23.7,34.1,16.4,32.6,65.5,0.82,34,24.3,40.6,0.7,149.7,0.0,1015.0,DEMO
2026-08-19 20:00:00,HHHT002,如意开发区,40.825,111.8,赛罕区,51.3,65.9,16.8,47.2,52.5,0.76,70,14.1,61.4,3.0,294.5,0.0,1013.6,DEMO
2026-08-19 20:00:00,HHHT003,呼市一监,40.81,111.67,回民区,38.4,55.3,14.3,37.6,66.4,1.09,54,23.4,47.8,0.8,263.7,0.0,1011.5,DEMO
2026-08-19 20:00:00,HHHT004,小召前街,40.805,111.665,回民区,38.4,59.3,14.8,39.5,43.9,0.9,54,26.9,54.3,4.2,38.8,3.0,1009.5,DEMO
2026-08-19 20:00:00,HHHT005,二十九中,40.78,111.7,玉泉区,34.0,47.6,18.1,38.9,61.6,0.79,49,25.6,39.7,3.2,61.2,0.0,1013.0,DEMO
2026-08-19 20:00:00,HHHT006,工大金川校区,40.76,111.62,土默特左旗,37.3,51.6,6.8,24.4,43.6,0.87,53,23.1,45.5,3.6,336.7,0.0,1015.4,DEMO
2026-08-19 21:00:00,HHHT001,呼和浩特市环境监测中心站,40.8421,111.749,新城区,22.8,30.8,17.6,24.8,55.3,0.83,33,26.0,31.8,2.7,169.7,0.0,1014.4,DEMO
2026-08-19 21:00:00,HHHT002,如意开发区,40.825,111.8,赛罕区,36.9,46.7,13.3,35.0,44.0,0.98,52,18.0,35.1,3.0,342.3,0.0,1012.5,DEMO
2026-08-19 21:00:00,HHHT003,呼市一监,40.81,111.67,回民区,22.7,33.4,17.9,23.7,54.2,0.8,32,20.2,41.3,2.8,214.2,0.0,1018.2,DEMO
2026-08-19 21:00:00,HHHT004,小召前街,40.805,111.665,回民区,52.1,74.0,18.0,40.4,56.6,0.97,71,20.7,60.8,3.9,45.6,0.0,1012.4,DEMO
2026-08-19 21:00:00,HHHT005,二十九中,40.78,111.7,玉泉区,32.8,41.9,15.6,26.1,53.4,0.88,47,23.7,49.2,0.5,136.4,0.0,1012.7,DEMO
2026-08-19 21:00:00,HHHT006,工大金川校区,40.76,111.62,土默特左旗,24.0,37.6,14.1,31.4,60.3,0.83,34,20.9,42.3,2.2,285.0,0.6,1010.1,DEMO
2026-08-19 22:00:00,HHHT001,呼和浩特市环境监测中心站,40.8421,111.749,新城区,23.7,33.2,9.9,25.6,48.5,0.84,34,19.8,40.0,3.1,355.7,0.0,1011.8,DEMO
2026-08-19 22:00:00,HHHT002,如意开发区,40.825,111.8,赛罕区,34.8,45.6,9.6,39.5,51.2,1.0,50,18.1,48.5,5.0,144.6,0.0,1007.7,DEMO
2026-08-19 22:00:00,HHHT003,呼市一监,40.81,111.67,回民区,39.6,53.4,19.2,34.6,48.7,1.05,56,21.9,35.0,3.4,288.3,0.0,1013.1,DEMO
2026-08-19 22:00:00,HHHT004,小召前街,40.805,111.665,回民区,43.9,56.5,15.1,37.9,40.0,0.98,61,26.3,39.4,2.3,257.8,0.0,1012.9,DEMO
2026-08-19 22:00:00,HHHT005,二十九中,40.78,111.7,玉泉区,30.5,38.9,16.4,32.7,56.9,0.89,44,23.5,66.5,3.5,276.9,0.0,1016.0,DEMO
2026-08-19 22:00:00,HHHT006,工大金川校区,40.76,111.62,土默特左旗,24.3,31.6,12.5,32.9,35.7,0.74,35,25.7,53.7,2.5,329.4,0.0,1007.7,DEMO
2026-08-19 23:00:00,HHHT001,呼和浩特市环境监测中心站,40.8421,111.749,新城区,26.0,36.8,16.9,42.0,45.9,0.82,37,25.9,48.3,5.3,213.3,0.0,1018.6,DEMO
2026-08-19 23:00:00,HHHT002,如意开发区,40.825,111.8,赛罕区,34.8,43.7,15.3,33.4,55.3,0.84,50,21.1,60.8,2.4,348.8,0.0,1005.2,DEMO
2026-08-19 23:00:00,HHHT003,呼市一监,40.81,111.67,回民区,25.8,37.4,9.0,33.9,55.6,0.73,37,24.8,45.7,3.4,69.1,0.0,1007.3,DEMO
2026-08-19 23:00:00,HHHT004,小召前街,40.805,111.665,回民区,39.9,57.8,13.2,27.0,56.1,0.83,56,22.1,61.5,4.4,202.4,0.0,1016.1,DEMO
2026-08-19 23:00:00,HHHT005,二十九中,40.78,111.7,玉泉区,22.1,30.4,16.4,31.8,50.8,0.73,32,20.1,36.1,5.0,130.9,0.0,1007.9,DEMO
2026-08-19 23:00:00,HHHT006,工大金川校区,40.76,111.62,土默特左旗,17.0,27.0,16.2,32.6,36.7,0.69,24,20.7,53.8,1.7,174.7,1.5,1013.0,DEMO
2026-08-20 00:00:00,HHHT001,呼和浩特市环境监测中心站,40.8421,111.749,新城区,36.4,48.1,13.7,36.5,58.4,1.01,52,19.3,56.1,3.7,137.1,0.0,1012.2,DEMO
2026-08-20 00:00:00,HHHT002,如意开发区,40.825,111.8,赛罕区,30.0,48.5,14.4,36.4,56.2,0.84,43,19.7,52.0,3.8,300.5,1.9,1017.8,DEMO
2026-08-20 00:00:00,HHHT003,呼市一监,40.81,111.67,回民区,36.8,48.7,17.9,34.5,63.6,0.88,52,19.4,42.4,2.2,49.8,0.0,1014.8,DEMO
2026-08-20 00:00:00,HHHT004,小召前街,40.805,111.665,回民区,42.1,58.8,19.7,32.8,39.4,0.96,59,18.2,58.8,2.8,143.3,0.0,1017.0,DEMO
2026-08-20 00:00:00,HHHT005,二十九中,40.78,111.7,玉泉区,41.6,58.7,15.3,31.3,57.5,0.79,58,22.3,32.1,3.0,0.6,0.0,1016.1,DEMO
2026-08-20 00:00:00,HHHT006,工大金川校区,40.76,111.62,土默特左旗,39.7,54.4,16.5,38.7,52.8,0.92,56,25.3,20.1,2.0,118.0,0.0,1013.4,DEMO
2026-08-20 01:00:00,HHHT001,呼和浩特市环境监测中心站,40.8421,111.749,新城区,25.4,40.7,14.8,34.5,41.8,0.85,36,21.4,43.0,1.1,356.0,2.2,1007.0,DEMO
2026-08-20 01:00:00,HHHT002,如意开发区,40.825,111.8,赛罕区,42.9,58.4,10.1,30.4,40.7,0.92,60,23.3,50.8,2.4,191.7,0.0,1006.2,DEMO
2026-08-20 01:00:00,HHHT003,呼市一监,40.81,111.67,回民区,36.5,47.0,12.8,35.1,55.2,0.95,52,21.3,45.0,4.5,168.1,0.0,1015.0,DEMO
2026-08-20 01:00:00,HHHT004,小召前街,40.805,111.665,回民区,27.0,40.1,16.5,31.6,50.1,0.67,39,20.6,32.0,2.9,44.7,0.0,1012.3,DEMO
2026-08-20 01:00:00,HHHT005,二十九中,40.78,111.7,玉泉区,32.6,42.4,15.9,38.5,58.7,0.85,47,31.5,49.2,1.7,351.2,0.0,1014.7,DEMO
2026-08-20 01:00:00,HHHT006,工大金川校区,40.76,111.62,土默特左旗,17.2,25.5,11.6,28.4,52.8,0.77,25,20.4,56.2,4.4,355.8,0.0,1009.7,DEMO
2026-08-20 02:00:00,HHHT001,呼和浩特市环境监测中心站,40.8421,111.749,新城区,18.3,27.2,11.5,29.9,56.8,0.93,26,23.2,60.4,1.1,67.9,0.0,1007.8,DEMO
2026-08-20 02:00:00,HHHT002,如意开发区,40.825,111.8,赛罕区,38.9,55.3,12.6,39.6,52.3,0.93,55,17.9,41.4,2.5,209.7,0.0,1010.6,DEMO
2026-08-20 02:00:00,HHHT003,呼市一监,40.81,111.67,回民区,33.6,47.0,14.9,38.4,54.9,0.95,48,19.9,53.7,3.2,121.0,0.0,1008.4,DEMO
2026-08-20 02:00:00,HHHT004,小召前街,40.805,111.665,回民区,39.2,54.9,9.6,30.6,43.4,1.0,55,22.9,23.7,1.9,323.7,0.0,1015.2,DEMO
2026-08-20 02:00:00,HHHT005,二十九中,40.78,111.7,玉泉区,27.0,39.8,16.7,39.2,61.6,0.87,39,19.2,64.8,2.6,104.0,0.0,1008.4,DEMO
2026-08-20 02:00:00,HHHT006,工大金川校区,40.76,111.62,土默特左旗,32.9,45.1,12.0,31.7,53.5,1.03,47,24.2,15,2.7,354.4,0.0,1009.1,DEMO
2026-08-20 03:00:00,HHHT001,呼和浩特市环境监测中心站,40.8421,111.749,新城区,24.4,34.0,15.5,31.4,57.9,0.65,35,19.2,43.0,3.2,140.3,0.0,1011.3,DEMO
2026-08-20 03:00:00,HHHT002,如意开发区,40.825,111.8,赛罕区,32.4,52.2,10.3,34.2,57.3,0.77,46,27.1,32.0,3.1,270.5,2.4,1020.6,DEMO
2026-08-20 03:00:00,HHHT003,呼市一监,40.81,111.67,回民区,29.5,41.5,13.1,33.5,62.4,0.82,42,20.4,35.6,5.3,269.0,0.0,1010.7,DEMO
2026-08-20 03:00:00,HHHT004,小召前街,40.805,111.665,回民区,33.4,45.2,12.6,29.2,50.8,0.94,48,28.4,40.9,3.7,36.3,0.0,1021.9,DEMO
2026-08-20 03:00:00,HHHT005,二十九中,40.78,111.7,玉泉区,23.2,30.3,13.6,31.3,58.2,0.74,33,24.6,55.8,3.5,60.2,0.0,1008.0,DEMO
2026-08-20 03:00:00,HHHT006,工大金川校区,40.76,111.62,土默特左旗,14.0,18.3,13.8,23.5,45.6,0.77,20,26.2,55.4,4.6,212.6,0.0,1010.7,DEMO
2026-08-20 04:00:00,HHHT001,呼和浩特市环境监测中心站,40.8421,111.749,新城区,27.9,37.1,15.9,31.7,67.6,0.79,40,20.8,30.5,2.7,56.6,0.0,1009.1,DEMO
2026-08-20 04:00:00,HHHT002,如意开发区,40.825,111.8,赛罕区,28.0,39.2,10.8,31.6,54.4,0.86,40,22.0,68.7,2.6,205.3,0.0,1010.9,DEMO
2026-08-20 04:00:00,HHHT003,呼市一监,40.81,111.67,回民区,24.5,34.4,12.6,29.6,46.8,0.8,35,23.2,38.7,0.3,208.3,0.0,1009.7,DEMO
2026-08-20 04:00:00,HHHT004,小召前街,40.805,111.665,回民区,27.4,41.1,11.7,39.2,41.5,0.63,39,25.8,67.7,2.0,87.4,0.0,1011.6,DEMO
2026-08-20 04:00:00,HHHT005,二十九中,40.78,111.7,玉泉区,32.5,51.5,12.6,31.4,29.0,0.76,46,22.3,56.0,1.6,217.4,3.8,1012.2,DEMO
2026-08-20 04:00:00,HHHT006,工大金川校区,40.76,111.62,土默特左旗,27.6,35.7,12.1,33.6,56.4,0.72,39,20.4,33.2,0.5,123.6,0.0,1015.5,DEMO
2026-08-20 05:00:00,HHHT001,呼和浩特市环境监测中心站,40.8421,111.749,新城区,30.4,44.3,8.5,34.9,49.1,0.92,43,26.2,53.9,1.1,152.9,0.0,1012.2,DEMO
2026-08-20 05:00:00,HHHT002,如意开发区,40.825,111.8,赛罕区,36.1,52.4,12.1,36.6,41.8,0.9,51,21.8,65.7,3.7,153.5,0.0,1014.9,DEMO
2026-08-20 05:00:00,HHHT003,呼市一监,40.81,111.67,回民区,42.9,56.3,14.9,39.6,55.1,0.77,60,26.4,29.4,2.0,178.1,0.0,1012.0,DEMO
2026-08-20 05:00:00,HHHT004,小召前街,40.805,111.665,回民区,47.5,62.5,11.3,36.0,62.1,0.9,66,21.7,44.4,2.2,6.9,0.0,1010.3,DEMO
2026-08-20 05:00:00,HHHT005,二十九中,40.78,111.7,玉泉区,20.4,28.5,8.4,39.2,61.4,0.6,29,13.6,59.2,1.0,34.5,0.0,1004.2,DEMO
2026-08-20 05:00:00,HHHT006,工大金川校区,40.76,111.62,土默特左旗,27.5,40.3,12.6,34.1,53.1,0.65,39,21.4,52.2,2.0,101.6,0.0,1013.9,DEMO
2026-08-20 06:00:00,HHHT001,呼和浩特市环境监测中心站,40.8421,111.749,新城区,31.1,42.8,15.5,21.4,64.3,0.83,44,23.4,44.0,0.8,346.6,0.0,1008.8,DEMO
2026-08-20 06:00:00,HHHT002,如意开发区,40.825,111.8,赛罕区,43.6,54.7,13.2,32.1,41.3,1.04,61,20.2,55.3,1.3,332.0,0.0,1007.4,DEMO
2026-08-20 06:00:00,HHHT003,呼市一监,40.81,111.67,回民区,36.5,53.9,17.6,44.7,52.8,1.01,52,18.6,57.4,3.0,201.3,0.0,1020.8,DEMO
2026-08-20 06:00:00,HHHT004,小召前街,40.805,111.665,回民区,34.0,53.3,13.3,38.1,47.6,0.91,49,20.0,59.9,2.1,236.9,0.5,1007.8,DEMO
2026-08-20 06:00:00,HHHT005,二十九中,40.78,111.7,玉泉区,32.2,42.6,21.1,36.3,42.4,0.77,46,20.1,46.3,4.4,71.5,0.0,1011.2,DEMO
2026-08-20 06:00:00,HHHT006,工大金川校区,40.76,111.62,土默特左旗,26.1,37.8,9.4,28.0,58.7,0.83,37,25.6,42.3,4.0,116.4,0.0,1009.2,DEMO
2026-08-20 07:00:00,HHHT001,呼和浩特市环境监测中心站,40.8421,111.749,新城区,40.2,55.9,16.5,42.5,45.5,0.91,56,23.9,47.5,1.0,12.0,0.0,1008.8,DEMO
2026-08-20 07:00:00,HHHT002,如意开发区,40.825,111.8,赛罕区,47.4,65.6,22.1,27.6,27.8,0.92,65,25.8,51.8,3.0,319.1,0.0,1013.1,DEMO
2026-08-20 07:00:00,HHHT003,呼市一监,40.81,111.67,回民区,33.1,43.4,10.5,29.0,51.5,0.76,47,18.3,33.7,2.7,156.3,0.0,1015.7,DEMO
2026-08-20 07:00:00,HHHT004,小召前街,40.805,111.665,回民区,51.5,65.5,14.9,34.8,40.2,0.89,71,22.3,51.0,2.5,350.3,0.0,1009.4,DEMO
2026-08-20 07:00:00,HHHT005,二十九中,40.78,111.7,玉泉区,39.5,57.8,18.8,40.0,48.0,0.81,56,28.5,40.8,2.8,157.8,0.0,1012.1,DEMO
2026-08-20 07:00:00,HHHT006,工大金川校区,40.76,111.62,土默特左旗,29.8,38.8,12.7,29.7,57.6,0.78,43,26.7,53.4,2.6,315.2,0.0,1009.8,DEMO
2026-08-20 08:00:00,HHHT001,呼和浩特市环境监测中心站,40.8421,111.749,新城区,35.5,50.3,15.5,35.4,43.0,0.92,51,25.7,49.5,1.0,161.5,0.0,1016.7,DEMO
2026-08-20 08:00:00,HHHT002,如意开发区,40.825,111.8,赛罕区,34.8,46.6,10.7,34.6,52.8,0.78,50,19.7,53.9,3.0,359.6,0.0,1004.5,DEMO
2026-08-20 08:00:00,HHHT003,呼市一监,40.81,111.67,回民区,38.8,57.3,11.9,39.7,52.8,0.84,55,23.1,64.1,3.2,138.1,0.0,1012.6,DEMO
2026-08-20 08:00:00,HHHT004,小召前街,40.805,111.665,回民区,43.9,58.6,9.2,40.3,41.6,0.85,61,21.2,57.2,2.5,357.3,0.0,1013.5,DEMO
2026-08-20 08:00:00,HHHT005,二十九中,40.78,111.7,玉泉区,49.5,67.1,14.6,34.3,50.2,0.98,68,25.0,49.7,3.0,190.9,0.0,1008.7,DEMO
2026-08-20 08:00:00,HHHT006,工大金川校区,40.76,111.62,土默特左旗,34.3,46.9,15.1,35.4,64.3,1.0,49,24.2,50.5,2.1,331.6,0.0,1013.9,DEMO
2026-08-20 09:00:00,HHHT001,呼和浩特市环境监测中心站,40.8421,111.749,新城区,46.9,63.0,17.1,31.3,49.7,1.06,65,16.7,47.2,3.4,288.2,0.0,1012.4,DEMO
2026-08-20 09:00:00,HHHT002,如意开发区,40.825,111.8,赛罕区,62.8,92.8,16.2,49.8,44.3,0.86,85,22.2,39.6,1.7,349.6,0.0,1018.1,DEMO
2026-08-20 09:00:00,HHHT003,呼市一监,40.81,111.67,回民区,43.2,54.3,14.1,42.6,61.6,1.02,60,21.4,57.4,2.6,170.2,0.0,1006.2,DEMO
2026-08-20 09:00:00,HHHT004,小召前街,40.805,111.665,回民区,44.5,62.0,13.7,28.4,34.6,1.0,62,20.5,50.9,2.3,19.2,0.0,1011.9,DEMO
2026-08-20 09:00:00,HHHT005,二十九中,40.78,111.7,玉泉区,29.7,40.1,15.7,39.6,43.2,0.86,42,24.2,21.2,2.9,264.0,0.0,1008.4,DEMO
2026-08-20 09:00:00,HHHT006,工大金川校区,40.76,111.62,土默特左旗,24.9,33.6,10.2,33.3,40.7,0.64,36,18.1,38.5,2.6,105.7,0.0,1017.6,DEMO
2026-08-20 10:00:00,HHHT001,呼和浩特市环境监测中心站,40.8421,111.749,新城区,28.0,39.1,13.9,39.3,63.2,0.89,40,26.7,19.9,3.4,65.0,0.0,1011.9,DEMO
2026-08-20 10:00:00,HHHT002,如意开发区,40.825,111.8,赛罕区,39.8,52.9,16.4,28.6,40.0,0.84,56,26.9,34.7,2.4,44.2,0.0,1009.1,DEMO
2026-08-20 10:00:00,HHHT003,呼市一监,40.81,111.67,回民区,40.4,54.2,16.4,32.5,53.9,0.87,57,19.4,58.7,2.9,306.6,0.0,1015.7,DEMO
2026-08-20 10:00:00,HHHT004,小召前街,40.805,111.665,回民区,47.8,61.3,15.9,39.2,59.4,0.98,66,21.2,56.7,2.2,14.6,0.0,1012.7,DEMO
2026-08-20 10:00:00,HHHT005,二十九中,40.78,111.7,玉泉区,39.1,51.0,14.9,32.6,60.8,0.84,55,18.6,51.0,4.5,32.1,0.0,1009.1,DEMO
2026-08-20 10:00:00,HHHT006,工大金川校区,40.76,111.62,土默特左旗,29.1,43.1,17.4,45.0,57.0,0.93,42,24.3,47.5,1.9,196.3,0.0,1012.2,DEMO
2026-08-20 11:00:00,HHHT001,呼和浩特市环境监测中心站,40.8421,111.749,新城区,36.1,48.3,11.7,44.6,59.9,0.8,51,27.0,38.7,2.4,118.0,0.0,1015.7,DEMO
2026-08-20 11:00:00,HHHT002,如意开发区,40.825,111.8,赛罕区,45.4,60.2,18.3,37.1,48.2,1.02,63,25.7,33.4,4.3,12.5,0.0,1013.1,DEMO
2026-08-20 11:00:00,HHHT003,呼市一监,40.81,111.67,回民区,33.0,42.1,14.9,24.8,63.4,0.98,47,15.2,64.8,4.8,231.7,0.0,1014.3,DEMO
2026-08-20 11:00:00,HHHT004,小召前街,40.805,111.665,回民区,46.7,66.9,22.0,29.6,56.5,1.04,65,26.0,47.3,3.2,153.3,0.0,1013.2,DEMO
2026-08-20 11:00:00,HHHT005,二十九中,40.78,111.7,玉泉区,29.4,37.5,11.7,28.7,44.5,0.88,42,27.9,59.7,0.3,344.8,0.0,1016.4,DEMO
2026-08-20 11:00:00,HHHT006,工大金川校区,40.76,111.62,土默特左旗,16.8,21.8,13.9,35.7,62.8,0.73,24,20.7,48.9,3.5,219.6,0.0,1010.3,DEMO
2026-08-20 12:00:00,HHHT001,呼和浩特市环境监测中心站,40.8421,111.749,新城区,26.7,35.5,13.6,33.7,59.4,0.83,38,16.0,64.4,2.1,321.7,0.0,1017.4,DEMO
2026-08-20 12:00:00,HHHT002,如意开发区,40.825,111.8,赛罕区,45.2,60.0,14.6,38.6,50.6,0.8,63,18.5,31.8,0.9,289.8,0.0,1016.2,DEMO
2026-08-20 12:00:00,HHHT003,呼市一监,40.81,111.67,回民区,32.2,46.2,17.3,35.5,71.1,1.04,46,27.0,40.6,6.3,59.8,0.0,1009.0,DEMO
2026-08-20 12:00:00,HHHT004,小召前街,40.805,111.665,回民区,41.1,52.4,12.8,28.7,59.9,0.9,58,18.4,52.9,2.6,308.4,0.0,1008.3,DEMO
2026-08-20 12:00:00,HHHT005,二十九中,40.78,111.7,玉泉区,36.0,51.3,13.5,30.8,56.5,0.84,51,16.3,48.4,3.1,16.7,0.0,1010.2,DEMO
2026-08-20 12:00:00,HHHT006,工大金川校区,40.76,111.62,土默特左旗,28.1,37.7,12.2,36.8,55.9,0.86,40,26.7,44.1,3.6,237.3,0.0,1004.6,DEMO
2026-08-20 13:00:00,HHHT001,呼和浩特市环境监测中心站,40.8421,111.749,新城区,34.7,50.4,8.9,31.1,69.2,0.89,50,19.4,38.2,4.0,337.3,0.0,1013.7,DEMO
2026-08-20 13:00:00,HHHT002,如意开发区,40.825,111.8,赛罕区,32.2,43.9,13.1,26.5,54.6,1.11,46,22.2,37.2,2.0,348.6,0.0,1013.9,DEMO
2026-08-20 13:00:00,HHHT003,呼市一监,40.81,111.67,回民区,37.7,54.7,11.4,22.6,63.0,0.97,53,22.1,41.7,3.9,56.1,0.0,1014.5,DEMO
2026-08-20 13:00:00,HHHT004,小召前街,40.805,111.665,回民区,53.0,75.7,17.2,32.7,65.7,1.01,73,25.8,36.4,2.0,163.7,0.0,1011.9,DEMO
2026-08-20 13:00:00,HHHT005,二十九中,40.78,111.7,玉泉区,44.7,60.6,16.2,32.0,49.0,0.97,62,20.0,53.2,3.1,202.8,0.0,1010.1,DEMO
2026-08-20 13:00:00,HHHT006,工大金川校区,40.76,111.62,土默特左旗,18.6,27.7,10.6,25.6,57.1,0.63,27,24.9,43.9,3.1,133.8,0.0,1015.8,DEMO
2026-08-20 14:00:00,HHHT001,呼和浩特市环境监测中心站,40.8421,111.749,新城区,23.8,31.1,11.9,25.8,67.9,0.74,34,26.3,33.7,4.1,328.1,0.0,1008.4,DEMO
2026-08-20 14:00:00,HHHT002,如意开发区,40.825,111.8,赛罕区,40.7,71.3,13.0,37.4,59.4,1.16,57,24.7,34.1,1.0,55.2,0.4,1008.6,DEMO
2026-08-20 14:00:00,HHHT003,呼市一监,40.81,111.67,回民区,37.7,51.6,11.5,27.4,42.8,0.97,53,26.6,28.0,2.1,46.0,0.0,1009.9,DEMO
2026-08-20 14:00:00,HHHT004,小召前街,40.805,111.665,回民区,41.5,57.3,15.6,24.4,45.0,0.92,58,21.3,66.1,1.8,265.0,0.0,1006.9,DEMO
2026-08-20 14:00:00,HHHT005,二十九中,40.78,111.7,玉泉区,31.4,45.6,6.1,31.2,60.1,0.96,45,19.7,47.7,4.4,64.6,0.0,1005.0,DEMO
2026-08-20 14:00:00,HHHT006,工大金川校区,40.76,111.62,土默特左旗,19.7,28.2,16.4,33.2,69.9,0.58,28,25.6,51.1,2.4,283.8,0.0,1012.3,DEMO
2026-08-20 15:00:00,HHHT001,呼和浩特市环境监测中心站,40.8421,111.749,新城区,19.3,28.2,17.0,27.1,70.6,0.92,28,21.1,26.3,2.9,238.9,0.0,1009.0,DEMO
2026-08-20 15:00:00,HHHT002,如意开发区,40.825,111.8,赛罕区,32.7,48.2,13.7,28.5,55.2,0.88,47,26.0,42.6,3.4,177.2,0.0,1014.9,DEMO
2026-08-20 15:00:00,HHHT003,呼市一监,40.81,111.67,回民区,32.8,48.7,16.7,23.3,53.0,0.77,47,21.4,37.8,2.8,238.6,0.0,1009.1,DEMO
2026-08-20 15:00:00,HHHT004,小召前街,40.805,111.665,回民区,47.4,66.1,13.8,39.5,60.1,0.94,65,21.5,50.0,1.7,176.1,0.0,1014.1,DEMO
2026-08-20 15:00:00,HHHT005,二十九中,40.78,111.7,玉泉区,28.3,42.0,10.1,30.5,51.0,0.8,40,25.7,39.2,4.7,309.0,0.0,1013.4,DEMO
2026-08-20 15:00:00,HHHT006,工大金川校区,40.76,111.62,土默特左旗,25.8,35.0,12.6,24.4,63.5,0.81,37,27.2,44.9,4.2,277.5,0.0,1010.0,DEMO
2026-08-20 16:00:00,HHHT001,呼和浩特市环境监测中心站,40.8421,111.749,新城区,30.1,40.0,8.3,33.5,44.0,0.92,43,20.2,38.9,3.8,85.5,0.0,1007.0,DEMO
2026-08-20 16:00:00,HHHT002,如意开发区,40.825,111.8,赛罕区,43.2,57.8,12.2,38.3,57.7,1.0,60,29.1,22.3,2.3,33.6,0.0,1008.5,DEMO
2026-08-20 16:00:00,HHHT003,呼市一监,40.81,111.67,回民区,38.5,49.8,15.5,33.3,56.5,1.03,54,22.7,31.2,1.8,100.3,0.0,1010.0,DEMO
2026-08-20 16:00:00,HHHT004,小召前街,40.805,111.665,回民区,52.6,69.1,14.1,33.4,54.6,1.14,72,18.7,59.5,1.5,72.1,0.0,1014.8,DEMO
2026-08-20 16:00:00,HHHT005,二十九中,40.78,111.7,玉泉区,38.3,48.6,9.1,39.9,52.9,0.93,54,20.0,60.9,2.9,348.9,0.0,1008.0,DEMO
2026-08-20 16:00:00,HHHT006,工大金川校区,40.76,111.62,土默特左旗,25.2,31.6,13.3,37.0,64.6,0.69,36,21.8,53.8,3.9,48.1,0.0,1015.4,DEMO
2026-08-20 17:00:00,HHHT001,呼和浩特市环境监测中心站,40.8421,111.749,新城区,47.0,64.6,15.2,39.3,54.3,1.2,65,24.7,33.5,1.8,38.6,0.0,1010.4,DEMO
2026-08-20 17:00:00,HHHT002,如意开发区,40.825,111.8,赛罕区,46.2,73.9,11.5,32.0,39.8,1.07,64,23.2,31.7,1.9,336.6,3.9,1008.4,DEMO
2026-08-20 17:00:00,HHHT003,呼市一监,40.81,111.67,回民区,59.9,84.6,11.8,33.4,55.5,0.96,81,16.2,45.8,1.5,72.2,0.0,1015.6,DEMO
2026-08-20 17:00:00,HHHT004,小召前街,40.805,111.665,回民区,45.5,61.1,10.7,46.7,50.9,0.94,63,21.6,55.0,3.1,279.4,0.0,1015.9,DEMO
2026-08-20 17:00:00,HHHT005,二十九中,40.78,111.7,玉泉区,46.4,67.1,12.8,29.0,57.1,1.04,64,20.9,51.1,0.7,286.1,0.0,1010.9,DEMO
2026-08-20 17:00:00,HHHT006,工大金川校区,40.76,111.62,土默特左旗,34.5,44.5,14.1,26.6,54.4,1.0,49,23.1,38.4,2.5,13.4,0.0,1009.2,DEMO
2026-08-20 18:00:00,HHHT001,呼和浩特市环境监测中心站,40.8421,111.749,新城区,37.3,51.1,15.0,28.6,45.4,0.96,53,18.5,37.1,1.4,109.1,0.0,1008.2,DEMO
2026-08-20 18:00:00,HHHT002,如意开发区,40.825,111.8,赛罕区,47.5,63.0,17.6,28.2,48.4,0.87,66,20.9,37.5,1.4,167.8,0.0,1012.9,DEMO
2026-08-20 18:00:00,HHHT003,呼市一监,40.81,111.67,回民区,31.3,41.2,9.4,24.6,31.9,0.87,45,16.4,44.1,1.8,115.8,0.0,1011.4,DEMO
2026-08-20 18:00:00,HHHT004,小召前街,40.805,111.665,回民区,53.7,68.5,18.8,35.8,45.0,0.84,73,26.4,41.8,1.5,281.2,0.0,1013.9,DEMO
2026-08-20 18:00:00,HHHT005,二十九中,40.78,111.7,玉泉区,40.1,57.1,14.2,31.0,58.6,0.88,56,18.0,55.6,4.6,203.3,0.0,1010.5,DEMO
2026-08-20 18:00:00,HHHT006,工大金川校区,40.76,111.62,土默特左旗,34.5,47.7,15.8,33.3,45.4,0.91,49,20.7,32.2,1.7,49.9,0.0,1017.8,DEMO
2026-08-20 19:00:00,HHHT001,呼和浩特市环境监测中心站,40.8421,111.749,新城区,21.6,31.2,7.8,31.2,57.2,0.67,31,22.5,45.4,2.4,180.6,0.0,1013.9,DEMO
2026-08-20 19:00:00,HHHT002,如意开发区,40.825,111.8,赛罕区,41.9,58.0,17.6,43.1,43.9,0.98,59,25.6,38.3,2.1,96.8,0.0,1013.8,DEMO
2026-08-20 19:00:00,HHHT003,呼市一监,40.81,111.67,回民区,43.9,58.2,14.7,30.9,59.3,0.63,61,19.5,40.1,0.6,32.5,0.0,1011.4,DEMO
2026-08-20 19:00:00,HHHT004,小召前街,40.805,111.665,回民区,46.4,60.8,13.3,26.3,59.3,0.94,64,24.0,36.5,2.0,246.6,0.0,1006.9,DEMO
2026-08-20 19:00:00,HHHT005,二十九中,40.78,111.7,玉泉区,37.2,55.2,14.7,31.4,51.4,0.91,53,25.7,34.2,5.5,94.2,1.5,1009.4,DEMO
2026-08-20 19:00:00,HHHT006,工大金川校区,40.76,111.62,土默特左旗,24.9,36.1,13.2,29.7,54.1,0.65,36,25.1,59.2,4.6,290.4,0.0,1010.3,DEMO
2026-08-20 20:00:00,HHHT001,呼和浩特市环境监测中心站,40.8421,111.749,新城区,35.8,51.4,17.9,27.3,51.6,1.01,51,21.0,53.6,3.4,243.7,0.0,1008.3,DEMO
2026-08-20 20:00:00,HHHT002,如意开发区,40.825,111.8,赛罕区,43.5,58.4,12.9,43.7,43.1,0.85,61,10.6,54.8,2.3,183.6,0.0,1011.3,DEMO
2026-08-20 20:00:00,HHHT003,呼市一监,40.81,111.67,回民区,42.4,65.0,9.2,38.4,49.2,0.86,59,23.3,48.4,3.8,151.6,0.8,1005.0,DEMO
2026-08-20 20:00:00,HHHT004,小召前街,40.805,111.665,回民区,42.9,62.7,16.4,30.9,46.6,0.91,60,19.6,48.9,1.7,336.7,0.0,1005.7,DEMO
2026-08-20 20:00:00,HHHT005,二十九中,40.78,111.7,玉泉区,51.9,67.4,6.6,37.3,42.9,0.89,71,29.7,45.7,0.7,211.1,0.0,1010.7,DEMO
2026-08-20 20:00:00,HHHT006,工大金川校区,40.76,111.62,土默特左旗,29.0,42.3,5.4,31.3,49.7,0.7,41,20.4,30.6,1.4,185.4,0.0,1020.1,DEMO
2026-08-20 21:00:00,HHHT001,呼和浩特市环境监测中心站,40.8421,111.749,新城区,28.8,41.8,16.2,36.1,52.2,0.73,41,20.4,65.1,0.8,242.0,0.0,1017.8,DEMO
2026-08-20 21:00:00,HHHT002,如意开发区,40.825,111.8,赛罕区,46.9,66.3,13.6,38.4,53.6,0.81,65,23.2,43.0,4.8,304.3,0.0,1018.3,DEMO
2026-08-20 21:00:00,HHHT003,呼市一监,40.81,111.67,回民区,27.8,39.1,21.1,27.4,52.1,0.71,40,24.2,53.8,2.4,174.0,0.0,1009.3,DEMO
2026-08-20 21:00:00,HHHT004,小召前街,40.805,111.665,回民区,40.0,59.3,15.1,30.3,52.5,0.94,56,23.0,59.5,3.1,25.8,0.0,1007.1,DEMO
2026-08-20 21:00:00,HHHT005,二十九中,40.78,111.7,玉泉区,32.0,47.7,12.1,31.7,55.2,1.04,46,21.1,54.4,3.6,240.0,0.0,1016.3,DEMO
2026-08-20 21:00:00,HHHT006,工大金川校区,40.76,111.62,土默特左旗,31.0,44.8,12.9,34.8,60.5,0.93,44,21.6,43.6,4.1,110.0,0.0,1013.9,DEMO
2026-08-20 22:00:00,HHHT001,呼和浩特市环境监测中心站,40.8421,111.749,新城区,38.1,50.2,14.4,35.8,52.4,0.96,54,24.2,48.4,3.6,182.9,0.0,1010.0,DEMO
2026-08-20 22:00:00,HHHT002,如意开发区,40.825,111.8,赛罕区,42.8,54.0,5.8,45.0,38.9,0.88,60,20.3,40.1,3.6,215.6,0.0,1008.1,DEMO
2026-08-20 22:00:00,HHHT003,呼市一监,40.81,111.67,回民区,39.2,53.7,10.2,29.6,57.9,0.96,55,19.1,47.4,1.7,236.4,0.0,1010.8,DEMO
2026-08-20 22:00:00,HHHT004,小召前街,40.805,111.665,回民区,44.3,60.9,15.0,35.9,44.5,0.98,62,24.4,38.6,3.4,4.2,0.0,1019.4,DEMO
2026-08-20 22:00:00,HHHT005,二十九中,40.78,111.7,玉泉区,28.2,37.4,12.7,30.5,64.0,0.86,40,25.2,46.7,1.2,219.3,0.0,1012.7,DEMO
2026-08-20 22:00:00,HHHT006,工大金川校区,40.76,111.62,土默特左旗,35.3,50.4,13.8,27.8,39.3,0.89,50,14.9,36.6,4.7,99.3,0.0,1014.1,DEMO
2026-08-20 23:00:00,HHHT001,呼和浩特市环境监测中心站,40.8421,111.749,新城区,28.0,35.5,10.5,36.4,58.2,0.88,40,20.6,44.7,1.4,3.9,0.0,1008.1,DEMO
2026-08-20 23:00:00,HHHT002,如意开发区,40.825,111.8,赛罕区,37.0,51.8,11.9,36.8,44.4,1.03,53,20.9,53.9,2.7,164.6,0.0,1018.2,DEMO
2026-08-20 23:00:00,HHHT003,呼市一监,40.81,111.67,回民区,35.7,60.4,13.0,28.6,45.7,1.0,51,24.3,31.0,2.8,318.2,3.5,1014.6,DEMO
2026-08-20 23:00:00,HHHT004,小召前街,40.805,111.665,回民区,42.4,60.2,13.2,34.3,47.6,0.85,59,19.5,54.8,2.2,177.5,0.0,1014.4,DEMO
2026-08-20 23:00:00,HHHT005,二十九中,40.78,111.7,玉泉区,38.7,50.5,11.4,32.1,55.1,0.92,55,20.6,58.3,3.3,111.8,0.0,1018.9,DEMO
2026-08-20 23:00:00,HHHT006,工大金川校区,40.76,111.62,土默特左旗,29.4,40.6,10.4,34.7,42.1,0.82,42,24.3,42.6,3.7,30.9,0.0,1011.7,DEMO
2026-08-21 00:00:00,HHHT001,呼和浩特市环境监测中心站,40.8421,111.749,新城区,36.1,52.8,11.9,32.4,45.4,0.99,51,22.2,33.9,1.9,46.6,0.0,1014.7,DEMO
2026-08-21 00:00:00,HHHT002,如意开发区,40.825,111.8,赛罕区,38.6,52.1,11.8,33.9,48.9,0.82,55,23.3,38.1,4.4,106.1,0.0,1008.2,DEMO
2026-08-21 00:00:00,HHHT003,呼市一监,40.81,111.67,回民区,36.3,52.9,15.4,23.8,48.0,0.9,52,18.7,48.4,3.5,23.5,0.0,1012.6,DEMO
2026-08-21 00:00:00,HHHT004,小召前街,40.805,111.665,回民区,51.0,71.9,17.7,30.4,36.0,0.94,70,23.0,25.9,4.2,142.0,0.0,1008.5,DEMO
2026-08-21 00:00:00,HHHT005,二十九中,40.78,111.7,玉泉区,39.3,56.2,18.3,29.7,27.9,0.91,55,24.7,28.4,4.2,188.8,0.0,1008.3,DEMO
2026-08-21 00:00:00,HHHT006,工大金川校区,40.76,111.62,土默特左旗,36.6,53.7,8.8,34.6,56.0,0.96,52,24.5,62.5,2.6,239.3,0.0,1007.8,DEMO
2026-08-21 01:00:00,HHHT001,呼和浩特市环境监测中心站,40.8421,111.749,新城区,39.0,54.5,8.8,40.0,43.6,1.01,55,22.8,50.2,1.0,42.3,0.0,1013.3,DEMO
2026-08-21 01:00:00,HHHT002,如意开发区,40.825,111.8,赛罕区,35.9,47.7,11.4,33.2,52.7,0.88,51,25.4,56.5,3.9,204.2,0.0,1007.8,DEMO
2026-08-21 01:00:00,HHHT003,呼市一监,40.81,111.67,回民区,40.7,53.8,20.2,27.8,44.4,0.77,57,24.6,36.3,2.1,286.7,0.0,1009.6,DEMO
2026-08-21 01:00:00,HHHT004,小召前街,40.805,111.665,回民区,42.9,57.7,10.7,39.2,44.1,1.16,60,17.0,46.5,1.7,206.8,0.0,1007.3,DEMO
2026-08-21 01:00:00,HHHT005,二十九中,40.78,111.7,玉泉区,36.4,45.8,10.6,34.1,42.4,0.93,52,24.0,35.2,3.5,153.8,0.0,1005.4,DEMO
2026-08-21 01:00:00,HHHT006,工大金川校区,40.76,111.62,土默特左旗,29.8,40.7,15.5,35.3,63.5,0.84,43,23.3,38.5,0.9,130.7,0.0,1007.7,DEMO
2026-08-21 02:00:00,HHHT001,呼和浩特市环境监测中心站,40.8421,111.749,新城区,36.9,51.2,14.8,30.7,52.8,0.8,52,21.9,54.1,2.2,72.6,0.0,1010.6,DEMO
2026-08-21 02:00:00,HHHT002,如意开发区,40.825,111.8,赛罕区,34.3,44.1,8.6,31.5,38.6,0.87,49,22.2,65.9,3.1,313.2,0.0,1015.9,DEMO
2026-08-21 02:00:00,HHHT003,呼市一监,40.81,111.67,回民区,44.1,65.9,16.3,34.4,56.7,0.9,61,21.1,59.7,1.3,233.6,0.0,1014.5,DEMO
2026-08-21 02:00:00,HHHT004,小召前街,40.805,111.665,回民区,45.3,62.4,14.5,33.5,62.2,1.13,63,20.9,61.7,1.1,155.4,0.0,1014.1,DEMO
2026-08-21 02:00:00,HHHT005,二十九中,40.78,111.7,玉泉区,20.3,29.3,14.2,29.8,63.6,0.73,29,25.2,39.0,2.7,140.0,0.0,1011.4,DEMO
2026-08-21 02:00:00,HHHT006,工大金川校区,40.76,111.62,土默特左旗,23.2,30.9,16.2,38.5,50.9,1.05,33,25.4,55.2,2.4,28.3,0.0,1011.6,DEMO
2026-08-21 03:00:00,HHHT001,呼和浩特市环境监测中心站,40.8421,111.749,新城区,15.5,21.9,13.8,25.6,52.1,0.7,22,20.9,60.7,3.5,89.7,0.0,1014.3,DEMO
2026-08-21 03:00:00,HHHT002,如意开发区,40.825,111.8,赛罕区,36.2,54.0,17.0,32.2,44.8,1.11,51,23.1,54.1,4.1,299.2,0.0,1010.0,DEMO
2026-08-21 03:00:00,HHHT003,呼市一监,40.81,111.67,回民区,26.7,43.0,11.8,38.0,55.4,1.02,38,22.6,33.1,1.7,327.0,3.2,1013.8,DEMO
2026-08-21 03:00:00,HHHT004,小召前街,40.805,111.665,回民区,34.0,45.8,12.7,34.3,58.9,0.89,49,17.6,67.4,3.9,242.4,0.0,1018.7,DEMO
2026-08-21 03:00:00,HHHT005,二十九中,40.78,111.7,玉泉区,30.1,41.6,17.7,29.6,52.4,0.86,43,22.4,50.5,3.0,81.3,0.0,1011.3,DEMO
2026-08-21 03:00:00,HHHT006,工大金川校区,40.76,111.62,土默特左旗,12.4,18.5,12.2,41.8,62.5,0.85,18,19.9,32.5,2.9,196.9,3.5,1018.1,DEMO
2026-08-21 04:00:00,HHHT001,呼和浩特市环境监测中心站,40.8421,111.749,新城区,16.8,24.2,15.3,27.4,49.3,0.64,24,26.5,38.0,4.4,259.7,0.0,1013.3,DEMO
2026-08-21 04:00:00,HHHT002,如意开发区,40.825,111.8,赛罕区,33.4,46.3,15.5,28.9,49.0,1.13,48,22.3,52.7,4.3,197.6,0.0,1012.9,DEMO
2026-08-21 04:00:00,HHHT003,呼市一监,40.81,111.67,回民区,42.8,60.4,16.5,26.4,54.6,0.87,60,25.6,51.6,1.7,214.8,0.0,1013.2,DEMO
2026-08-21 04:00:00,HHHT004,小召前街,40.805,111.665,回民区,44.0,61.8,12.9,41.1,50.6,1.0,61,19.4,66.1,2.5,279.3,0.0,1012.5,DEMO
2026-08-21 04:00:00,HHHT005,二十九中,40.78,111.7,玉泉区,35.2,47.1,13.4,31.9,53.5,0.83,50,25.1,59.0,1.7,333.8,0.0,1010.2,DEMO
2026-08-21 04:00:00,HHHT006,工大金川校区,40.76,111.62,土默特左旗,26.8,37.9,14.4,32.1,60.4,0.78,38,24.4,44.7,4.3,223.7,0.0,1014.0,DEMO
2026-08-21 05:00:00,HHHT001,呼和浩特市环境监测中心站,40.8421,111.749,新城区,35.6,45.6,14.7,30.2,43.9,0.82,51,23.9,40.5,2.5,283.5,0.0,1012.4,DEMO
2026-08-21 05:00:00,HHHT002,如意开发区,40.825,111.8,赛罕区,38.3,57.4,20.4,43.1,46.3,0.85,54,20.1,72.4,1.4,229.8,0.0,1019.0,DEMO
2026-08-21 05:00:00,HHHT003,呼市一监,40.81,111.67,回民区,37.0,51.3,12.1,32.5,39.3,0.69,53,19.8,36.3,3.4,124.8,0.0,1017.6,DEMO
2026-08-21 05:00:00,HHHT004,小召前街,40.805,111.665,回民区,36.4,53.5,13.7,27.9,55.8,0.84,52,22.8,42.0,4.0,169.5,0.0,1017.3,DEMO
2026-08-21 05:00:00,HHHT005,二十九中,40.78,111.7,玉泉区,37.1,49.8,14.3,29.1,40.1,0.98,53,29.0,64.5,2.0,313.1,0.0,1018.3,DEMO
2026-08-21 05:00:00,HHHT006,工大金川校区,40.76,111.62,土默特左旗,15.9,20.7,16.7,26.7,48.1,0.69,23,17.4,32.0,4.0,51.1,0.0,1010.4,DEMO
2026-08-21 06:00:00,HHHT001,呼和浩特市环境监测中心站,40.8421,111.749,新城区,40.0,50.1,15.9,41.1,41.1,0.93,56,18.2,45.4,2.4,250.0,0.0,1015.0,DEMO
2026-08-21 06:00:00,HHHT002,如意开发区,40.825,111.8,赛罕区,37.6,48.4,16.9,36.4,52.2,0.87,53,23.6,43.6,5.1,278.4,0.0,1011.2,DEMO
2026-08-21 06:00:00,HHHT003,呼市一监,40.81,111.67,回民区,38.5,54.6,15.7,36.0,54.1,0.89,54,20.9,74.2,5.1,8.1,0.0,1013.7,DEMO
2026-08-21 06:00:00,HHHT004,小召前街,40.805,111.665,回民区,40.3,58.4,17.1,39.8,42.3,0.87,57,20.2,78.6,2.6,140.2,0.0,1011.7,DEMO
2026-08-21 06:00:00,HHHT005,二十九中,40.78,111.7,玉泉区,44.0,63.8,17.6,38.0,39.9,0.81,61,21.8,58.1,2.5,230.2,0.0,1009.9,DEMO
2026-08-21 06:00:00,HHHT006,工大金川校区,40.76,111.62,土默特左旗,23.6,29.9,9.6,22.8,64.9,0.85,34,23.3,56.2,1.5,68.6,0.0,1012.3,DEMO
2026-08-21 07:00:00,HHHT001,呼和浩特市环境监测中心站,40.8421,111.749,新城区,36.9,46.2,12.2,33.0,40.9,0.84,52,19.0,50.2,1.5,303.3,0.0,1009.2,DEMO
2026-08-21 07:00:00,HHHT002,如意开发区,40.825,111.8,赛罕区,42.4,57.8,8.4,31.0,51.0,0.91,59,20.4,61.7,0.8,38.9,0.0,1008.6,DEMO
2026-08-21 07:00:00,HHHT003,呼市一监,40.81,111.67,回民区,48.5,66.6,18.1,40.1,57.1,1.03,67,25.0,49.0,2.3,245.5,0.0,1013.2,DEMO
2026-08-21 07:00:00,HHHT004,小召前街,40.805,111.665,回民区,46.8,65.4,13.3,41.5,64.8,0.96,65,22.5,41.6,2.0,344.8,0.0,1006.0,DEMO
2026-08-21 07:00:00,HHHT005,二十九中,40.78,111.7,玉泉区,39.8,53.1,19.3,37.0,51.9,0.88,56,22.9,30.1,2.1,179.8,0.0,1016.5,DEMO
2026-08-21 07:00:00,HHHT006,工大金川校区,40.76,111.62,土默特左旗,34.0,51.0,12.5,31.7,52.6,0.91,49,21.6,73.4,2.9,191.3,0.0,1015.0,DEMO
2026-08-21 08:00:00,HHHT001,呼和浩特市环境监测中心站,40.8421,111.749,新城区,27.4,41.5,16.4,33.1,49.7,0.89,39,27.2,55.6,1.8,10.2,1.1,1013.2,DEMO
2026-08-21 08:00:00,HHHT002,如意开发区,40.825,111.8,赛罕区,41.8,67.6,17.0,40.2,30.2,0.96,59,19.7,37.9,2.4,342.3,0.7,1025.8,DEMO
2026-08-21 08:00:00,HHHT003,呼市一监,40.81,111.67,回民区,48.9,62.0,13.5,32.9,55.2,0.81,67,21.0,60.2,1.0,52.8,0.0,1012.8,DEMO
2026-08-21 08:00:00,HHHT004,小召前街,40.805,111.665,回民区,61.9,90.1,14.4,32.3,31.0,1.17,84,17.0,51.2,1.0,322.5,0.0,1009.9,DEMO
2026-08-21 08:00:00,HHHT005,二十九中,40.78,111.7,玉泉区,35.6,49.9,12.8,35.0,45.1,0.7,51,18.6,77.3,5.7,55.5,0.0,1010.0,DEMO
2026-08-21 08:00:00,HHHT006,工大金川校区,40.76,111.62,土默特左旗,33.3,42.7,13.3,31.2,56.9,0.92,48,26.1,51.3,2.1,148.3,0.0,1008.4,DEMO
2026-08-21 09:00:00,HHHT001,呼和浩特市环境监测中心站,40.8421,111.749,新城区,36.2,62.7,12.0,33.6,60.9,1.09,51,18.8,60.6,1.3,55.4,1.8,1013.0,DEMO
2026-08-21 09:00:00,HHHT002,如意开发区,40.825,111.8,赛罕区,48.0,68.0,11.5,41.2,53.4,1.05,66,17.9,63.0,2.1,269.4,0.0,1009.6,DEMO
2026-08-21 09:00:00,HHHT003,呼市一监,40.81,111.67,回民区,33.5,46.8,14.4,34.6,48.1,1.03,48,21.8,27.8,4.1,256.0,0.0,1015.8,DEMO
2026-08-21 09:00:00,HHHT004,小召前街,40.805,111.665,回民区,43.3,60.6,19.4,34.5,53.2,1.06,60,20.6,49.8,1.3,147.5,0.0,1008.4,DEMO
2026-08-21 09:00:00,HHHT005,二十九中,40.78,111.7,玉泉区,35.1,50.3,16.7,41.1,45.7,0.96,50,21.8,29.0,2.7,317.9,0.0,1017.6,DEMO
2026-08-21 09:00:00,HHHT006,工大金川校区,40.76,111.62,土默特左旗,32.8,42.4,10.0,26.7,52.4,1.11,47,22.2,73.3,0.3,156.4,0.0,1012.7,DEMO
2026-08-21 10:00:00,HHHT001,呼和浩特市环境监测中心站,40.8421,111.749,新城区,40.4,60.0,15.7,33.3,52.1,0.99,57,20.5,31.3,2.8,261.8,0.0,1016.8,DEMO
2026-08-21 10:00:00,HHHT002,如意开发区,40.825,111.8,赛罕区,42.6,57.5,8.3,34.1,55.7,0.95,60,21.1,45.6,2.7,153.6,0.0,1006.7,DEMO
2026-08-21 10:00:00,HHHT003,呼市一监,40.81,111.67,回民区,36.3,49.1,12.4,36.5,40.4,0.91,52,25.7,44.7,2.0,190.4,0.0,1008.5,DEMO
2026-08-21 10:00:00,HHHT004,小召前街,40.805,111.665,回民区,50.8,64.8,12.0,40.6,52.3,1.15,70,20.2,66.4,1.0,355.6,0.0,1013.7,DEMO
2026-08-21 10:00:00,HHHT005,二十九中,40.78,111.7,玉泉区,37.2,46.9,11.6,29.8,46.7,0.87,53,21.4,52.6,3.8,66.1,0.0,1015.3,DEMO
2026-08-21 10:00:00,HHHT006,工大金川校区,40.76,111.62,土默特左旗,33.3,47.5,11.4,41.4,51.7,0.85,48,23.2,56.4,1.1,300.6,0.0,1010.4,DEMO
2026-08-21 11:00:00,HHHT001,呼和浩特市环境监测中心站,40.8421,111.749,新城区,40.0,52.8,14.2,31.1,60.9,0.87,56,20.8,51.3,4.1,294.5,0.0,1014.5,DEMO
2026-08-21 11:00:00,HHHT002,如意开发区,40.825,111.8,赛罕区,46.2,64.6,23.7,36.6,62.4,0.94,64,24.6,50.9,2.6,218.2,0.0,1006.2,DEMO
2026-08-21 11:00:00,HHHT003,呼市一监,40.81,111.67,回民区,42.8,59.0,14.5,30.2,62.4,0.98,60,23.9,37.6,5.0,229.4,0.0,1012.9,DEMO
2026-08-21 11:00:00,HHHT004,小召前街,40.805,111.665,回民区,41.1,53.7,15.5,34.5,63.8,1.2,58,23.2,44.1,2.8,50.5,0.0,1007.5,DEMO
2026-08-21 11:00:00,HHHT005,二十九中,40.78,111.7,玉泉区,34.7,46.9,13.5,38.4,51.6,0.96,50,18.8,19.9,4.1,298.0,0.0,1012.6,DEMO
2026-08-21 11:00:00,HHHT006,工大金川校区,40.76,111.62,土默特左旗,30.4,42.8,15.2,39.7,61.0,0.84,43,24.9,52.1,2.5,203.3,0.0,1014.1,DEMO
2026-08-21 12:00:00,HHHT001,呼和浩特市环境监测中心站,40.8421,111.749,新城区,21.2,37.1,14.4,32.5,53.0,0.89,30,23.7,24.8,4.4,59.8,1.1,1018.9,DEMO
2026-08-21 12:00:00,HHHT002,如意开发区,40.825,111.8,赛罕区,36.4,49.1,17.4,33.6,61.3,0.94,52,23.1,29.0,4.5,195.6,0.0,1013.7,DEMO
2026-08-21 12:00:00,HHHT003,呼市一监,40.81,111.67,回民区,30.1,42.0,14.8,30.1,63.2,0.87,43,22.4,30.9,2.3,332.3,0.0,1009.8,DEMO
2026-08-21 12:00:00,HHHT004,小召前街,40.805,111.665,回民区,52.6,76.3,14.4,38.2,66.9,1.02,72,22.9,41.3,3.2,320.7,0.0,1017.0,DEMO
2026-08-21 12:00:00,HHHT005,二十九中,40.78,111.7,玉泉区,30.6,45.4,11.8,42.3,70.9,0.73,44,22.6,38.0,4.2,12.4,0.7,1009.6,DEMO
2026-08-21 12:00:00,HHHT006,工大金川校区,40.76,111.62,土默特左旗,20.2,28.1,14.3,28.7,60.7,0.74,29,20.2,36.4,5.0,54.4,0.0,1021.2,DEMO
2026-08-21 13:00:00,HHHT001,呼和浩特市环境监测中心站,40.8421,111.749,新城区,22.8,33.1,9.9,25.3,64.7,0.7,33,17.2,57.5,2.2,261.5,0.0,1005.2,DEMO
2026-08-21 13:00:00,HHHT002,如意开发区,40.825,111.8,赛罕区,34.5,51.4,13.9,29.1,62.0,1.02,49,22.4,56.0,1.6,59.9,0.0,1015.7,DEMO
2026-08-21 13:00:00,HHHT003,呼市一监,40.81,111.67,回民区,47.2,70.2,15.4,33.9,56.0,0.92,65,20.1,41.8,0.9,40.8,0.0,1007.0,DEMO
2026-08-21 13:00:00,HHHT004,小召前街,40.805,111.665,回民区,48.5,69.7,15.9,35.5,43.2,1.08,67,21.9,52.0,2.5,354.3,0.0,1009.5,DEMO
2026-08-21 13:00:00,HHHT005,二十九中,40.78,111.7,玉泉区,31.8,46.2,18.8,26.1,57.9,0.97,45,22.2,53.1,3.1,71.6,0.0,1014.1,DEMO
2026-08-21 13:00:00,HHHT006,工大金川校区,40.76,111.62,土默特左旗,32.2,42.0,18.0,33.9,44.5,0.84,46,19.7,35.1,1.2,71.6,0.0,1017.5,DEMO
2026-08-21 14:00:00,HHHT001,呼和浩特市环境监测中心站,40.8421,111.749,新城区,31.3,39.9,18.5,33.8,65.9,0.85,45,21.2,56.0,2.9,25.5,0.0,1005.0,DEMO
2026-08-21 14:00:00,HHHT002,如意开发区,40.825,111.8,赛罕区,30.5,41.6,13.6,39.9,62.3,0.83,44,24.5,45.5,3.1,1.3,0.0,1011.0,DEMO
2026-08-21 14:00:00,HHHT003,呼市一监,40.81,111.67,回民区,40.3,55.7,15.5,30.3,55.2,0.95,57,22.2,50.9,4.6,143.9,0.0,1008.8,DEMO
2026-08-21 14:00:00,HHHT004,小召前街,40.805,111.665,回民区,49.4,69.2,16.6,33.9,51.6,0.91,68,24.9,53.8,3.9,157.8,0.0,1008.0,DEMO
2026-08-21 14:00:00,HHHT005,二十九中,40.78,111.7,玉泉区,35.8,48.3,19.3,45.1,66.5,0.83,51,22.3,65.2,3.3,61.9,0.0,1012.1,DEMO
2026-08-21 14:00:00,HHHT006,工大金川校区,40.76,111.62,土默特左旗,21.3,28.3,13.7,32.0,65.5,0.8,30,18.1,38.2,3.2,139.8,0.0,1011.9,DEMO
2026-08-21 15:00:00,HHHT001,呼和浩特市环境监测中心站,40.8421,111.749,新城区,36.7,53.5,13.7,37.5,76.5,0.93,52,19.7,29.8,2.0,291.7,0.0,1009.4,DEMO
2026-08-21 15:00:00,HHHT002,如意开发区,40.825,111.8,赛罕区,55.7,72.9,13.4,37.5,50.5,0.95,76,20.0,63.3,1.8,143.3,0.0,1010.4,DEMO
2026-08-21 15:00:00,HHHT003,呼市一监,40.81,111.67,回民区,43.8,62.2,9.8,37.9,46.6,1.12,61,21.7,62.2,2.4,290.1,0.0,1012.2,DEMO
2026-08-21 15:00:00,HHHT004,小召前街,40.805,111.665,回民区,40.6,53.0,12.9,24.1,60.7,0.92,57,16.1,44.4,2.1,144.7,0.0,1007.5,DEMO
2026-08-21 15:00:00,HHHT005,二十九中,40.78,111.7,玉泉区,40.0,54.3,12.8,37.4,45.4,0.92,56,20.9,38.9,2.8,281.7,0.0,1014.2,DEMO
2026-08-21 15:00:00,HHHT006,工大金川校区,40.76,111.62,土默特左旗,37.2,48.7,9.5,23.3,47.4,0.84,53,27.0,59.9,2.0,133.3,0.0,1008.7,DEMO
2026-08-21 16:00:00,HHHT001,呼和浩特市环境监测中心站,40.8421,111.749,新城区,26.2,34.1,16.9,38.0,66.8,0.76,37,21.4,56.4,0.3,201.3,0.0,1008.5,DEMO
2026-08-21 16:00:00,HHHT002,如意开发区,40.825,111.8,赛罕区,44.2,56.7,15.3,29.7,54.9,0.97,62,23.5,63.0,4.7,231.5,0.0,1012.7,DEMO
2026-08-21 16:00:00,HHHT003,呼市一监,40.81,111.67,回民区,29.1,38.6,17.3,34.1,56.5,0.73,42,23.7,40.9,1.1,272.5,0.0,1008.9,DEMO
2026-08-21 16:00:00,HHHT004,小召前街,40.805,111.665,回民区,61.6,80.7,13.3,32.4,47.9,1.12,83,24.8,50.8,2.4,202.2,0.0,1010.5,DEMO
2026-08-21 16:00:00,HHHT005,二十九中,40.78,111.7,玉泉区,43.4,60.8,13.4,35.5,75.7,0.98,61,24.1,54.6,2.3,108.9,0.0,1013.2,DEMO
2026-08-21 16:00:00,HHHT006,工大金川校区,40.76,111.62,土默特左旗,28.4,36.1,12.9,25.0,62.4,0.95,41,19.5,41.5,5.1,192.9,0.0,1014.3,DEMO
2026-08-21 17:00:00,HHHT001,呼和浩特市环境监测中心站,40.8421,111.749,新城区,38.2,49.1,15.1,36.8,63.0,0.95,54,19.5,37.8,4.9,307.3,0.0,1010.5,DEMO
2026-08-21 17:00:00,HHHT002,如意开发区,40.825,111.8,赛罕区,45.1,64.1,20.6,34.1,44.1,1.04,63,21.1,38.6,2.1,90.8,0.0,1004.9,DEMO
2026-08-21 17:00:00,HHHT003,呼市一监,40.81,111.67,回民区,48.5,62.2,8.0,29.9,38.2,1.02,67,24.3,48.1,2.5,170.6,0.0,1004.7,DEMO
2026-08-21 17:00:00,HHHT004,小召前街,40.805,111.665,回民区,59.1,75.0,18.7,35.3,47.4,1.09,80,20.8,61.1,2.0,89.4,0.0,1011.4,DEMO
2026-08-21 17:00:00,HHHT005,二十九中,40.78,111.7,玉泉区,41.5,52.6,8.2,24.9,50.3,0.96,58,25.3,45.1,1.6,306.0,0.0,1011.9,DEMO
2026-08-21 17:00:00,HHHT006,工大金川校区,40.76,111.62,土默特左旗,37.4,52.4,19.2,43.9,56.8,0.88,53,24.5,40.1,1.9,181.1,0.0,1012.3,DEMO
2026-08-21 18:00:00,HHHT001,呼和浩特市环境监测中心站,40.8421,111.749,新城区,36.4,47.2,18.2,28.6,34.3,0.85,52,21.1,40.1,2.6,36.6,0.0,1008.4,DEMO
2026-08-21 18:00:00,HHHT002,如意开发区,40.825,111.8,赛罕区,52.2,76.3,9.3,36.8,42.4,1.05,72,19.7,60.3,1.4,241.4,0.0,1014.2,DEMO
2026-08-21 18:00:00,HHHT003,呼市一监,40.81,111.67,回民区,46.7,69.7,9.6,37.6,38.1,1.04,65,19.8,44.8,1.8,358.2,0.0,1003.9,DEMO
2026-08-21 18:00:00,HHHT004,小召前街,40.805,111.665,回民区,51.8,68.1,11.7,37.3,42.8,0.96,71,22.2,58.6,4.5,180.2,0.0,1016.3,DEMO
2026-08-21 18:00:00,HHHT005,二十九中,40.78,111.7,玉泉区,40.0,57.8,11.5,40.5,54.8,1.02,56,18.1,38.3,1.3,208.3,0.0,1010.1,DEMO
2026-08-21 18:00:00,HHHT006,工大金川校区,40.76,111.62,土默特左旗,32.1,43.2,13.8,29.0,56.0,0.68,46,21.5,51.5,3.5,242.3,0.0,1016.4,DEMO
2026-08-21 19:00:00,HHHT001,呼和浩特市环境监测中心站,40.8421,111.749,新城区,41.7,57.8,14.3,41.2,43.8,1.05,58,24.3,43.8,2.9,259.7,0.0,1005.2,DEMO
2026-08-21 19:00:00,HHHT002,如意开发区,40.825,111.8,赛罕区,49.1,73.3,16.0,44.2,43.5,0.92,68,23.9,44.9,4.8,72.6,0.0,1016.2,DEMO
2026-08-21 19:00:00,HHHT003,呼市一监,40.81,111.67,回民区,45.5,64.6,13.7,47.6,44.1,0.98,63,22.6,52.4,1.8,24.8,0.0,1014.2,DEMO
2026-08-21 19:00:00,HHHT004,小召前街,40.805,111.665,回民区,56.9,79.0,14.6,39.4,43.5,1.1,77,24.3,52.5,1.3,190.1,0.0,1018.9,DEMO
2026-08-21 19:00:00,HHHT005,二十九中,40.78,111.7,玉泉区,43.9,61.2,16.2,36.5,46.9,0.91,61,20.5,66.1,2.7,141.7,0.0,1019.4,DEMO
2026-08-21 19:00:00,HHHT006,工大金川校区,40.76,111.62,土默特左旗,31.7,41.2,15.1,27.2,58.8,0.79,45,20.5,63.6,4.9,204.6,0.0,1000.9,DEMO
2026-08-21 20:00:00,HHHT001,呼和浩特市环境监测中心站,40.8421,111.749,新城区,36.2,50.8,10.7,37.0,56.5,0.98,51,22.1,46.5,3.5,57.7,0.0,1017.5,DEMO
2026-08-21 20:00:00,HHHT002,如意开发区,40.825,111.8,赛罕区,52.2,69.6,17.3,31.3,59.6,0.98,72,25.2,40.9,1.7,27.0,0.0,1015.2,DEMO
2026-08-21 20:00:00,HHHT003,呼市一监,40.81,111.67,回民区,58.4,77.5,14.4,33.0,53.8,1.14,79,22.3,55.5,1.9,190.6,0.0,1011.8,DEMO
2026-08-21 20:00:00,HHHT004,小召前街,40.805,111.665,回民区,51.5,74.0,14.4,37.1,48.7,1.13,71,22.0,49.0,3.3,15.8,0.0,1008.6,DEMO
2026-08-21 20:00:00,HHHT005,二十九中,40.78,111.7,玉泉区,33.9,55.5,13.4,42.5,62.8,1.11,48,23.5,27.2,2.2,159.6,2.5,1016.3,DEMO
2026-08-21 20:00:00,HHHT006,工大金川校区,40.76,111.62,土默特左旗,27.6,38.3,13.0,34.3,44.9,0.82,39,19.4,59.3,0.7,200.2,0.0,1019.9,DEMO
2026-08-21 21:00:00,HHHT001,呼和浩特市环境监测中心站,40.8421,111.749,新城区,31.6,41.5,13.7,31.5,44.9,0.83,45,24.1,37.7,5.8,262.4,0.0,1010.3,DEMO
2026-08-21 21:00:00,HHHT002,如意开发区,40.825,111.8,赛罕区,40.9,59.6,14.2,43.6,50.7,0.96,57,26.5,55.2,3.8,134.4,0.0,1013.3,DEMO
2026-08-21 21:00:00,HHHT003,呼市一监,40.81,111.67,回民区,48.0,71.7,16.9,28.2,49.8,0.93,66,18.1,54.6,2.9,291.3,0.0,1011.0,DEMO
2026-08-21 21:00:00,HHHT004,小召前街,40.805,111.665,回民区,40.2,50.7,10.2,27.9,50.0,1.07,57,23.0,42.2,2.6,144.6,0.0,1011.4,DEMO
2026-08-21 21:00:00,HHHT005,二十九中,40.78,111.7,玉泉区,44.5,59.0,14.2,37.8,41.0,1.13,62,20.4,71.0,1.8,111.3,0.0,1007.5,DEMO
2026-08-21 21:00:00,HHHT006,工大金川校区,40.76,111.62,土默特左旗,35.6,50.6,15.5,29.3,43.0,0.85,51,23.1,37.2,4.7,114.5,0.0,1007.1,DEMO
2026-08-21 22:00:00,HHHT001,呼和浩特市环境监测中心站,40.8421,111.749,新城区,37.5,49.0,21.6,33.2,53.7,0.78,53,21.9,45.7,3.5,169.5,0.0,1018.7,DEMO
2026-08-21 22:00:00,HHHT002,如意开发区,40.825,111.8,赛罕区,42.2,56.1,15.6,25.1,47.0,1.01,59,23.8,37.5,3.4,138.3,0.0,1011.9,DEMO
2026-08-21 22:00:00,HHHT003,呼市一监,40.81,111.67,回民区,38.0,49.2,18.6,29.6,42.5,0.86,54,18.0,46.1,1.9,71.8,0.0,1002.8,DEMO
2026-08-21 22:00:00,HHHT004,小召前街,40.805,111.665,回民区,35.8,46.8,12.5,32.8,37.7,0.63,51,27.3,28.8,2.0,150.0,0.0,1014.1,DEMO
2026-08-21 22:00:00,HHHT005,二十九中,40.78,111.7,玉泉区,36.8,51.0,13.1,43.2,60.8,0.87,52,23.6,58.1,1.0,36.2,0.0,1018.5,DEMO
2026-08-21 22:00:00,HHHT006,工大金川校区,40.76,111.62,土默特左旗,30.2,39.3,12.5,40.4,41.0,0.83,43,24.2,21.3,1.3,198.0,0.0,1012.4,DEMO
2026-08-21 23:00:00,HHHT001,呼和浩特市环境监测中心站,40.8421,111.749,新城区,22.7,31.7,12.7,24.5,54.0,0.93,32,24.6,56.6,3.9,266.6,0.0,1010.3,DEMO
2026-08-21 23:00:00,HHHT002,如意开发区,40.825,111.8,赛罕区,54.5,74.7,19.0,32.5,38.1,1.07,74,17.5,29.9,2.6,138.2,0.0,1013.3,DEMO
2026-08-21 23:00:00,HHHT003,呼市一监,40.81,111.67,回民区,38.3,49.9,9.5,30.1,59.3,0.8,54,16.3,52.9,3.1,271.4,0.0,1014.3,DEMO
2026-08-21 23:00:00,HHHT004,小召前街,40.805,111.665,回民区,50.3,64.2,14.9,35.1,42.8,1.02,69,18.4,40.7,4.9,147.4,0.0,1017.2,DEMO
2026-08-21 23:00:00,HHHT005,二十九中,40.78,111.7,玉泉区,32.8,42.9,11.5,27.0,66.5,0.84,47,22.0,48.7,0.4,179.6,0.0,1010.1,DEMO
2026-08-21 23:00:00,HHHT006,工大金川校区,40.76,111.62,土默特左旗,23.7,31.4,19.1,23.0,65.3,0.66,34,18.7,52.9,0.5,7.8,0.0,1013.6,DEMO
2026-08-22 00:00:00,HHHT001,呼和浩特市环境监测中心站,40.8421,111.749,新城区,33.1,43.3,8.0,34.1,54.9,0.86,47,20.9,56.4,4.2,89.8,0.0,1018.0,DEMO
2026-08-22 00:00:00,HHHT002,如意开发区,40.825,111.8,赛罕区,33.7,44.9,10.4,39.7,42.0,0.84,48,23.0,34.8,0.5,273.5,0.0,1011.4,DEMO
2026-08-22 00:00:00,HHHT003,呼市一监,40.81,111.67,回民区,29.8,41.0,17.9,33.7,45.7,0.97,43,21.9,37.0,2.4,151.4,0.0,1016.1,DEMO
2026-08-22 00:00:00,HHHT004,小召前街,40.805,111.665,回民区,44.5,66.2,16.7,29.5,75.5,0.93,62,20.5,15.6,4.4,227.7,0.0,1010.5,DEMO
2026-08-22 00:00:00,HHHT005,二十九中,40.78,111.7,玉泉区,34.0,44.2,10.1,29.2,60.4,0.87,49,20.0,62.8,2.7,151.1,0.0,1010.0,DEMO
2026-08-22 00:00:00,HHHT006,工大金川校区,40.76,111.62,土默特左旗,21.8,29.4,10.8,32.2,48.6,0.86,31,28.5,36.5,2.8,2.1,0.0,1011.0,DEMO
2026-08-22 01:00:00,HHHT001,呼和浩特市环境监测中心站,40.8421,111.749,新城区,29.1,41.4,14.7,29.8,44.8,0.86,42,20.4,74.2,5.0,224.3,0.0,1011.0,DEMO
2026-08-22 01:00:00,HHHT002,如意开发区,40.825,111.8,赛罕区,40.1,51.4,13.6,34.9,59.4,0.87,56,23.6,61.6,3.7,32.0,0.0,1018.8,DEMO
2026-08-22 01:00:00,HHHT003,呼市一监,40.81,111.67,回民区,35.7,53.5,16.0,47.0,58.7,0.91,51,25.4,35.4,4.0,151.3,0.0,1015.7,DEMO
2026-08-22 01:00:00,HHHT004,小召前街,40.805,111.665,回民区,44.3,64.2,15.6,31.2,52.7,0.88,62,17.0,40.3,4.7,93.6,0.0,1011.0,DEMO
2026-08-22 01:00:00,HHHT005,二十九中,40.78,111.7,玉泉区,26.9,39.4,16.2,29.6,37.4,0.94,38,16.8,44.8,2.0,313.7,0.0,1018.5,DEMO
2026-08-22 01:00:00,HHHT006,工大金川校区,40.76,111.62,土默特左旗,36.9,50.0,13.1,36.7,44.9,0.97,52,20.3,33.8,1.9,32.1,0.0,1012.1,DEMO
2026-08-22 02:00:00,HHHT001,呼和浩特市环境监测中心站,40.8421,111.749,新城区,20.1,28.6,14.5,25.7,42.7,0.77,29,24.2,55.2,4.0,83.6,0.0,1009.3,DEMO
2026-08-22 02:00:00,HHHT002,如意开发区,40.825,111.8,赛罕区,42.8,60.0,13.7,33.9,64.7,1.06,60,25.9,57.8,3.6,316.9,0.0,1013.1,DEMO
2026-08-22 02:00:00,HHHT003,呼市一监,40.81,111.67,回民区,26.2,33.7,11.7,42.1,47.1,0.79,37,17.3,35.3,3.7,174.8,0.0,1015.0,DEMO
2026-08-22 02:00:00,HHHT004,小召前街,40.805,111.665,回民区,43.2,54.4,10.0,39.7,35.9,1.1,60,26.1,50.7,2.6,304.2,0.0,1013.0,DEMO
2026-08-22 02:00:00,HHHT005,二十九中,40.78,111.7,玉泉区,27.9,37.1,14.1,37.4,46.9,0.83,40,21.0,40.1,3.3,313.7,0.0,1012.6,DEMO
2026-08-22 02:00:00,HHHT006,工大金川校区,40.76,111.62,土默特左旗,21.1,29.7,15.7,25.1,41.3,0.89,30,23.7,28.2,2.3,319.4,0.0,1019.5,DEMO
2026-08-22 03:00:00,HHHT001,呼和浩特市环境监测中心站,40.8421,111.749,新城区,31.9,41.1,13.2,34.1,60.8,0.9,46,25.4,49.8,4.4,160.0,0.0,1006.2,DEMO
2026-08-22 03:00:00,HHHT002,如意开发区,40.825,111.8,赛罕区,32.4,45.0,9.9,34.2,51.7,0.99,46,24.3,60.6,2.7,356.1,0.0,1007.5,DEMO
2026-08-22 03:00:00,HHHT003,呼市一监,40.81,111.67,回民区,34.6,50.4,13.0,33.2,74.7,1.04,49,25.7,57.3,3.2,144.8,0.0,1010.8,DEMO
2026-08-22 03:00:00,HHHT004,小召前街,40.805,111.665,回民区,36.1,51.7,13.4,33.3,58.8,0.95,51,19.3,54.2,1.8,67.0,0.0,1008.6,DEMO
2026-08-22 03:00:00,HHHT005,二十九中,40.78,111.7,玉泉区,16.9,23.7,7.1,47.1,56.9,0.83,24,23.7,45.7,4.2,258.1,0.0,1009.0,DEMO
2026-08-22 03:00:00,HHHT006,工大金川校区,40.76,111.62,土默特左旗,17.0,28.4,12.6,34.3,59.5,0.59,24,16.9,41.4,3.9,151.2,1.8,1013.4,DEMO
2026-08-22 04:00:00,HHHT001,呼和浩特市环境监测中心站,40.8421,111.749,新城区,17.7,24.5,15.9,34.1,54.1,0.69,25,23.9,20.5,2.2,259.0,0.0,1014.4,DEMO
2026-08-22 04:00:00,HHHT002,如意开发区,40.825,111.8,赛罕区,32.1,47.3,15.1,39.0,59.2,0.76,46,21.9,28.6,2.3,278.2,1.6,1004.5,DEMO
2026-08-22 04:00:00,HHHT003,呼市一监,40.81,111.67,回民区,30.1,44.9,15.0,29.0,35.5,0.88,43,26.4,52.9,2.9,249.7,0.0,1010.5,DEMO
2026-08-22 04:00:00,HHHT004,小召前街,40.805,111.665,回民区,34.4,45.3,11.1,40.7,48.2,1.02,49,24.3,53.5,3.1,1.8,0.0,1011.4,DEMO
2026-08-22 04:00:00,HHHT005,二十九中,40.78,111.7,玉泉区,27.6,38.4,14.0,32.1,34.5,0.91,39,17.0,21.0,2.5,340.6,0.0,1016.8,DEMO
2026-08-22 04:00:00,HHHT006,工大金川校区,40.76,111.62,土默特左旗,16.2,26.1,10.1,32.7,42.4,0.93,23,23.5,60.8,1.1,252.9,1.0,1014.5,DEMO
2026-08-22 05:00:00,HHHT001,呼和浩特市环境监测中心站,40.8421,111.749,新城区,17.4,24.8,10.9,28.1,55.2,0.76,25,23.0,35.4,2.8,205.4,0.0,1019.7,DEMO
2026-08-22 05:00:00,HHHT002,如意开发区,40.825,111.8,赛罕区,40.4,56.1,10.9,34.8,60.0,0.95,57,23.3,48.3,4.6,124.1,0.0,1012.1,DEMO
2026-08-22 05:00:00,HHHT003,呼市一监,40.81,111.67,回民区,22.0,31.2,14.2,32.2,57.3,0.77,31,21.1,54.6,3.4,324.6,0.0,1003.5,DEMO
2026-08-22 05:00:00,HHHT004,小召前街,40.805,111.665,回民区,39.4,57.7,12.9,27.4,55.3,0.84,55,20.0,51.0,1.1,55.6,0.0,1009.9,DEMO
2026-08-22 05:00:00,HHHT005,二十九中,40.78,111.7,玉泉区,26.9,36.2,9.6,29.0,51.2,0.67,38,19.2,47.9,2.1,120.7,0.0,1011.2,DEMO
2026-08-22 05:00:00,HHHT006,工大金川校区,40.76,111.62,土默特左旗,25.0,36.1,14.0,43.2,49.2,0.85,36,20.1,38.9,3.2,21.2,0.0,1010.5,DEMO
2026-08-22 06:00:00,HHHT001,呼和浩特市环境监测中心站,40.8421,111.749,新城区,24.2,34.8,8.1,31.2,48.7,0.69,35,23.1,35.1,2.5,276.2,0.0,1011.7,DEMO
2026-08-22 06:00:00,HHHT002,如意开发区,40.825,111.8,赛罕区,24.6,35.7,9.3,38.8,54.9,0.89,35,19.2,47.4,4.5,280.5,0.0,1013.1,DEMO
2026-08-22 06:00:00,HHHT003,呼市一监,40.81,111.67,回民区,33.1,45.6,19.0,35.2,46.8,0.95,47,26.1,45.3,2.9,132.0,0.0,1015.6,DEMO
2026-08-22 06:00:00,HHHT004,小召前街,40.805,111.665,回民区,43.0,55.8,12.6,31.9,54.1,1.01,60,19.2,62.0,2.0,95.0,0.0,1015.4,DEMO
2026-08-22 06:00:00,HHHT005,二十九中,40.78,111.7,玉泉区,38.3,51.5,12.8,33.1,42.4,0.88,54,23.6,65.5,4.1,78.4,0.0,1006.9,DEMO
2026-08-22 06:00:00,HHHT006,工大金川校区,40.76,111.62,土默特左旗,22.9,33.4,10.1,34.7,57.2,0.83,33,23.1,54.5,2.7,350.0,0.0,1019.2,DEMO
2026-08-22 07:00:00,HHHT001,呼和浩特市环境监测中心站,40.8421,111.749,新城区,27.5,39.6,12.3,34.2,55.7,0.76,39,21.7,48.1,1.5,335.7,0.0,1016.6,DEMO
2026-08-22 07:00:00,HHHT002,如意开发区,40.825,111.8,赛罕区,41.5,60.4,7.9,43.2,48.2,0.76,58,20.4,49.6,5.1,278.6,0.0,1012.7,DEMO
2026-08-22 07:00:00,HHHT003,呼市一监,40.81,111.67,回民区,35.9,63.1,19.0,34.1,48.6,1.02,51,19.6,48.9,3.1,77.3,0.8,1012.1,DEMO
2026-08-22 07:00:00,HHHT004,小召前街,40.805,111.665,回民区,53.5,78.6,17.5,22.6,52.7,0.91,73,18.4,22.8,2.1,351.1,0.0,1013.2,DEMO
2026-08-22 07:00:00,HHHT005,二十九中,40.78,111.7,玉泉区,35.0,47.7,12.6,38.2,59.3,0.82,50,20.4,51.5,3.4,246.0,0.0,1007.8,DEMO
2026-08-22 07:00:00,HHHT006,工大金川校区,40.76,111.62,土默特左旗,24.9,33.9,12.9,35.1,54.9,0.79,36,20.9,48.8,2.0,98.2,0.0,1014.0,DEMO
2026-08-22 08:00:00,HHHT001,呼和浩特市环境监测中心站,40.8421,111.749,新城区,31.5,47.2,11.3,39.4,59.5,0.83,45,20.1,44.6,1.4,355.6,0.0,1005.9,DEMO
2026-08-22 08:00:00,HHHT002,如意开发区,40.825,111.8,赛罕区,58.9,74.0,16.3,33.2,53.2,1.15,80,24.9,45.2,1.7,237.5,0.0,1011.5,DEMO
2026-08-22 08:00:00,HHHT003,呼市一监,40.81,111.67,回民区,31.5,46.4,13.2,37.8,52.6,0.8,45,23.2,44.0,3.9,62.4,0.0,1019.1,DEMO
2026-08-22 08:00:00,HHHT004,小召前街,40.805,111.665,回民区,41.2,54.0,16.6,30.4,51.4,0.94,58,20.5,43.5,4.0,107.0,0.0,1015.9,DEMO
2026-08-22 08:00:00,HHHT005,二十九中,40.78,111.7,玉泉区,33.5,45.6,8.8,28.9,61.8,0.79,48,24.1,47.8,2.1,313.5,0.0,1015.8,DEMO
2026-08-22 08:00:00,HHHT006,工大金川校区,40.76,111.62,土默特左旗,31.4,46.0,14.0,29.0,47.6,0.8,45,24.2,60.5,2.6,277.0,0.0,1010.1,DEMO
2026-08-22 09:00:00,HHHT001,呼和浩特市环境监测中心站,40.8421,111.749,新城区,37.3,47.0,14.6,32.0,48.3,0.82,53,22.4,27.8,1.6,135.6,0.0,1007.2,DEMO
2026-08-22 09:00:00,HHHT002,如意开发区,40.825,111.8,赛罕区,42.4,62.8,17.1,32.6,63.4,0.91,59,22.6,56.9,2.1,357.7,0.0,1009.7,DEMO
2026-08-22 09:00:00,HHHT003,呼市一监,40.81,111.67,回民区,47.2,59.4,11.8,43.5,43.3,0.91,65,21.2,36.4,1.9,103.2,0.0,1006.7,DEMO
2026-08-22 09:00:00,HHHT004,小召前街,40.805,111.665,回民区,40.6,53.7,16.0,28.3,45.4,0.96,57,20.7,48.2,2.1,302.8,0.0,1012.4,DEMO
2026-08-22 09:00:00,HHHT005,二十九中,40.78,111.7,玉泉区,39.8,57.7,12.2,34.1,49.7,0.7,56,19.5,57.1,1.4,237.1,0.0,1008.4,DEMO
2026-08-22 09:00:00,HHHT006,工大金川校区,40.76,111.62,土默特左旗,31.3,43.4,18.3,29.1,65.8,0.8,45,26.5,67.9,2.4,151.8,0.0,1005.4,DEMO
2026-08-22 10:00:00,HHHT001,呼和浩特市环境监测中心站,40.8421,111.749,新城区,21.8,27.3,13.0,37.0,38.4,0.7,31,22.4,55.6,3.3,146.4,0.0,1017.8,DEMO
2026-08-22 10:00:00,HHHT002,如意开发区,40.825,111.8,赛罕区,42.2,56.5,17.6,41.3,40.1,1.09,59,22.8,40.9,2.3,143.2,0.0,1010.3,DEMO
2026-08-22 10:00:00,HHHT003,呼市一监,40.81,111.67,回民区,32.0,46.8,14.9,25.9,51.5,0.82,46,17.2,33.6,3.3,250.2,0.0,1010.0,DEMO
2026-08-22 10:00:00,HHHT004,小召前街,40.805,111.665,回民区,46.2,65.1,15.1,31.5,45.1,0.84,64,22.3,76.7,3.3,28.2,0.0,1019.5,DEMO
2026-08-22 10:00:00,HHHT005,二十九中,40.78,111.7,玉泉区,30.1,44.9,15.9,30.3,59.5,0.77,43,27.1,46.8,3.6,288.4,0.0,1011.1,DEMO
2026-08-22 10:00:00,HHHT006,工大金川校区,40.76,111.62,土默特左旗,19.4,24.8,6.1,31.3,63.4,0.51,28,21.2,54.8,0.6,310.2,0.0,1009.7,DEMO
2026-08-22 11:00:00,HHHT001,呼和浩特市环境监测中心站,40.8421,111.749,新城区,16.7,25.8,16.3,24.1,66.1,0.69,24,24.5,32.6,1.3,323.2,3.9,1010.9,DEMO
2026-08-22 11:00:00,HHHT002,如意开发区,40.825,111.8,赛罕区,46.3,66.1,13.5,31.5,55.3,0.94,64,22.0,36.0,2.7,146.8,0.0,1009.0,DEMO
2026-08-22 11:00:00,HHHT003,呼市一监,40.81,111.67,回民区,26.5,35.9,17.2,35.9,59.3,0.9,38,22.8,64.4,3.4,97.5,0.0,1010.6,DEMO
2026-08-22 11:00:00,HHHT004,小召前街,40.805,111.665,回民区,37.1,49.4,15.3,34.5,60.1,0.88,53,25.8,61.7,2.6,267.3,0.0,1009.2,DEMO
2026-08-22 11:00:00,HHHT005,二十九中,40.78,111.7,玉泉区,34.4,43.8,12.1,33.3,60.1,0.97,49,18.5,45.2,3.0,277.3,0.0,1020.0,DEMO
2026-08-22 11:00:00,HHHT006,工大金川校区,40.76,111.62,土默特左旗,27.6,37.1,14.0,21.4,68.4,0.86,39,18.6,47.2,3.3,107.6,0.0,1009.7,DEMO
2026-08-22 12:00:00,HHHT001,呼和浩特市环境监测中心站,40.8421,111.749,新城区,23.2,29.4,15.8,29.4,51.1,0.69,33,26.4,57.2,2.1,323.3,0.0,1010.3,DEMO
2026-08-22 12:00:00,HHHT002,如意开发区,40.825,111.8,赛罕区,30.0,40.3,9.2,29.6,71.8,0.77,43,18.2,58.6,2.1,159.2,0.0,1017.2,DEMO
2026-08-22 12:00:00,HHHT003,呼市一监,40.81,111.67,回民区,27.7,37.1,9.7,39.5,67.9,0.74,40,22.9,37.7,2.3,87.2,0.0,1017.7,DEMO
2026-08-22 12:00:00,HHHT004,小召前街,40.805,111.665,回民区,38.2,56.8,18.0,42.8,49.9,0.83,54,26.3,27.7,4.4,86.8,0.0,1008.3,DEMO
2026-08-22 12:00:00,HHHT005,二十九中,40.78,111.7,玉泉区,29.9,38.7,19.7,29.2,46.8,0.85,43,23.7,62.8,2.5,4.2,0.0,1014.5,DEMO
2026-08-22 12:00:00,HHHT006,工大金川校区,40.76,111.62,土默特左旗,25.0,32.8,14.3,36.3,69.2,0.81,36,18.8,35.3,2.3,167.9,0.0,1009.8,DEMO
2026-08-22 13:00:00,HHHT001,呼和浩特市环境监测中心站,40.8421,111.749,新城区,26.3,33.4,21.4,39.6,64.6,0.75,38,26.8,48.1,1.2,278.2,0.0,1013.2,DEMO
2026-08-22 13:00:00,HHHT002,如意开发区,40.825,111.8,赛罕区,41.0,53.8,16.2,33.1,69.4,1.02,58,22.2,65.4,3.0,319.0,0.0,1004.3,DEMO
2026-08-22 13:00:00,HHHT003,呼市一监,40.81,111.67,回民区,39.0,55.6,19.4,32.0,53.6,0.86,55,25.5,41.8,4.0,95.4,0.0,1014.5,DEMO
2026-08-22 13:00:00,HHHT004,小召前街,40.805,111.665,回民区,39.1,58.3,14.4,31.6,53.0,0.83,55,18.2,49.6,2.8,154.3,0.0,1021.7,DEMO
2026-08-22 13:00:00,HHHT005,二十九中,40.78,111.7,玉泉区,25.7,37.1,10.1,26.4,66.5,0.74,37,22.9,54.6,3.0,15.0,0.0,1013.2,DEMO
2026-08-22 13:00:00,HHHT006,工大金川校区,40.76,111.62,土默特左旗,27.6,35.0,12.7,32.6,54.6,0.88,39,23.8,51.2,3.4,313.1,0.0,1013.4,DEMO
2026-08-22 14:00:00,HHHT001,呼和浩特市环境监测中心站,40.8421,111.749,新城区,26.9,34.0,12.3,26.2,66.8,0.86,38,17.0,25.4,3.3,42.1,0.0,1012.9,DEMO
2026-08-22 14:00:00,HHHT002,如意开发区,40.825,111.8,赛罕区,34.2,44.1,12.8,32.1,54.3,0.77,49,22.6,39.8,1.3,94.5,0.0,1015.2,DEMO
2026-08-22 14:00:00,HHHT003,呼市一监,40.81,111.67,回民区,32.3,45.4,14.3,17.4,71.6,0.83,46,15.8,49.2,3.2,44.1,0.0,1016.2,DEMO
2026-08-22 14:00:00,HHHT004,小召前街,40.805,111.665,回民区,44.4,56.8,9.1,33.4,57.1,0.93,62,23.1,33.3,1.7,100.3,0.0,1015.4,DEMO
2026-08-22 14:00:00,HHHT005,二十九中,40.78,111.7,玉泉区,29.7,38.9,12.8,36.2,58.2,0.85,42,22.9,72.2,0.9,357.2,0.0,1011.8,DEMO
2026-08-22 14:00:00,HHHT006,工大金川校区,40.76,111.62,土默特左旗,30.7,43.8,9.8,32.7,71.6,0.78,44,19.2,66.0,1.7,12.1,0.0,1012.7,DEMO
2026-08-22 15:00:00,HHHT001,呼和浩特市环境监测中心站,40.8421,111.749,新城区,29.0,43.2,13.4,30.4,50.5,0.67,41,18.2,56.3,4.1,320.0,0.0,1012.4,DEMO
2026-08-22 15:00:00,HHHT002,如意开发区,40.825,111.8,赛罕区,32.3,46.5,11.0,30.6,55.7,0.86,46,29.3,15,3.0,186.2,0.0,1010.6,DEMO
2026-08-22 15:00:00,HHHT003,呼市一监,40.81,111.67,回民区,43.5,63.7,13.6,39.5,45.2,0.83,61,28.5,43.3,2.9,206.0,0.0,1012.3,DEMO
2026-08-22 15:00:00,HHHT004,小召前街,40.805,111.665,回民区,31.7,46.7,17.3,28.1,60.1,0.97,45,20.5,49.0,3.4,149.9,1.7,1010.3,DEMO
2026-08-22 15:00:00,HHHT005,二十九中,40.78,111.7,玉泉区,32.4,43.2,12.9,27.2,56.4,1.01,46,23.0,67.3,3.7,314.4,0.0,1006.7,DEMO
2026-08-22 15:00:00,HHHT006,工大金川校区,40.76,111.62,土默特左旗,20.8,28.5,16.7,21.6,72.7,0.71,30,21.4,57.5,3.1,346.9,0.0,1016.5,DEMO
2026-08-22 16:00:00,HHHT001,呼和浩特市环境监测中心站,40.8421,111.749,新城区,22.3,32.7,18.1,33.4,76.0,0.62,32,24.6,45.2,2.7,187.0,0.0,1020.7,DEMO
2026-08-22 16:00:00,HHHT002,如意开发区,40.825,111.8,赛罕区,34.4,50.9,10.4,35.9,56.1,0.77,49,18.6,65.0,3.9,72.3,0.0,1015.1,DEMO
2026-08-22 16:00:00,HHHT003,呼市一监,40.81,111.67,回民区,35.5,46.7,15.7,30.5,46.1,0.97,51,24.2,47.4,3.1,135.7,0.0,1011.3,DEMO
2026-08-22 16:00:00,HHHT004,小召前街,40.805,111.665,回民区,27.1,35.4,10.7,32.8,61.7,0.87,39,22.7,55.9,1.9,103.9,0.0,1015.8,DEMO
2026-08-22 16:00:00,HHHT005,二十九中,40.78,111.7,玉泉区,28.3,40.8,14.6,32.2,50.3,0.87,40,21.9,41.5,3.8,41.0,0.0,1010.5,DEMO
2026-08-22 16:00:00,HHHT006,工大金川校区,40.76,111.62,土默特左旗,14.4,21.3,16.6,33.1,48.6,0.82,21,23.9,52.7,4.5,9.5,0.0,1014.2,DEMO
2026-08-22 17:00:00,HHHT001,呼和浩特市环境监测中心站,40.8421,111.749,新城区,39.4,53.0,15.8,31.6,49.8,0.8,56,25.6,39.1,3.0,305.7,0.0,1008.9,DEMO
2026-08-22 17:00:00,HHHT002,如意开发区,40.825,111.8,赛罕区,43.9,65.7,14.9,40.0,44.8,1.06,61,22.4,25.7,3.2,133.3,0.0,1007.8,DEMO
2026-08-22 17:00:00,HHHT003,呼市一监,40.81,111.67,回民区,53.7,72.8,15.2,51.7,50.7,0.99,73,24.4,41.8,2.5,218.8,0.0,1010.6,DEMO
2026-08-22 17:00:00,HHHT004,小召前街,40.805,111.665,回民区,45.5,62.3,14.1,33.6,53.7,1.12,63,16.7,55.5,3.2,220.2,0.0,1016.6,DEMO
2026-08-22 17:00:00,HHHT005,二十九中,40.78,111.7,玉泉区,40.9,54.9,13.1,34.5,36.8,0.83,57,19.9,50.9,2.2,149.7,0.0,1019.0,DEMO
2026-08-22 17:00:00,HHHT006,工大金川校区,40.76,111.62,土默特左旗,31.5,46.6,11.2,30.4,58.9,0.95,45,19.3,51.0,4.8,193.5,0.0,1013.7,DEMO
2026-08-22 18:00:00,HHHT001,呼和浩特市环境监测中心站,40.8421,111.749,新城区,42.1,58.2,16.5,34.3,64.1,0.75,59,22.3,57.9,1.5,62.2,0.0,1018.0,DEMO
2026-08-22 18:00:00,HHHT002,如意开发区,40.825,111.8,赛罕区,46.0,67.6,18.2,28.5,59.8,0.89,64,21.1,50.0,1.2,289.6,0.0,1009.9,DEMO
2026-08-22 18:00:00,HHHT003,呼市一监,40.81,111.67,回民区,37.3,53.5,8.4,30.4,48.1,0.81,53,23.0,51.2,3.3,42.8,0.0,1009.6,DEMO
2026-08-22 18:00:00,HHHT004,小召前街,40.805,111.665,回民区,48.6,71.6,14.2,30.8,46.2,1.06,67,27.7,49.8,3.9,268.8,0.0,1011.9,DEMO
2026-08-22 18:00:00,HHHT005,二十九中,40.78,111.7,玉泉区,40.0,53.1,16.1,37.8,51.5,0.99,56,23.7,45.0,1.0,298.2,0.0,1010.8,DEMO
2026-08-22 18:00:00,HHHT006,工大金川校区,40.76,111.62,土默特左旗,39.7,50.5,17.8,32.5,51.1,0.97,56,21.6,30.2,2.4,202.2,0.0,1011.3,DEMO
2026-08-22 19:00:00,HHHT001,呼和浩特市环境监测中心站,40.8421,111.749,新城区,30.4,39.9,8.7,38.9,54.7,0.61,43,20.5,66.2,1.9,307.1,0.0,1010.8,DEMO
2026-08-22 19:00:00,HHHT002,如意开发区,40.825,111.8,赛罕区,53.2,69.7,13.5,28.0,35.2,1.07,73,17.9,65.9,3.5,92.7,0.0,1003.9,DEMO
2026-08-22 19:00:00,HHHT003,呼市一监,40.81,111.67,回民区,42.9,57.5,16.1,29.6,54.0,0.94,60,21.3,35.2,3.5,157.3,0.0,1015.6,DEMO
2026-08-22 19:00:00,HHHT004,小召前街,40.805,111.665,回民区,45.0,57.2,12.7,32.6,49.1,0.92,63,21.7,61.7,2.5,11.5,0.0,1000.5,DEMO
2026-08-22 19:00:00,HHHT005,二十九中,40.78,111.7,玉泉区,52.8,73.9,16.8,43.1,61.6,1.02,72,18.8,42.6,1.9,188.3,0.0,1014.0,DEMO
2026-08-22 19:00:00,HHHT006,工大金川校区,40.76,111.62,土默特左旗,29.9,38.1,10.4,30.5,46.7,0.96,43,21.7,52.7,2.2,209.2,0.0,1013.9,DEMO
2026-08-22 20:00:00,HHHT001,呼和浩特市环境监测中心站,40.8421,111.749,新城区,33.5,48.0,10.1,33.8,39.9,0.83,48,21.0,54.9,1.9,360.0,0.0,1011.3,DEMO
2026-08-22 20:00:00,HHHT002,如意开发区,40.825,111.8,赛罕区,39.8,56.9,13.0,30.5,50.9,0.72,56,16.7,20.4,1.3,142.6,0.0,1008.9,DEMO
2026-08-22 20:00:00,HHHT003,呼市一监,40.81,111.67,回民区,48.6,69.5,14.2,34.1,62.3,0.96,67,26.2,59.9,5.1,261.2,0.0,1007.2,DEMO
2026-08-22 20:00:00,HHHT004,小召前街,40.805,111.665,回民区,44.6,59.8,13.8,35.5,44.4,1.14,62,25.7,37.9,2.1,190.0,0.0,1011.7,DEMO
2026-08-22 20:00:00,HHHT005,二十九中,40.78,111.7,玉泉区,42.8,54.9,17.1,40.6,52.3,0.89,60,17.5,49.3,3.2,349.7,0.0,1004.6,DEMO
2026-08-22 20:00:00,HHHT006,工大金川校区,40.76,111.62,土默特左旗,32.0,44.2,17.5,33.9,55.4,0.86,46,24.2,45.5,3.1,14.9,0.0,1007.8,DEMO
2026-08-22 21:00:00,HHHT001,呼和浩特市环境监测中心站,40.8421,111.749,新城区,27.6,40.0,8.9,34.3,36.5,0.73,39,22.8,47.7,0.3,55.6,0.0,1011.5,DEMO
2026-08-22 21:00:00,HHHT002,如意开发区,40.825,111.8,赛罕区,42.2,61.9,15.8,28.2,47.9,0.91,59,21.4,36.3,2.3,123.1,0.0,1012.8,DEMO
2026-08-22 21:00:00,HHHT003,呼市一监,40.81,111.67,回民区,42.6,57.9,16.9,28.5,59.0,1.01,60,24.0,38.2,1.1,137.7,0.0,1023.2,DEMO
2026-08-22 21:00:00,HHHT004,小召前街,40.805,111.665,回民区,54.2,70.4,13.9,29.1,52.2,1.07,74,25.4,51.0,1.5,203.0,0.0,1014.1,DEMO
2026-08-22 21:00:00,HHHT005,二十九中,40.78,111.7,玉泉区,35.8,48.2,13.1,37.0,59.3,1.09,51,27.7,52.7,2.8,47.8,0.0,1012.1,DEMO
2026-08-22 21:00:00,HHHT006,工大金川校区,40.76,111.62,土默特左旗,24.3,32.0,13.5,33.7,39.1,0.8,35,17.0,15,3.3,152.8,0.0,1013.7,DEMO
2026-08-22 22:00:00,HHHT001,呼和浩特市环境监测中心站,40.8421,111.749,新城区,31.5,40.3,11.6,31.9,51.9,0.72,45,19.1,47.1,4.0,302.6,0.0,1018.6,DEMO
2026-08-22 22:00:00,HHHT002,如意开发区,40.825,111.8,赛罕区,41.5,61.6,15.3,31.9,58.8,0.97,58,24.7,40.0,3.7,211.8,0.0,1024.5,DEMO
2026-08-22 22:00:00,HHHT003,呼市一监,40.81,111.67,回民区,31.8,41.5,17.6,38.4,54.6,0.8,45,16.9,50.5,3.9,114.8,0.0,1014.6,DEMO
2026-08-22 22:00:00,HHHT004,小召前街,40.805,111.665,回民区,50.7,72.6,14.3,26.5,46.3,0.88,70,20.9,53.9,4.8,134.7,0.0,1010.6,DEMO
2026-08-22 22:00:00,HHHT005,二十九中,40.78,111.7,玉泉区,32.9,42.8,18.7,33.8,46.4,0.73,47,21.6,47.6,2.8,181.1,0.0,1013.0,DEMO
2026-08-22 22:00:00,HHHT006,工大金川校区,40.76,111.62,土默特左旗,19.6,26.9,6.5,33.3,47.3,0.75,28,24.5,58.7,1.5,288.6,0.0,1014.8,DEMO
2026-08-22 23:00:00,HHHT001,呼和浩特市环境监测中心站,40.8421,111.749,新城区,25.4,32.5,12.1,38.0,50.8,0.82,36,17.4,47.3,1.4,303.9,0.0,1009.7,DEMO
2026-08-22 23:00:00,HHHT002,如意开发区,40.825,111.8,赛罕区,33.9,45.4,11.8,30.7,42.3,0.89,48,22.8,55.7,2.3,124.2,0.0,1017.5,DEMO
2026-08-22 23:00:00,HHHT003,呼市一监,40.81,111.67,回民区,31.3,44.1,13.3,39.5,43.7,0.84,45,19.6,38.5,4.6,37.1,0.0,1011.7,DEMO
2026-08-22 23:00:00,HHHT004,小召前街,40.805,111.665,回民区,38.3,53.8,8.7,35.4,39.4,0.85,54,26.0,69.1,3.3,136.0,0.0,1007.7,DEMO
2026-08-22 23:00:00,HHHT005,二十九中,40.78,111.7,玉泉区,31.0,41.7,11.3,26.1,65.2,0.81,44,25.5,55.7,2.7,126.0,0.0,1009.3,DEMO
2026-08-22 23:00:00,HHHT006,工大金川校区,40.76,111.62,土默特左旗,14.7,20.3,9.4,24.5,42.8,0.63,21,25.5,47.1,4.5,277.9,0.0,1014.5,DEMO
2026-08-23 00:00:00,HHHT001,呼和浩特市环境监测中心站,40.8421,111.749,新城区,8.6,11.9,16.3,29.4,47.0,0.78,12,18.5,53.2,3.7,66.7,0.0,1016.9,DEMO
2026-08-23 00:00:00,HHHT002,如意开发区,40.825,111.8,赛罕区,30.6,40.9,13.7,34.6,45.4,0.81,44,22.7,58.2,3.8,14.9,0.0,1009.0,DEMO
2026-08-23 00:00:00,HHHT003,呼市一监,40.81,111.67,回民区,29.7,39.2,17.2,34.4,45.8,0.99,42,17.6,27.3,4.6,172.5,0.0,1006.6,DEMO
2026-08-23 00:00:00,HHHT004,小召前街,40.805,111.665,回民区,38.0,48.9,14.2,33.8,49.3,1.01,54,21.2,49.9,3.2,133.4,0.0,1017.8,DEMO
2026-08-23 00:00:00,HHHT005,二十九中,40.78,111.7,玉泉区,22.5,32.3,10.3,28.3,49.5,0.6,32,20.2,46.5,2.3,261.8,0.0,1011.6,DEMO
2026-08-23 00:00:00,HHHT006,工大金川校区,40.76,111.62,土默特左旗,11.7,15.7,13.7,29.1,43.5,0.71,17,25.1,54.2,3.1,255.1,0.0,1012.1,DEMO
2026-08-23 01:00:00,HHHT001,呼和浩特市环境监测中心站,40.8421,111.749,新城区,18.7,27.4,15.1,33.2,60.5,0.7,27,20.0,46.4,1.2,71.2,0.0,1016.3,DEMO
2026-08-23 01:00:00,HHHT002,如意开发区,40.825,111.8,赛罕区,21.3,31.8,18.6,40.7,51.3,0.83,30,17.4,49.2,1.9,54.8,0.9,1006.6,DEMO
2026-08-23 01:00:00,HHHT003,呼市一监,40.81,111.67,回民区,17.1,22.9,12.4,32.8,50.0,0.9,24,17.7,48.7,4.5,26.1,0.0,1011.1,DEMO
2026-08-23 01:00:00,HHHT004,小召前街,40.805,111.665,回民区,28.4,42.4,13.7,32.4,60.2,0.79,41,19.9,39.4,3.4,21.1,0.0,1011.6,DEMO
2026-08-23 01:00:00,HHHT005,二十九中,40.78,111.7,玉泉区,23.8,31.7,15.8,21.2,56.6,0.82,34,21.7,49.7,2.4,239.3,0.0,1017.2,DEMO
2026-08-23 01:00:00,HHHT006,工大金川校区,40.76,111.62,土默特左旗,10.4,14.2,12.6,28.7,60.0,0.86,15,19.9,30.8,1.0,322.8,0.0,1014.0,DEMO
2026-08-23 02:00:00,HHHT001,呼和浩特市环境监测中心站,40.8421,111.749,新城区,10.0,13.1,12.2,23.0,43.8,0.6,14,21.0,45.7,3.2,59.5,0.0,1015.2,DEMO
2026-08-23 02:00:00,HHHT002,如意开发区,40.825,111.8,赛罕区,12.0,16.6,11.1,26.5,50.8,0.84,17,24.0,41.7,4.1,160.0,0.0,1016.8,DEMO
2026-08-23 02:00:00,HHHT003,呼市一监,40.81,111.67,回民区,23.1,34.3,15.6,30.0,46.1,0.75,33,23.4,60.6,1.7,184.9,1.3,1012.9,DEMO
2026-08-23 02:00:00,HHHT004,小召前街,40.805,111.665,回民区,26.1,36.9,15.6,25.3,46.1,0.83,37,21.6,51.9,1.8,54.6,0.0,1013.8,DEMO
2026-08-23 02:00:00,HHHT005,二十九中,40.78,111.7,玉泉区,17.5,30.8,12.1,26.2,34.3,0.76,25,17.8,38.8,4.7,18.3,2.3,1011.2,DEMO
2026-08-23 02:00:00,HHHT006,工大金川校区,40.76,111.62,土默特左旗,10.7,13.7,8.0,33.0,50.3,0.68,15,22.4,56.0,4.3,285.6,0.0,1011.8,DEMO
2026-08-23 03:00:00,HHHT001,呼和浩特市环境监测中心站,40.8421,111.749,新城区,16.0,21.3,11.2,32.4,49.3,0.72,23,20.6,51.0,3.2,105.9,0.0,1014.5,DEMO
2026-08-23 03:00:00,HHHT002,如意开发区,40.825,111.8,赛罕区,26.8,36.0,18.0,31.5,56.3,0.79,38,23.3,57.8,2.2,224.6,0.0,1010.6,DEMO
2026-08-23 03:00:00,HHHT003,呼市一监,40.81,111.67,回民区,20.6,27.7,11.1,34.3,41.9,0.7,29,25.1,29.6,2.7,247.5,0.0,1005.7,DEMO
2026-08-23 03:00:00,HHHT004,小召前街,40.805,111.665,回民区,23.8,30.2,13.6,34.6,52.2,0.7,34,18.0,45.9,2.6,133.4,0.0,1021.0,DEMO
2026-08-23 03:00:00,HHHT005,二十九中,40.78,111.7,玉泉区,26.0,37.1,6.4,34.2,45.7,0.89,37,21.0,61.9,5.0,135.3,0.0,1015.4,DEMO
2026-08-23 03:00:00,HHHT006,工大金川校区,40.76,111.62,土默特左旗,15.8,20.8,8.2,36.9,69.4,0.92,23,25.2,41.8,2.5,31.0,0.0,1014.1,DEMO
2026-08-23 04:00:00,HHHT001,呼和浩特市环境监测中心站,40.8421,111.749,新城区,17.9,26.3,16.0,41.0,43.1,0.75,26,21.9,54.7,3.2,194.7,0.0,1014.5,DEMO
2026-08-23 04:00:00,HHHT002,如意开发区,40.825,111.8,赛罕区,31.4,47.0,18.0,22.8,43.3,0.84,45,19.7,51.2,2.5,350.1,0.0,1005.6,DEMO
2026-08-23 04:00:00,HHHT003,呼市一监,40.81,111.67,回民区,27.2,43.5,13.7,30.6,59.0,0.94,39,15.7,61.4,2.9,280.2,2.6,1003.7,DEMO
2026-08-23 04:00:00,HHHT004,小召前街,40.805,111.665,回民区,26.7,37.9,17.1,29.1,36.6,0.83,38,20.7,60.3,4.2,14.9,0.0,1014.4,DEMO
2026-08-23 04:00:00,HHHT005,二十九中,40.78,111.7,玉泉区,13.0,17.7,13.9,31.4,50.9,0.85,19,20.4,44.9,3.1,332.4,0.0,1006.3,DEMO
2026-08-23 04:00:00,HHHT006,工大金川校区,40.76,111.62,土默特左旗,8.9,12.7,9.8,20.8,46.2,0.57,13,25.5,45.2,5.5,229.4,0.0,1014.8,DEMO
2026-08-23 05:00:00,HHHT001,呼和浩特市环境监测中心站,40.8421,111.749,新城区,14.6,19.0,14.4,24.8,48.0,0.76,21,22.7,48.6,3.6,4.8,0.0,1010.1,DEMO
2026-08-23 05:00:00,HHHT002,如意开发区,40.825,111.8,赛罕区,18.9,26.2,16.6,31.7,57.7,0.82,27,21.3,67.9,3.0,218.7,0.0,1010.3,DEMO
2026-08-23 05:00:00,HHHT003,呼市一监,40.81,111.67,回民区,24.6,36.1,13.8,36.7,39.7,0.7,35,24.2,42.5,4.3,52.5,0.0,1016.2,DEMO
2026-08-23 05:00:00,HHHT004,小召前街,40.805,111.665,回民区,18.4,25.0,8.7,32.0,48.5,0.6,26,19.4,30.2,4.0,295.4,0.0,1005.2,DEMO
2026-08-23 05:00:00,HHHT005,二十九中,40.78,111.7,玉泉区,16.7,21.5,12.5,29.8,46.6,0.66,24,21.9,51.2,3.2,144.5,0.0,1006.9,DEMO
2026-08-23 05:00:00,HHHT006,工大金川校区,40.76,111.62,土默特左旗,4.2,6.8,11.3,25.8,56.5,0.57,6,20.3,30.7,4.4,48.4,1.6,1009.8,DEMO
2026-08-23 06:00:00,HHHT001,呼和浩特市环境监测中心站,40.8421,111.749,新城区,19.8,27.1,17.5,28.8,58.0,0.7,28,21.6,58.6,3.7,247.1,0.0,1016.6,DEMO
2026-08-23 06:00:00,HHHT002,如意开发区,40.825,111.8,赛罕区,38.4,55.2,10.0,33.2,59.3,0.8,54,23.2,63.9,4.3,131.0,0.0,1010.9,DEMO
2026-08-23 06:00:00,HHHT003,呼市一监,40.81,111.67,回民区,23.8,33.3,9.3,25.6,42.2,0.87,34,19.8,69.8,2.9,219.1,0.0,1010.4,DEMO
2026-08-23 06:00:00,HHHT004,小召前街,40.805,111.665,回民区,37.1,49.7,20.6,34.1,42.7,0.94,53,23.0,49.0,1.0,113.3,0.0,1018.1,DEMO
2026-08-23 06:00:00,HHHT005,二十九中,40.78,111.7,玉泉区,26.3,35.4,14.1,37.9,51.6,0.69,38,26.6,60.2,3.7,242.9,0.0,1005.4,DEMO
2026-08-23 06:00:00,HHHT006,工大金川校区,40.76,111.62,土默特左旗,9.3,11.6,9.4,32.4,63.9,0.68,13,26.8,64.6,5.6,358.8,0.0,1014.6,DEMO
2026-08-23 07:00:00,HHHT001,呼和浩特市环境监测中心站,40.8421,111.749,新城区,20.2,30.1,11.3,28.1,55.3,0.81,29,23.4,37.4,3.0,30.7,0.0,1011.9,DEMO
2026-08-23 07:00:00,HHHT002,如意开发区,40.825,111.8,赛罕区,35.3,50.6,12.9,37.1,36.7,0.86,50,21.7,67.5,4.4,121.2,0.0,1018.1,DEMO
2026-08-23 07:00:00,HHHT003,呼市一监,40.81,111.67,回民区,46.7,60.9,9.3,31.9,54.4,1.15,65,20.5,61.1,3.2,235.8,0.0,1014.7,DEMO
2026-08-23 07:00:00,HHHT004,小召前街,40.805,111.665,回民区,33.0,42.2,15.2,30.7,49.1,0.96,47,22.1,38.2,2.5,11.6,0.0,1014.6,DEMO
2026-08-23 07:00:00,HHHT005,二十九中,40.78,111.7,玉泉区,35.8,53.4,10.1,35.5,54.7,0.96,51,21.9,30.4,2.0,358.0,0.0,1009.5,DEMO
2026-08-23 07:00:00,HHHT006,工大金川校区,40.76,111.62,土默特左旗,27.5,37.8,11.0,36.5,53.6,0.91,39,22.6,34.4,3.0,176.8,0.0,1010.7,DEMO
2026-08-23 08:00:00,HHHT001,呼和浩特市环境监测中心站,40.8421,111.749,新城区,23.8,34.3,12.9,40.9,56.2,0.86,34,21.5,53.3,1.7,117.7,0.0,1014.4,DEMO
2026-08-23 08:00:00,HHHT002,如意开发区,40.825,111.8,赛罕区,39.7,51.5,14.9,32.9,50.6,0.92,56,18.2,53.7,4.0,285.0,0.0,1015.6,DEMO
2026-08-23 08:00:00,HHHT003,呼市一监,40.81,111.67,回民区,39.9,54.2,14.5,29.2,48.5,0.94,56,29.4,67.4,5.6,155.5,0.0,1007.5,DEMO
2026-08-23 08:00:00,HHHT004,小召前街,40.805,111.665,回民区,37.9,47.9,11.9,37.2,51.4,0.83,54,25.9,34.7,2.4,200.4,0.0,1005.2,DEMO
2026-08-23 08:00:00,HHHT005,二十九中,40.78,111.7,玉泉区,27.5,35.2,16.5,37.2,66.7,0.86,39,25.6,33.4,3.6,63.7,0.0,1014.9,DEMO
2026-08-23 08:00:00,HHHT006,工大金川校区,40.76,111.62,土默特左旗,20.2,25.7,15.5,37.3,49.0,0.59,29,25.9,63.4,3.4,210.1,0.0,1007.7,DEMO
2026-08-23 09:00:00,HHHT001,呼和浩特市环境监测中心站,40.8421,111.749,新城区,24.6,34.4,11.0,27.3,56.6,0.66,35,21.1,54.5,2.0,99.6,0.0,1012.4,DEMO
2026-08-23 09:00:00,HHHT002,如意开发区,40.825,111.8,赛罕区,40.4,55.2,18.2,27.4,57.5,0.92,57,17.9,41.9,1.6,126.0,0.0,1004.9,DEMO
2026-08-23 09:00:00,HHHT003,呼市一监,40.81,111.67,回民区,28.2,37.8,12.4,27.3,60.5,0.88,40,18.3,46.2,2.2,185.2,0.0,1014.4,DEMO
2026-08-23 09:00:00,HHHT004,小召前街,40.805,111.665,回民区,34.1,45.8,10.7,30.6,45.8,0.87,49,22.6,34.9,6.7,139.1,0.0,1016.4,DEMO
2026-08-23 09:00:00,HHHT005,二十九中,40.78,111.7,玉泉区,38.9,57.6,15.7,34.5,56.6,1.1,55,21.5,45.0,4.7,238.0,0.0,1003.4,DEMO
2026-08-23 09:00:00,HHHT006,工大金川校区,40.76,111.62,土默特左旗,17.1,25.4,12.4,33.5,35.7,0.76,24,23.9,54.3,2.9,265.5,0.0,1015.9,DEMO
2026-08-23 10:00:00,HHHT001,呼和浩特市环境监测中心站,40.8421,111.749,新城区,16.4,26.1,18.6,15.9,53.3,0.65,23,22.0,48.8,1.7,58.3,3.9,1007.4,DEMO
2026-08-23 10:00:00,HHHT002,如意开发区,40.825,111.8,赛罕区,37.2,53.8,12.9,42.5,47.2,0.7,53,27.7,46.9,5.2,201.2,0.0,1007.5,DEMO
2026-08-23 10:00:00,HHHT003,呼市一监,40.81,111.67,回民区,33.5,48.2,15.4,35.6,53.7,0.74,48,22.6,26.6,1.8,320.5,0.0,1015.4,DEMO
2026-08-23 10:00:00,HHHT004,小召前街,40.805,111.665,回民区,34.9,50.2,16.2,34.5,46.1,0.9,50,20.4,15,0.3,186.8,0.0,1011.8,DEMO
2026-08-23 10:00:00,HHHT005,二十九中,40.78,111.7,玉泉区,25.0,32.5,17.9,26.8,49.2,1.0,36,28.6,46.6,3.8,191.3,0.0,1015.7,DEMO
2026-08-23 10:00:00,HHHT006,工大金川校区,40.76,111.62,土默特左旗,21.3,27.5,16.0,38.7,53.9,0.78,30,28.4,36.9,3.9,12.6,0.0,1017.1,DEMO
2026-08-23 11:00:00,HHHT001,呼和浩特市环境监测中心站,40.8421,111.749,新城区,28.2,37.8,10.8,27.9,66.8,0.88,40,19.9,46.0,3.2,354.6,0.0,1009.8,DEMO
2026-08-23 11:00:00,HHHT002,如意开发区,40.825,111.8,赛罕区,35.1,45.4,11.2,41.6,52.2,0.89,50,17.2,42.4,1.3,327.1,0.0,1003.0,DEMO
2026-08-23 11:00:00,HHHT003,呼市一监,40.81,111.67,回民区,31.7,43.5,14.5,26.9,51.6,0.87,45,25.0,40.3,4.6,115.1,0.0,1013.0,DEMO
2026-08-23 11:00:00,HHHT004,小召前街,40.805,111.665,回民区,28.4,39.6,14.4,39.0,74.0,0.59,41,21.8,42.1,3.1,347.8,0.0,1008.5,DEMO
2026-08-23 11:00:00,HHHT005,二十九中,40.78,111.7,玉泉区,29.1,40.8,13.9,41.5,61.8,0.79,42,20.5,52.1,4.9,160.6,0.0,1013.5,DEMO
2026-08-23 11:00:00,HHHT006,工大金川校区,40.76,111.62,土默特左旗,14.5,22.1,15.4,29.7,81.2,0.68,21,24.5,52.7,4.0,317.3,4.0,1012.0,DEMO
2026-08-23 12:00:00,HHHT001,呼和浩特市环境监测中心站,40.8421,111.749,新城区,30.8,44.6,17.2,25.7,66.0,0.68,44,21.5,35.6,4.2,353.1,0.0,1019.6,DEMO
2026-08-23 12:00:00,HHHT002,如意开发区,40.825,111.8,赛罕区,31.9,43.7,6.9,40.3,55.8,0.75,46,29.2,34.4,2.1,186.2,0.0,1015.7,DEMO
2026-08-23 12:00:00,HHHT003,呼市一监,40.81,111.67,回民区,29.3,39.5,14.0,35.4,61.2,0.89,42,21.4,63.1,4.3,223.2,0.0,1011.4,DEMO
2026-08-23 12:00:00,HHHT004,小召前街,40.805,111.665,回民区,32.7,48.3,11.2,31.6,52.9,0.78,47,28.3,57.7,1.7,29.4,0.0,1006.3,DEMO
2026-08-23 12:00:00,HHHT005,二十九中,40.78,111.7,玉泉区,20.8,26.1,14.8,34.5,58.9,0.73,30,18.5,48.3,3.4,11.0,0.0,1010.8,DEMO
2026-08-23 12:00:00,HHHT006,工大金川校区,40.76,111.62,土默特左旗,12.9,17.5,10.7,30.3,69.5,0.63,18,29.8,22.8,2.9,251.2,0.0,1004.6,DEMO
2026-08-23 13:00:00,HHHT001,呼和浩特市环境监测中心站,40.8421,111.749,新城区,33.2,45.5,12.4,38.5,68.1,0.86,47,21.3,29.9,4.0,298.5,0.0,1016.7,DEMO
2026-08-23 13:00:00,HHHT002,如意开发区,40.825,111.8,赛罕区,26.7,35.2,11.5,31.8,59.9,0.85,38,25.1,38.7,5.5,256.8,0.0,1016.4,DEMO
2026-08-23 13:00:00,HHHT003,呼市一监,40.81,111.67,回民区,36.2,53.1,16.5,33.0,46.3,0.95,51,24.4,40.8,1.5,135.4,0.0,1011.7,DEMO
2026-08-23 13:00:00,HHHT004,小召前街,40.805,111.665,回民区,36.1,60.9,13.6,40.0,66.5,0.94,51,19.4,50.1,2.3,151.1,2.6,1015.5,DEMO
2026-08-23 13:00:00,HHHT005,二十九中,40.78,111.7,玉泉区,25.2,31.6,8.8,30.6,59.8,0.66,36,22.1,30.8,2.1,199.8,0.0,1012.8,DEMO
2026-08-23 13:00:00,HHHT006,工大金川校区,40.76,111.62,土默特左旗,24.8,36.4,20.9,28.0,64.3,0.7,35,23.0,49.2,4.3,171.5,0.0,1011.4,DEMO
2026-08-23 14:00:00,HHHT001,呼和浩特市环境监测中心站,40.8421,111.749,新城区,6.1,10.1,16.4,29.2,57.8,0.81,9,21.1,38.8,2.7,79.7,3.7,1012.4,DEMO
2026-08-23 14:00:00,HHHT002,如意开发区,40.825,111.8,赛罕区,29.2,36.5,15.0,30.9,55.7,0.89,42,22.9,77.7,3.8,133.1,0.0,1006.2,DEMO
2026-08-23 14:00:00,HHHT003,呼市一监,40.81,111.67,回民区,37.9,49.6,13.0,26.8,53.6,0.93,54,24.2,55.2,3.4,193.7,0.0,1009.4,DEMO
2026-08-23 14:00:00,HHHT004,小召前街,40.805,111.665,回民区,37.5,51.0,15.9,32.2,59.8,0.93,53,24.9,15,1.3,356.0,0.0,1010.3,DEMO
2026-08-23 14:00:00,HHHT005,二十九中,40.78,111.7,玉泉区,15.6,26.6,8.0,28.6,57.7,0.93,22,24.6,58.8,2.5,96.2,0.4,1014.0,DEMO
2026-08-23 14:00:00,HHHT006,工大金川校区,40.76,111.62,土默特左旗,22.8,30.7,15.5,28.2,59.4,0.87,33,23.9,41.4,3.3,172.8,0.0,1008.9,DEMO
2026-08-23 15:00:00,HHHT001,呼和浩特市环境监测中心站,40.8421,111.749,新城区,22.0,28.9,15.7,32.3,65.4,0.7,31,19.3,53.2,3.9,307.8,0.0,1006.7,DEMO
2026-08-23 15:00:00,HHHT002,如意开发区,40.825,111.8,赛罕区,31.9,45.0,13.9,39.8,61.0,0.86,46,19.2,50.7,5.1,210.0,0.0,1011.0,DEMO
2026-08-23 15:00:00,HHHT003,呼市一监,40.81,111.67,回民区,23.4,34.3,8.9,29.2,63.6,0.83,33,22.5,51.6,4.8,74.1,0.0,1015.0,DEMO
2026-08-23 15:00:00,HHHT004,小召前街,40.805,111.665,回民区,30.5,40.9,11.3,37.7,51.7,0.8,44,23.3,53.1,3.1,47.8,0.0,1017.7,DEMO
2026-08-23 15:00:00,HHHT005,二十九中,40.78,111.7,玉泉区,24.1,35.5,11.6,37.4,68.8,0.81,34,23.9,35.3,2.5,310.8,0.3,1013.3,DEMO
2026-08-23 15:00:00,HHHT006,工大金川校区,40.76,111.62,土默特左旗,10.8,13.5,10.6,30.2,63.2,0.55,15,21.2,47.9,3.5,3.1,0.0,1010.6,DEMO
2026-08-23 16:00:00,HHHT001,呼和浩特市环境监测中心站,40.8421,111.749,新城区,16.6,24.2,14.5,28.4,67.5,0.69,24,22.2,55.5,3.1,316.0,0.0,1008.5,DEMO
2026-08-23 16:00:00,HHHT002,如意开发区,40.825,111.8,赛罕区,19.7,25.5,15.5,30.3,53.1,0.79,28,17.9,37.2,2.1,160.4,0.0,1009.3,DEMO
2026-08-23 16:00:00,HHHT003,呼市一监,40.81,111.67,回民区,33.0,47.4,17.4,29.8,68.3,0.65,47,21.0,59.7,2.8,277.2,0.0,1015.9,DEMO
2026-08-23 16:00:00,HHHT004,小召前街,40.805,111.665,回民区,25.2,44.4,14.3,31.9,59.1,0.77,36,21.4,23.8,6.2,183.2,2.9,1009.3,DEMO
2026-08-23 16:00:00,HHHT005,二十九中,40.78,111.7,玉泉区,17.1,22.0,9.1,34.2,69.8,0.66,24,23.6,65.0,3.9,158.8,0.0,1009.2,DEMO
2026-08-23 16:00:00,HHHT006,工大金川校区,40.76,111.62,土默特左旗,12.4,18.2,10.7,33.1,65.2,0.77,18,23.1,40.4,5.4,331.4,0.0,1012.1,DEMO
2026-08-23 17:00:00,HHHT001,呼和浩特市环境监测中心站,40.8421,111.749,新城区,31.3,45.4,11.7,31.3,53.3,0.89,45,16.6,55.3,3.7,33.6,0.0,1009.4,DEMO
2026-08-23 17:00:00,HHHT002,如意开发区,40.825,111.8,赛罕区,33.1,42.0,15.2,33.3,49.6,1.19,47,23.6,46.1,4.0,356.0,0.0,1015.3,DEMO
2026-08-23 17:00:00,HHHT003,呼市一监,40.81,111.67,回民区,44.3,64.1,14.7,38.3,66.9,0.91,62,27.8,40.9,4.6,118.3,0.0,1005.8,DEMO
2026-08-23 17:00:00,HHHT004,小召前街,40.805,111.665,回民区,39.3,57.9,10.8,27.9,45.2,0.91,55,23.8,46.8,1.5,289.7,0.0,1008.8,DEMO
2026-08-23 17:00:00,HHHT005,二十九中,40.78,111.7,玉泉区,27.7,38.3,13.9,22.3,55.3,0.93,40,25.6,66.0,4.3,291.3,0.0,1019.1,DEMO
2026-08-23 17:00:00,HHHT006,工大金川校区,40.76,111.62,土默特左旗,18.3,24.5,9.9,39.2,54.5,0.63,26,18.6,42.4,3.5,221.2,0.0,1011.1,DEMO
2026-08-23 18:00:00,HHHT001,呼和浩特市环境监测中心站,40.8421,111.749,新城区,26.2,36.5,7.5,30.6,40.6,0.68,37,23.2,60.7,3.3,243.1,0.0,1008.0,DEMO
2026-08-23 18:00:00,HHHT002,如意开发区,40.825,111.8,赛罕区,37.1,48.9,13.4,27.6,34.0,0.99,53,22.3,67.0,1.7,69.0,0.0,1006.6,DEMO
2026-08-23 18:00:00,HHHT003,呼市一监,40.81,111.67,回民区,34.9,46.6,15.8,24.1,44.6,0.83,50,24.1,45.6,4.1,16.3,0.0,1006.2,DEMO
2026-08-23 18:00:00,HHHT004,小召前街,40.805,111.665,回民区,34.7,47.8,12.7,32.5,39.4,0.71,50,16.1,55.7,2.1,336.4,0.0,1014.3,DEMO
2026-08-23 18:00:00,HHHT005,二十九中,40.78,111.7,玉泉区,24.4,35.9,17.7,24.6,56.2,0.84,35,22.1,35.4,3.5,12.4,0.0,1015.9,DEMO
2026-08-23 18:00:00,HHHT006,工大金川校区,40.76,111.62,土默特左旗,15.3,19.3,12.2,29.7,60.2,0.53,22,21.6,62.4,3.2,211.8,0.0,1020.6,DEMO
2026-08-23 19:00:00,HHHT001,呼和浩特市环境监测中心站,40.8421,111.749,新城区,24.8,36.2,15.2,35.9,55.4,0.92,35,17.9,68.5,1.9,55.5,0.0,1009.5,DEMO
2026-08-23 19:00:00,HHHT002,如意开发区,40.825,111.8,赛罕区,31.3,45.2,11.4,26.0,53.9,0.85,45,27.6,53.9,2.4,301.6,0.0,1011.2,DEMO
2026-08-23 19:00:00,HHHT003,呼市一监,40.81,111.67,回民区,50.0,67.4,15.5,36.1,47.4,1.09,69,22.3,30.9,0.8,218.7,0.0,1009.8,DEMO
2026-08-23 19:00:00,HHHT004,小召前街,40.805,111.665,回民区,37.7,50.5,8.9,35.1,45.6,0.82,53,24.3,38.4,4.8,359.1,0.0,1016.5,DEMO
2026-08-23 19:00:00,HHHT005,二十九中,40.78,111.7,玉泉区,40.7,56.6,13.6,37.5,35.3,1.12,57,21.2,60.4,1.8,229.3,0.0,1009.5,DEMO
2026-08-23 19:00:00,HHHT006,工大金川校区,40.76,111.62,土默特左旗,11.8,14.8,17.5,25.2,52.6,0.79,17,22.6,45.1,1.7,118.3,0.0,1014.6,DEMO
2026-08-23 20:00:00,HHHT001,呼和浩特市环境监测中心站,40.8421,111.749,新城区,29.2,39.9,15.1,31.1,44.1,0.74,42,23.9,40.0,4.3,319.4,0.0,1012.9,DEMO
2026-08-23 20:00:00,HHHT002,如意开发区,40.825,111.8,赛罕区,44.7,63.3,11.0,32.5,54.3,1.16,62,27.9,32.2,3.0,216.7,0.0,1009.7,DEMO
2026-08-23 20:00:00,HHHT003,呼市一监,40.81,111.67,回民区,34.3,49.7,12.4,26.8,57.3,0.93,49,23.5,57.5,2.7,57.5,0.0,1015.9,DEMO
2026-08-23 20:00:00,HHHT004,小召前街,40.805,111.665,回民区,36.4,55.8,12.1,31.1,47.3,0.89,52,21.0,43.4,2.2,145.0,2.7,1010.7,DEMO
2026-08-23 20:00:00,HHHT005,二十九中,40.78,111.7,玉泉区,25.1,37.3,11.7,25.3,45.6,0.79,36,25.8,55.5,2.5,228.4,0.0,1005.4,DEMO
2026-08-23 20:00:00,HHHT006,工大金川校区,40.76,111.62,土默特左旗,21.9,32.0,13.3,27.3,53.1,0.79,31,22.0,50.3,1.9,205.8,0.0,1016.8,DEMO
2026-08-23 21:00:00,HHHT001,呼和浩特市环境监测中心站,40.8421,111.749,新城区,20.3,29.0,14.3,27.6,61.3,0.78,29,24.3,44.1,1.9,274.2,0.0,1012.7,DEMO
2026-08-23 21:00:00,HHHT002,如意开发区,40.825,111.8,赛罕区,20.4,28.8,8.5,37.8,51.2,0.66,29,22.3,39.2,2.1,118.1,0.0,1010.7,DEMO
2026-08-23 21:00:00,HHHT003,呼市一监,40.81,111.67,回民区,23.8,31.6,12.3,36.2,34.6,0.61,34,21.3,29.4,2.6,331.7,0.0,1011.1,DEMO
2026-08-23 21:00:00,HHHT004,小召前街,40.805,111.665,回民区,30.2,42.4,15.2,35.1,51.7,0.71,43,21.4,58.7,2.3,4.9,0.0,1016.9,DEMO
2026-08-23 21:00:00,HHHT005,二十九中,40.78,111.7,玉泉区,34.6,46.6,18.6,18.7,30.8,0.85,49,29.4,44.3,2.1,130.1,0.0,1014.5,DEMO
2026-08-23 21:00:00,HHHT006,工大金川校区,40.76,111.62,土默特左旗,16.2,24.2,11.4,24.2,48.1,0.68,23,19.8,39.7,3.3,181.6,0.0,1011.2,DEMO
2026-08-23 22:00:00,HHHT001,呼和浩特市环境监测中心站,40.8421,111.749,新城区,22.3,33.4,12.1,30.5,43.0,0.77,32,21.2,37.9,4.4,117.6,0.0,1015.6,DEMO
2026-08-23 22:00:00,HHHT002,如意开发区,40.825,111.8,赛罕区,25.7,35.8,10.7,36.3,35.6,0.73,37,21.7,47.0,2.6,254.6,0.0,1018.2,DEMO
2026-08-23 22:00:00,HHHT003,呼市一监,40.81,111.67,回民区,23.2,31.9,13.1,31.2,57.7,0.73,33,25.9,31.9,1.2,309.5,0.0,1014.7,DEMO
2026-08-23 22:00:00,HHHT004,小召前街,40.805,111.665,回民区,39.0,50.8,12.1,40.6,53.2,0.82,55,21.9,40.5,2.3,46.4,0.0,1012.8,DEMO
2026-08-23 22:00:00,HHHT005,二十九中,40.78,111.7,玉泉区,16.9,21.4,19.7,38.7,44.3,0.73,24,20.2,48.7,5.1,98.3,0.0,1015.1,DEMO
2026-08-23 22:00:00,HHHT006,工大金川校区,40.76,111.62,土默特左旗,19.9,26.6,13.6,38.3,52.0,0.71,28,28.7,61.7,2.3,180.6,0.0,1015.3,DEMO
2026-08-23 23:00:00,HHHT001,呼和浩特市环境监测中心站,40.8421,111.749,新城区,26.0,34.2,15.1,33.1,55.9,0.93,37,22.4,52.0,2.0,255.7,0.0,1007.9,DEMO
2026-08-23 23:00:00,HHHT002,如意开发区,40.825,111.8,赛罕区,26.8,39.7,13.2,26.0,56.6,0.85,38,19.8,70.1,3.6,308.1,3.9,1011.9,DEMO
2026-08-23 23:00:00,HHHT003,呼市一监,40.81,111.67,回民区,26.7,35.8,14.2,33.4,50.8,0.92,38,21.2,48.7,2.7,248.9,0.0,1013.6,DEMO
2026-08-23 23:00:00,HHHT004,小召前街,40.805,111.665,回民区,21.3,27.4,14.9,28.6,53.0,0.69,30,19.8,35.4,3.2,348.6,0.0,1009.2,DEMO
2026-08-23 23:00:00,HHHT005,二十九中,40.78,111.7,玉泉区,27.3,36.3,10.2,36.8,34.8,0.85,39,22.0,39.3,5.5,107.7,0.0,1012.8,DEMO
2026-08-23 23:00:00,HHHT006,工大金川校区,40.76,111.62,土默特左旗,17.7,23.9,10.8,28.9,49.4,0.76,25,23.3,42.5,2.6,201.7,0.0,1009.5,DEMO
2026-08-24 00:00:00,HHHT001,呼和浩特市环境监测中心站,40.8421,111.749,新城区,5.0,6.4,14.0,31.6,56.0,0.58,7,24.0,50.9,4.3,63.2,0.0,1007.3,DEMO
2026-08-24 00:00:00,HHHT002,如意开发区,40.825,111.8,赛罕区,35.7,49.2,12.3,35.8,52.9,0.8,51,19.6,52.7,3.0,184.5,0.0,1013.0,DEMO
2026-08-24 00:00:00,HHHT003,呼市一监,40.81,111.67,回民区,25.5,34.9,14.4,37.0,51.6,0.82,36,26.2,47.9,3.3,343.1,0.0,1007.9,DEMO
2026-08-24 00:00:00,HHHT004,小召前街,40.805,111.665,回民区,38.0,47.6,12.7,34.1,51.2,0.96,54,18.8,36.2,2.3,92.9,0.0,1013.1,DEMO
2026-08-24 00:00:00,HHHT005,二十九中,40.78,111.7,玉泉区,11.2,16.7,16.6,23.8,48.5,0.66,16,18.8,28.1,4.9,213.4,0.0,1012.7,DEMO
2026-08-24 00:00:00,HHHT006,工大金川校区,40.76,111.62,土默特左旗,20.6,30.2,10.1,18.6,57.0,0.87,29,19.6,43.0,1.2,152.3,0.0,1013.5,DEMO
2026-08-24 01:00:00,HHHT001,呼和浩特市环境监测中心站,40.8421,111.749,新城区,21.9,29.6,18.1,30.5,54.8,0.64,31,22.5,56.1,4.0,51.4,0.0,1011.6,DEMO
2026-08-24 01:00:00,HHHT002,如意开发区,40.825,111.8,赛罕区,18.4,24.5,11.7,20.0,61.7,0.76,26,23.0,47.4,3.6,88.5,0.0,1010.2,DEMO
2026-08-24 01:00:00,HHHT003,呼市一监,40.81,111.67,回民区,19.8,25.7,15.6,31.3,50.7,0.67,28,30.4,47.0,3.8,41.0,0.0,1004.1,DEMO
2026-08-24 01:00:00,HHHT004,小召前街,40.805,111.665,回民区,32.8,43.2,10.5,38.8,53.7,0.83,47,25.8,24.3,4.0,63.9,0.0,1010.3,DEMO
2026-08-24 01:00:00,HHHT005,二十九中,40.78,111.7,玉泉区,24.9,33.2,9.3,29.6,40.6,0.75,36,24.1,67.5,2.8,305.9,0.0,1017.8,DEMO
2026-08-24 01:00:00,HHHT006,工大金川校区,40.76,111.62,土默特左旗,4.2,6.9,11.2,31.8,57.0,0.56,6,16.5,40.0,2.1,277.7,2.5,1015.0,DEMO
2026-08-24 02:00:00,HHHT001,呼和浩特市环境监测中心站,40.8421,111.749,新城区,10.7,15.4,13.0,31.2,49.4,0.76,15,19.8,47.2,0.3,276.9,0.0,1015.4,DEMO
2026-08-24 02:00:00,HHHT002,如意开发区,40.825,111.8,赛罕区,24.6,36.9,10.2,34.7,60.1,0.93,35,25.6,64.7,3.7,280.2,0.0,1012.9,DEMO
2026-08-24 02:00:00,HHHT003,呼市一监,40.81,111.67,回民区,25.1,37.2,9.2,38.2,59.1,0.79,36,17.9,43.6,3.3,279.0,0.0,1014.4,DEMO
2026-08-24 02:00:00,HHHT004,小召前街,40.805,111.665,回民区,20.0,26.4,13.2,30.6,53.7,0.62,29,22.2,17.3,5.3,294.9,0.0,1010.6,DEMO
2026-08-24 02:00:00,HHHT005,二十九中,40.78,111.7,玉泉区,14.5,19.6,4.4,31.1,58.9,0.59,21,19.3,26.8,1.9,282.0,0.0,1012.6,DEMO
2026-08-24 02:00:00,HHHT006,工大金川校区,40.76,111.62,土默特左旗,4.9,8.0,14.2,27.7,52.2,0.72,7,22.0,43.6,0.9,305.8,1.2,1007.5,DEMO
2026-08-24 03:00:00,HHHT001,呼和浩特市环境监测中心站,40.8421,111.749,新城区,12.6,16.3,16.1,34.9,48.6,0.59,18,22.2,42.3,2.8,248.5,0.0,1015.3,DEMO
2026-08-24 03:00:00,HHHT002,如意开发区,40.825,111.8,赛罕区,14.3,18.2,11.1,23.1,45.4,0.68,20,25.1,51.5,1.0,56.2,0.0,1007.5,DEMO
2026-08-24 03:00:00,HHHT003,呼市一监,40.81,111.67,回民区,13.9,20.5,13.4,29.7,48.0,0.71,20,17.9,35.2,2.7,327.3,0.0,1008.7,DEMO
2026-08-24 03:00:00,HHHT004,小召前街,40.805,111.665,回民区,22.4,29.9,15.4,28.8,38.2,0.87,32,22.7,15,1.6,33.9,0.0,1011.3,DEMO
2026-08-24 03:00:00,HHHT005,二十九中,40.78,111.7,玉泉区,22.7,32.6,9.1,32.8,50.8,0.81,32,17.4,35.7,0.6,36.5,0.0,1006.1,DEMO
2026-08-24 03:00:00,HHHT006,工大金川校区,40.76,111.62,土默特左旗,12.2,15.7,13.6,30.6,56.4,0.69,17,19.2,33.7,3.0,92.9,0.0,1008.9,DEMO
2026-08-24 04:00:00,HHHT001,呼和浩特市环境监测中心站,40.8421,111.749,新城区,5.0,7.4,6.0,22.7,50.5,0.57,7,28.2,21.0,3.3,212.5,0.0,1008.2,DEMO
2026-08-24 04:00:00,HHHT002,如意开发区,40.825,111.8,赛罕区,27.6,35.0,14.8,33.2,63.5,0.9,39,22.5,39.7,3.0,73.5,0.0,1009.4,DEMO
2026-08-24 04:00:00,HHHT003,呼市一监,40.81,111.67,回民区,17.7,29.0,15.7,32.9,50.1,0.7,25,23.7,57.3,2.5,155.5,3.1,1009.2,DEMO
2026-08-24 04:00:00,HHHT004,小召前街,40.805,111.665,回民区,26.3,36.0,13.6,24.3,59.0,0.76,38,23.4,51.1,2.5,108.9,0.0,1015.7,DEMO
2026-08-24 04:00:00,HHHT005,二十九中,40.78,111.7,玉泉区,11.0,15.2,15.1,34.5,40.8,0.8,16,21.4,54.7,1.4,242.7,0.0,1011.0,DEMO
2026-08-24 04:00:00,HHHT006,工大金川校区,40.76,111.62,土默特左旗,13.3,16.9,10.5,34.7,45.9,0.59,19,24.7,43.0,2.5,304.4,0.0,1020.0,DEMO
2026-08-24 05:00:00,HHHT001,呼和浩特市环境监测中心站,40.8421,111.749,新城区,10.1,14.5,10.4,26.9,65.8,0.65,14,19.6,52.3,5.1,28.4,0.0,1004.3,DEMO
2026-08-24 05:00:00,HHHT002,如意开发区,40.825,111.8,赛罕区,19.5,30.4,12.0,34.4,59.0,0.63,28,23.8,51.3,2.9,146.6,1.4,1011.9,DEMO
2026-08-24 05:00:00,HHHT003,呼市一监,40.81,111.67,回民区,21.8,30.6,12.6,23.2,56.4,0.9,31,21.7,53.6,2.6,190.4,0.0,1008.4,DEMO
2026-08-24 05:00:00,HHHT004,小召前街,40.805,111.665,回民区,27.4,37.9,17.5,34.3,42.7,1.0,39,22.4,41.0,3.7,176.8,0.0,1010.9,DEMO
2026-08-24 05:00:00,HHHT005,二十九中,40.78,111.7,玉泉区,6.4,10.6,17.7,27.9,65.9,0.72,9,28.7,49.4,4.5,250.6,0.7,1005.4,DEMO
2026-08-24 05:00:00,HHHT006,工大金川校区,40.76,111.62,土默特左旗,8.5,12.6,18.3,26.9,54.1,0.7,12,22.9,38.0,2.5,321.4,0.0,1007.5,DEMO
2026-08-24 06:00:00,HHHT001,呼和浩特市环境监测中心站,40.8421,111.749,新城区,5.4,6.9,8.8,32.8,54.6,0.75,8,20.4,40.2,1.5,181.0,0.0,1012.8,DEMO
2026-08-24 06:00:00,HHHT002,如意开发区,40.825,111.8,赛罕区,31.2,45.6,12.7,37.9,58.6,0.89,45,20.4,43.4,2.6,168.3,0.0,1012.6,DEMO
2026-08-24 06:00:00,HHHT003,呼市一监,40.81,111.67,回民区,30.9,45.1,15.8,30.4,47.2,0.88,44,23.6,51.6,0.9,163.0,0.0,1019.3,DEMO
2026-08-24 06:00:00,HHHT004,小召前街,40.805,111.665,回民区,27.5,38.9,13.1,29.2,51.4,0.84,39,21.5,59.1,3.0,299.9,0.0,1010.6,DEMO
2026-08-24 06:00:00,HHHT005,二十九中,40.78,111.7,玉泉区,21.0,30.4,10.5,39.6,51.8,0.92,30,18.5,69.6,4.3,4.9,0.0,1013.2,DEMO
2026-08-24 06:00:00,HHHT006,工大金川校区,40.76,111.62,土默特左旗,12.8,17.9,12.9,29.8,49.7,0.72,18,23.0,39.5,4.5,14.5,0.0,1014.0,DEMO
2026-08-24 07:00:00,HHHT001,呼和浩特市环境监测中心站,40.8421,111.749,新城区,24.8,35.0,13.5,26.7,50.3,0.82,35,21.1,53.1,3.4,30.9,0.0,1006.6,DEMO
2026-08-24 07:00:00,HHHT002,如意开发区,40.825,111.8,赛罕区,35.1,49.7,11.2,36.5,53.8,0.9,50,21.8,21.8,2.6,358.5,0.0,1009.9,DEMO
2026-08-24 07:00:00,HHHT003,呼市一监,40.81,111.67,回民区,30.3,44.5,12.5,27.4,42.3,0.75,43,19.4,62.7,2.5,293.4,0.0,1007.1,DEMO
2026-08-24 07:00:00,HHHT004,小召前街,40.805,111.665,回民区,33.3,48.3,16.5,31.3,42.3,0.93,48,20.5,67.1,3.9,27.8,0.0,1014.0,DEMO
2026-08-24 07:00:00,HHHT005,二十九中,40.78,111.7,玉泉区,25.2,32.1,6.2,36.9,49.2,0.71,36,22.2,48.1,3.6,27.7,0.0,1012.8,DEMO
2026-08-24 07:00:00,HHHT006,工大金川校区,40.76,111.62,土默特左旗,20.4,29.7,16.2,25.8,54.2,0.81,29,26.7,50.3,2.5,282.2,0.0,1010.5,DEMO
2026-08-24 08:00:00,HHHT001,呼和浩特市环境监测中心站,40.8421,111.749,新城区,19.9,29.7,14.8,27.3,51.7,0.8,28,19.6,36.1,4.1,215.9,0.0,1002.8,DEMO
2026-08-24 08:00:00,HHHT002,如意开发区,40.825,111.8,赛罕区,34.8,48.8,16.2,30.3,55.8,1.03,50,24.0,59.6,2.9,18.6,0.0,1010.3,DEMO
2026-08-24 08:00:00,HHHT003,呼市一监,40.81,111.67,回民区,33.4,47.3,12.8,34.8,57.4,0.9,48,23.2,51.2,2.7,356.0,0.0,1015.2,DEMO
2026-08-24 08:00:00,HHHT004,小召前街,40.805,111.665,回民区,39.3,51.5,13.9,37.1,49.1,1.06,55,22.2,23.2,3.1,31.6,0.0,1017.9,DEMO
2026-08-24 08:00:00,HHHT005,二十九中,40.78,111.7,玉泉区,14.3,18.7,12.3,30.3,57.1,0.77,20,22.2,41.2,5.0,167.0,0.0,1012.1,DEMO
2026-08-24 08:00:00,HHHT006,工大金川校区,40.76,111.62,土默特左旗,13.0,16.4,13.2,24.7,42.4,0.69,19,23.3,55.9,1.3,338.0,0.0,1006.2,DEMO
2026-08-24 09:00:00,HHHT001,呼和浩特市环境监测中心站,40.8421,111.749,新城区,15.3,20.8,14.8,25.8,62.6,0.76,22,16.9,29.4,2.4,48.3,0.0,1015.1,DEMO
2026-08-24 09:00:00,HHHT002,如意开发区,40.825,111.8,赛罕区,26.4,37.6,18.9,35.7,53.8,0.75,38,23.1,51.4,4.7,46.3,0.0,1004.1,DEMO
2026-08-24 09:00:00,HHHT003,呼市一监,40.81,111.67,回民区,25.4,34.9,12.1,35.4,30.9,0.87,36,17.3,47.5,1.0,358.7,0.0,1013.5,DEMO
2026-08-24 09:00:00,HHHT004,小召前街,40.805,111.665,回民区,40.6,52.9,18.7,33.6,75.6,0.78,57,26.0,56.7,0.8,316.8,0.0,1014.6,DEMO
2026-08-24 09:00:00,HHHT005,二十九中,40.78,111.7,玉泉区,21.0,26.8,11.4,22.7,47.3,0.76,30,25.5,52.7,2.6,139.9,0.0,1014.1,DEMO
2026-08-24 09:00:00,HHHT006,工大金川校区,40.76,111.62,土默特左旗,25.9,38.2,13.2,32.4,49.6,0.89,37,21.4,34.0,3.8,69.1,0.0,1019.4,DEMO
2026-08-24 10:00:00,HHHT001,呼和浩特市环境监测中心站,40.8421,111.749,新城区,16.8,23.5,13.4,32.4,43.6,0.79,24,21.5,30.2,2.3,89.8,0.0,1014.3,DEMO
2026-08-24 10:00:00,HHHT002,如意开发区,40.825,111.8,赛罕区,28.1,42.0,13.6,39.8,51.6,0.81,40,18.9,28.8,2.5,350.8,0.0,1012.1,DEMO
2026-08-24 10:00:00,HHHT003,呼市一监,40.81,111.67,回民区,30.5,44.2,16.6,25.5,42.2,0.88,44,18.5,38.5,2.0,125.6,0.0,1006.1,DEMO
2026-08-24 10:00:00,HHHT004,小召前街,40.805,111.665,回民区,35.4,49.7,15.5,30.8,41.7,0.88,51,24.4,39.0,4.9,24.1,0.0,1008.8,DEMO
2026-08-24 10:00:00,HHHT005,二十九中,40.78,111.7,玉泉区,15.5,20.1,13.3,34.7,59.2,0.76,22,27.5,53.9,2.6,119.5,0.0,1013.6,DEMO
2026-08-24 10:00:00,HHHT006,工大金川校区,40.76,111.62,土默特左旗,21.1,28.9,10.6,35.1,62.5,0.95,30,25.3,19.5,3.0,244.7,0.0,1011.0,DEMO
2026-08-24 11:00:00,HHHT001,呼和浩特市环境监测中心站,40.8421,111.749,新城区,11.2,14.0,13.4,33.1,74.5,0.54,16,21.0,56.0,4.5,252.7,0.0,1011.7,DEMO
2026-08-24 11:00:00,HHHT002,如意开发区,40.825,111.8,赛罕区,32.4,40.9,12.1,35.6,43.1,0.89,46,14.5,30.0,4.1,216.2,0.0,1009.8,DEMO
2026-08-24 11:00:00,HHHT003,呼市一监,40.81,111.67,回民区,25.8,35.6,9.9,26.1,59.9,0.71,37,24.1,66.7,3.4,346.6,0.0,1009.0,DEMO
2026-08-24 11:00:00,HHHT004,小召前街,40.805,111.665,回民区,21.4,27.6,13.0,29.5,41.0,0.62,31,22.5,52.7,2.8,354.0,0.0,1015.1,DEMO
2026-08-24 11:00:00,HHHT005,二十九中,40.78,111.7,玉泉区,24.8,37.2,13.6,32.4,52.1,0.78,35,20.3,51.4,3.5,356.1,0.0,1016.0,DEMO
2026-08-24 11:00:00,HHHT006,工大金川校区,40.76,111.62,土默特左旗,14.3,18.0,14.2,39.6,52.2,0.7,20,21.7,30.6,3.5,207.2,0.0,1012.0,DEMO
2026-08-24 12:00:00,HHHT001,呼和浩特市环境监测中心站,40.8421,111.749,新城区,25.3,32.4,13.3,27.5,59.5,0.78,36,16.0,35.2,2.5,350.1,0.0,1016.6,DEMO
2026-08-24 12:00:00,HHHT002,如意开发区,40.825,111.8,赛罕区,28.2,40.9,15.2,33.2,72.2,0.8,40,18.8,53.8,4.5,349.3,0.0,1017.4,DEMO
2026-08-24 12:00:00,HHHT003,呼市一监,40.81,111.67,回民区,33.1,46.6,11.7,31.0,57.9,0.78,47,21.4,57.1,3.0,353.5,0.0,1015.6,DEMO
2026-08-24 12:00:00,HHHT004,小召前街,40.805,111.665,回民区,31.7,44.7,14.8,33.9,61.8,0.81,45,21.1,38.1,3.3,265.6,0.0,1015.1,DEMO
2026-08-24 12:00:00,HHHT005,二十九中,40.78,111.7,玉泉区,26.6,37.8,14.9,34.5,67.9,0.79,38,11.2,49.8,4.4,110.6,0.0,1011.3,DEMO
2026-08-24 12:00:00,HHHT006,工大金川校区,40.76,111.62,土默特左旗,9.2,12.9,12.8,20.7,42.9,0.52,13,20.7,60.3,1.8,36.3,0.0,1009.9,DEMO
2026-08-24 13:00:00,HHHT001,呼和浩特市环境监测中心站,40.8421,111.749,新城区,9.4,11.9,12.5,23.8,74.4,0.76,13,23.1,35.1,3.3,80.4,0.0,1021.2,DEMO
2026-08-24 13:00:00,HHHT002,如意开发区,40.825,111.8,赛罕区,34.2,46.9,16.5,36.6,60.7,0.8,49,23.3,52.3,1.2,167.6,0.0,1010.2,DEMO
2026-08-24 13:00:00,HHHT003,呼市一监,40.81,111.67,回民区,12.9,18.9,14.1,30.4,50.0,0.65,18,17.8,33.1,3.1,320.4,0.0,1017.8,DEMO
2026-08-24 13:00:00,HHHT004,小召前街,40.805,111.665,回民区,28.8,38.5,10.8,26.0,60.2,0.8,41,18.3,43.9,2.9,336.2,0.0,1014.3,DEMO
2026-08-24 13:00:00,HHHT005,二十九中,40.78,111.7,玉泉区,15.0,18.9,9.5,37.9,50.2,0.62,21,17.9,36.1,2.9,193.8,0.0,1006.3,DEMO
2026-08-24 13:00:00,HHHT006,工大金川校区,40.76,111.62,土默特左旗,12.8,22.2,21.0,29.3,62.4,0.7,18,16.2,48.6,4.4,265.1,1.5,1001.7,DEMO
2026-08-24 14:00:00,HHHT001,呼和浩特市环境监测中心站,40.8421,111.749,新城区,14.1,20.0,14.9,27.5,62.7,0.8,20,19.4,41.8,2.5,273.2,0.0,1012.1,DEMO
2026-08-24 14:00:00,HHHT002,如意开发区,40.825,111.8,赛罕区,24.6,35.0,9.6,26.7,59.8,0.93,35,20.5,37.7,4.7,252.0,0.0,1011.1,DEMO
2026-08-24 14:00:00,HHHT003,呼市一监,40.81,111.67,回民区,26.8,39.7,10.0,31.7,67.3,0.93,38,21.8,52.7,2.6,151.7,0.0,1018.7,DEMO
2026-08-24 14:00:00,HHHT004,小召前街,40.805,111.665,回民区,31.6,42.6,12.5,34.9,52.1,0.7,45,23.3,43.0,3.0,160.6,0.0,1012.3,DEMO
2026-08-24 14:00:00,HHHT005,二十九中,40.78,111.7,玉泉区,21.4,29.1,13.4,25.2,60.1,0.85,31,19.6,43.1,3.0,16.5,0.0,1014.3,DEMO
2026-08-24 14:00:00,HHHT006,工大金川校区,40.76,111.62,土默特左旗,15.8,21.5,13.2,36.7,62.0,0.81,23,21.8,45.2,3.6,183.1,0.0,1015.0,DEMO
2026-08-24 15:00:00,HHHT001,呼和浩特市环境监测中心站,40.8421,111.749,新城区,19.9,26.3,12.3,31.3,60.9,0.84,28,22.7,56.0,4.2,357.1,0.0,1007.6,DEMO
2026-08-24 15:00:00,HHHT002,如意开发区,40.825,111.8,赛罕区,29.6,42.1,13.6,41.6,48.0,1.0,42,21.8,34.9,4.2,13.7,0.0,1014.5,DEMO
2026-08-24 15:00:00,HHHT003,呼市一监,40.81,111.67,回民区,26.3,39.0,12.3,28.5,62.4,0.76,38,19.2,30.8,1.8,77.9,0.0,1011.0,DEMO
2026-08-24 15:00:00,HHHT004,小召前街,40.805,111.665,回民区,37.4,55.9,13.9,36.5,64.5,0.99,53,24.6,44.9,3.6,353.6,0.0,1003.7,DEMO
2026-08-24 15:00:00,HHHT005,二十九中,40.78,111.7,玉泉区,28.9,36.7,12.5,33.0,59.7,0.91,41,24.5,53.1,4.2,135.6,0.0,1011.2,DEMO
2026-08-24 15:00:00,HHHT006,工大金川校区,40.76,111.62,土默特左旗,21.8,31.7,17.6,31.5,57.9,0.79,31,21.3,32.7,4.7,333.8,0.0,1014.1,DEMO
2026-08-24 16:00:00,HHHT001,呼和浩特市环境监测中心站,40.8421,111.749,新城区,15.2,25.3,16.6,37.9,70.1,0.66,22,19.9,50.5,3.6,233.9,0.1,1017.2,DEMO
2026-08-24 16:00:00,HHHT002,如意开发区,40.825,111.8,赛罕区,32.1,40.7,12.5,34.8,53.6,0.79,46,21.0,67.7,3.5,255.4,0.0,1008.7,DEMO
2026-08-24 16:00:00,HHHT003,呼市一监,40.81,111.67,回民区,33.6,44.2,17.6,38.7,70.0,1.0,48,23.5,42.4,2.2,263.6,0.0,1009.7,DEMO
2026-08-24 16:00:00,HHHT004,小召前街,40.805,111.665,回民区,22.0,31.4,7.4,26.2,57.1,0.74,31,21.7,36.6,2.8,58.8,0.0,1014.4,DEMO
2026-08-24 16:00:00,HHHT005,二十九中,40.78,111.7,玉泉区,13.7,19.3,15.4,25.9,60.0,0.85,20,22.9,41.0,6.1,145.9,0.0,1006.2,DEMO
2026-08-24 16:00:00,HHHT006,工大金川校区,40.76,111.62,土默特左旗,5.0,7.3,7.6,26.5,61.5,0.8,7,18.2,52.8,3.6,55.3,0.0,1009.9,DEMO
2026-08-24 17:00:00,HHHT001,呼和浩特市环境监测中心站,40.8421,111.749,新城区,26.2,36.0,14.3,37.6,50.1,0.77,37,27.9,33.0,4.3,291.0,0.0,1017.8,DEMO
2026-08-24 17:00:00,HHHT002,如意开发区,40.825,111.8,赛罕区,25.8,34.6,12.4,22.0,64.1,0.69,37,24.9,63.3,1.7,347.5,0.0,1012.2,DEMO
2026-08-24 17:00:00,HHHT003,呼市一监,40.81,111.67,回民区,26.5,35.9,12.4,32.5,62.2,0.82,38,21.6,44.4,2.6,236.7,0.0,1015.5,DEMO
2026-08-24 17:00:00,HHHT004,小召前街,40.805,111.665,回民区,34.1,49.4,9.7,35.5,51.1,0.91,49,16.8,61.8,4.3,25.2,0.0,1004.8,DEMO
2026-08-24 17:00:00,HHHT005,二十九中,40.78,111.7,玉泉区,32.6,41.9,14.4,42.5,55.7,0.87,47,24.7,36.1,1.6,151.3,0.0,1013.4,DEMO
2026-08-24 17:00:00,HHHT006,工大金川校区,40.76,111.62,土默特左旗,13.6,20.3,16.0,32.7,41.7,0.8,19,18.4,48.2,2.7,111.2,0.0,1016.4,DEMO
2026-08-24 18:00:00,HHHT001,呼和浩特市环境监测中心站,40.8421,111.749,新城区,17.2,25.4,14.9,35.1,56.6,0.88,25,25.4,58.1,2.7,233.7,0.0,1012.8,DEMO
2026-08-24 18:00:00,HHHT002,如意开发区,40.825,111.8,赛罕区,38.5,50.5,11.6,27.6,43.2,0.67,54,20.6,66.1,3.0,185.6,0.0,1010.1,DEMO
2026-08-24 18:00:00,HHHT003,呼市一监,40.81,111.67,回民区,27.7,40.0,13.4,21.2,40.0,0.75,40,20.6,58.5,2.7,309.4,0.0,1013.6,DEMO
2026-08-24 18:00:00,HHHT004,小召前街,40.805,111.665,回民区,29.0,42.6,15.7,25.6,62.9,0.81,41,24.7,60.6,1.9,305.2,0.0,1007.4,DEMO
2026-08-24 18:00:00,HHHT005,二十九中,40.78,111.7,玉泉区,33.8,44.2,8.1,39.9,50.6,0.89,48,22.5,42.4,1.3,319.6,0.0,1015.9,DEMO
2026-08-24 18:00:00,HHHT006,工大金川校区,40.76,111.62,土默特左旗,17.5,23.0,17.2,33.3,55.2,0.82,25,15.5,55.0,4.0,221.1,0.0,1011.6,DEMO
2026-08-24 19:00:00,HHHT001,呼和浩特市环境监测中心站,40.8421,111.749,新城区,21.2,26.9,13.4,31.8,56.8,0.77,30,21.3,38.5,3.4,58.3,0.0,1016.3,DEMO
2026-08-24 19:00:00,HHHT002,如意开发区,40.825,111.8,赛罕区,39.8,53.3,15.9,29.9,32.3,1.16,56,20.8,50.7,1.1,355.3,0.0,1010.6,DEMO
2026-08-24 19:00:00,HHHT003,呼市一监,40.81,111.67,回民区,24.8,32.3,11.2,30.6,52.2,0.61,35,24.0,45.8,3.7,87.9,0.0,1005.8,DEMO
2026-08-24 19:00:00,HHHT004,小召前街,40.805,111.665,回民区,39.4,55.0,20.6,28.5,60.0,0.93,56,18.0,59.4,0.3,236.3,0.0,1012.4,DEMO
2026-08-24 19:00:00,HHHT005,二十九中,40.78,111.7,玉泉区,26.9,35.3,13.3,38.1,61.8,0.78,38,26.0,53.0,2.5,203.6,0.0,1021.0,DEMO
2026-08-24 19:00:00,HHHT006,工大金川校区,40.76,111.62,土默特左旗,13.9,20.9,14.7,27.2,53.9,0.61,20,24.8,43.1,3.5,110.9,1.9,1010.1,DEMO
2026-08-24 20:00:00,HHHT001,呼和浩特市环境监测中心站,40.8421,111.749,新城区,29.4,42.9,14.7,22.9,54.6,0.81,42,23.3,63.2,0.3,340.7,0.0,1009.4,DEMO
2026-08-24 20:00:00,HHHT002,如意开发区,40.825,111.8,赛罕区,33.4,49.9,16.1,32.8,61.3,0.7,48,21.0,40.6,4.7,318.6,0.0,999.8,DEMO
2026-08-24 20:00:00,HHHT003,呼市一监,40.81,111.67,回民区,28.4,35.5,14.0,34.9,63.1,0.85,41,24.5,31.1,1.6,83.6,0.0,1018.6,DEMO
2026-08-24 20:00:00,HHHT004,小召前街,40.805,111.665,回民区,26.4,36.9,11.7,35.1,46.3,0.79,38,21.7,37.0,1.3,87.1,0.0,1012.6,DEMO
2026-08-24 20:00:00,HHHT005,二十九中,40.78,111.7,玉泉区,19.4,32.7,12.7,33.8,43.2,0.92,28,17.9,50.0,4.5,269.3,0.8,1021.3,DEMO
2026-08-24 20:00:00,HHHT006,工大金川校区,40.76,111.62,土默特左旗,20.0,29.7,12.5,31.1,52.9,0.92,29,26.1,51.1,4.3,179.6,0.0,1010.2,DEMO
2026-08-24 21:00:00,HHHT001,呼和浩特市环境监测中心站,40.8421,111.749,新城区,22.6,32.0,12.6,22.7,46.8,0.92,32,19.8,37.9,3.3,207.0,0.0,1017.3,DEMO
2026-08-24 21:00:00,HHHT002,如意开发区,40.825,111.8,赛罕区,25.7,35.0,15.7,40.9,47.3,0.7,37,20.4,53.3,3.9,84.1,0.0,1007.8,DEMO
2026-08-24 21:00:00,HHHT003,呼市一监,40.81,111.67,回民区,19.3,27.8,14.9,33.7,58.3,0.74,28,21.6,40.5,3.6,56.6,0.0,1012.3,DEMO
2026-08-24 21:00:00,HHHT004,小召前街,40.805,111.665,回民区,24.9,36.6,13.1,33.1,57.2,0.74,36,20.8,44.4,3.9,25.5,0.0,1019.7,DEMO
2026-08-24 21:00:00,HHHT005,二十九中,40.78,111.7,玉泉区,28.4,41.8,15.9,19.8,35.8,0.9,41,19.7,64.0,4.3,263.9,0.0,1015.0,DEMO
2026-08-24 21:00:00,HHHT006,工大金川校区,40.76,111.62,土默特左旗,7.8,10.8,8.4,22.0,57.7,0.7,11,27.8,21.3,4.7,32.0,0.0,1011.6,DEMO
2026-08-24 22:00:00,HHHT001,呼和浩特市环境监测中心站,40.8421,111.749,新城区,8.3,10.5,13.1,25.8,45.3,0.61,12,21.7,55.5,3.9,26.1,0.0,1012.9,DEMO
2026-08-24 22:00:00,HHHT002,如意开发区,40.825,111.8,赛罕区,32.8,47.1,10.9,31.3,60.4,0.81,47,23.0,60.9,3.7,13.6,0.0,1011.7,DEMO
2026-08-24 22:00:00,HHHT003,呼市一监,40.81,111.67,回民区,30.6,40.5,14.0,26.0,49.0,0.87,44,22.3,60.3,2.8,248.8,0.0,1008.2,DEMO
2026-08-24 22:00:00,HHHT004,小召前街,40.805,111.665,回民区,32.2,40.6,18.7,31.3,48.6,1.0,46,23.3,45.3,5.5,117.3,0.0,1010.5,DEMO
2026-08-24 22:00:00,HHHT005,二十九中,40.78,111.7,玉泉区,35.0,46.9,8.0,45.0,55.4,0.88,50,20.5,48.8,2.0,244.8,0.0,1018.9,DEMO
2026-08-24 22:00:00,HHHT006,工大金川校区,40.76,111.62,土默特左旗,11.9,18.3,12.2,27.7,48.5,0.73,17,22.3,45.5,1.6,0.6,2.2,1008.1,DEMO
2026-08-24 23:00:00,HHHT001,呼和浩特市环境监测中心站,40.8421,111.749,新城区,28.4,37.0,12.7,31.4,53.5,0.82,41,19.3,66.3,3.0,351.2,0.0,1011.1,DEMO
2026-08-24 23:00:00,HHHT002,如意开发区,40.825,111.8,赛罕区,37.3,51.4,7.4,31.5,58.1,0.88,53,21.1,37.0,3.4,329.3,0.0,1020.4,DEMO
2026-08-24 23:00:00,HHHT003,呼市一监,40.81,111.67,回民区,31.4,43.1,13.8,34.2,32.3,0.85,45,21.4,48.7,1.3,353.9,0.0,1011.5,DEMO
2026-08-24 23:00:00,HHHT004,小召前街,40.805,111.665,回民区,34.6,49.5,8.8,39.8,29.9,0.94,49,21.3,48.5,3.3,217.6,0.0,1009.9,DEMO
2026-08-24 23:00:00,HHHT005,二十九中,40.78,111.7,玉泉区,15.6,21.5,9.7,28.8,65.4,0.57,22,19.6,53.0,1.7,19.7,0.0,1010.1,DEMO
2026-08-24 23:00:00,HHHT006,工大金川校区,40.76,111.62,土默特左旗,4.2,6.8,9.8,32.9,53.4,0.53,6,19.5,36.2,3.3,282.1,0.8,1010.9,DEMO
2026-08-25 00:00:00,HHHT001,呼和浩特市环境监测中心站,40.8421,111.749,新城区,24.0,33.6,13.2,28.5,53.8,0.87,34,26.8,46.8,1.9,73.8,0.0,1014.1,DEMO
2026-08-25 00:00:00,HHHT002,如意开发区,40.825,111.8,赛罕区,29.5,43.1,14.8,27.2,49.5,0.82,42,23.9,71.1,3.4,316.0,0.0,1011.7,DEMO
2026-08-25 00:00:00,HHHT003,呼市一监,40.81,111.67,回民区,29.5,42.2,12.7,36.1,53.0,0.73,42,21.7,46.6,6.0,337.9,0.0,1008.2,DEMO
2026-08-25 00:00:00,HHHT004,小召前街,40.805,111.665,回民区,32.4,43.6,12.7,34.6,59.1,0.8,46,17.5,67.0,2.7,95.5,0.0,1010.5,DEMO
2026-08-25 00:00:00,HHHT005,二十九中,40.78,111.7,玉泉区,17.9,24.5,8.6,32.4,38.9,0.8,26,25.2,34.4,1.3,218.6,0.0,1014.6,DEMO
2026-08-25 00:00:00,HHHT006,工大金川校区,40.76,111.62,土默特左旗,5.0,6.4,7.3,32.7,54.4,0.56,7,19.0,34.9,4.2,211.9,0.0,1016.8,DEMO
2026-08-25 01:00:00,HHHT001,呼和浩特市环境监测中心站,40.8421,111.749,新城区,27.8,36.7,10.8,27.8,41.1,0.8,40,23.2,57.5,1.1,107.7,0.0,1016.5,DEMO
2026-08-25 01:00:00,HHHT002,如意开发区,40.825,111.8,赛罕区,27.6,38.3,12.3,35.3,44.0,0.72,39,17.8,54.4,2.9,302.1,0.0,1008.6,DEMO
2026-08-25 01:00:00,HHHT003,呼市一监,40.81,111.67,回民区,26.6,33.6,11.8,32.8,34.3,0.94,38,19.6,49.2,4.5,352.0,0.0,1014.3,DEMO
2026-08-25 01:00:00,HHHT004,小召前街,40.805,111.665,回民区,32.6,48.9,14.6,37.0,45.8,0.95,47,25.9,51.7,2.9,100.3,0.0,1004.3,DEMO
2026-08-25 01:00:00,HHHT005,二十九中,40.78,111.7,玉泉区,24.9,34.3,16.5,29.0,50.2,0.85,36,22.4,58.1,2.3,203.7,0.0,1014.3,DEMO
2026-08-25 01:00:00,HHHT006,工大金川校区,40.76,111.62,土默特左旗,18.7,25.5,14.9,31.8,51.2,0.85,27,19.8,58.7,2.9,296.6,0.0,1013.9,DEMO
2026-08-25 02:00:00,HHHT001,呼和浩特市环境监测中心站,40.8421,111.749,新城区,9.4,12.5,11.0,41.6,61.2,0.62,13,20.0,61.4,2.2,302.7,0.0,1010.5,DEMO
2026-08-25 02:00:00,HHHT002,如意开发区,40.825,111.8,赛罕区,19.9,27.0,13.0,23.0,61.5,0.71,28,20.8,31.3,2.7,159.3,0.0,1011.5,DEMO
2026-08-25 02:00:00,HHHT003,呼市一监,40.81,111.67,回民区,24.2,30.9,8.8,35.2,63.1,0.94,35,19.4,35.0,3.2,293.3,0.0,1010.4,DEMO
2026-08-25 02:00:00,HHHT004,小召前街,40.805,111.665,回民区,33.6,46.5,16.1,25.8,58.4,0.84,48,23.5,54.6,3.3,224.7,0.0,1013.5,DEMO
2026-08-25 02:00:00,HHHT005,二十九中,40.78,111.7,玉泉区,10.2,12.8,12.3,29.7,43.4,0.49,15,16.7,59.0,3.9,100.9,0.0,1014.1,DEMO
2026-08-25 02:00:00,HHHT006,工大金川校区,40.76,111.62,土默特左旗,5.0,7.3,13.3,22.3,50.0,0.75,7,25.0,29.1,3.7,146.3,0.0,1010.8,DEMO
2026-08-25 03:00:00,HHHT001,呼和浩特市环境监测中心站,40.8421,111.749,新城区,15.0,21.1,9.9,36.8,42.1,0.85,21,19.0,36.0,1.0,65.8,0.0,1011.3,DEMO
2026-08-25 03:00:00,HHHT002,如意开发区,40.825,111.8,赛罕区,17.1,24.8,5.9,32.2,39.1,0.66,24,20.1,49.0,4.3,283.4,0.0,1015.9,DEMO
2026-08-25 03:00:00,HHHT003,呼市一监,40.81,111.67,回民区,17.3,22.8,17.2,31.3,45.4,0.96,25,20.8,44.0,3.9,282.1,0.0,1008.8,DEMO
2026-08-25 03:00:00,HHHT004,小召前街,40.805,111.665,回民区,26.4,34.3,14.2,27.9,51.0,0.81,38,24.7,44.5,3.3,276.1,0.0,1012.7,DEMO
2026-08-25 03:00:00,HHHT005,二十九中,40.78,111.7,玉泉区,16.9,23.6,11.4,36.5,53.4,0.71,24,22.9,48.0,2.2,152.8,0.0,1021.2,DEMO
2026-08-25 03:00:00,HHHT006,工大金川校区,40.76,111.62,土默特左旗,9.6,13.3,12.7,29.9,61.0,0.59,14,20.7,48.3,4.9,53.1,0.0,1003.2,DEMO
2026-08-25 04:00:00,HHHT001,呼和浩特市环境监测中心站,40.8421,111.749,新城区,5.0,6.6,14.2,24.5,45.9,0.68,7,22.2,34.2,3.6,38.4,0.0,1009.8,DEMO
2026-08-25 04:00:00,HHHT002,如意开发区,40.825,111.8,赛罕区,30.2,38.5,15.3,29.8,47.6,0.88,43,24.6,48.5,2.4,65.9,0.0,1018.7,DEMO
2026-08-25 04:00:00,HHHT003,呼市一监,40.81,111.67,回民区,20.6,26.1,14.6,37.8,54.1,0.84,29,22.5,52.9,4.4,197.2,0.0,1008.6,DEMO
2026-08-25 04:00:00,HHHT004,小召前街,40.805,111.665,回民区,21.4,31.4,6.7,29.5,52.0,0.81,31,18.0,50.8,0.8,18.4,0.0,1007.8,DEMO
2026-08-25 04:00:00,HHHT005,二十九中,40.78,111.7,玉泉区,6.9,8.6,12.8,26.7,50.5,0.62,10,19.5,32.5,2.4,3.5,0.0,1007.8,DEMO
2026-08-25 04:00:00,HHHT006,工大金川校区,40.76,111.62,土默特左旗,5.0,6.5,12.6,30.9,51.0,0.7,7,24.1,61.8,2.6,40.0,0.0,1011.1,DEMO
2026-08-25 05:00:00,HHHT001,呼和浩特市环境监测中心站,40.8421,111.749,新城区,10.0,12.8,12.6,33.5,53.7,0.78,14,19.4,43.9,1.0,75.7,0.0,1009.4,DEMO
2026-08-25 05:00:00,HHHT002,如意开发区,40.825,111.8,赛罕区,26.4,33.6,16.1,27.1,61.6,0.97,38,23.1,64.7,4.1,186.8,0.0,1011.2,DEMO
2026-08-25 05:00:00,HHHT003,呼市一监,40.81,111.67,回民区,29.2,40.1,16.5,30.0,62.3,0.87,42,21.2,59.0,5.1,155.1,0.0,1019.9,DEMO
2026-08-25 05:00:00,HHHT004,小召前街,40.805,111.665,回民区,20.7,29.8,13.1,29.5,53.8,0.58,30,23.7,47.1,2.7,136.2,0.0,1007.5,DEMO
2026-08-25 05:00:00,HHHT005,二十九中,40.78,111.7,玉泉区,22.7,33.8,10.5,40.9,50.7,0.88,32,18.9,45.3,2.9,191.3,0.0,1007.0,DEMO
2026-08-25 05:00:00,HHHT006,工大金川校区,40.76,111.62,土默特左旗,10.2,14.4,13.4,38.3,66.2,0.72,15,20.7,46.5,3.0,13.9,0.0,1008.6,DEMO
2026-08-25 06:00:00,HHHT001,呼和浩特市环境监测中心站,40.8421,111.749,新城区,7.5,9.5,15.3,27.6,55.3,0.71,11,27.4,40.7,4.5,272.3,0.0,1015.1,DEMO
2026-08-25 06:00:00,HHHT002,如意开发区,40.825,111.8,赛罕区,43.2,64.7,10.6,39.6,57.1,0.83,60,25.8,35.3,3.3,228.8,0.0,1017.7,DEMO
2026-08-25 06:00:00,HHHT003,呼市一监,40.81,111.67,回民区,22.9,33.8,12.1,34.6,54.8,0.94,33,23.8,73.5,4.2,137.9,0.0,1008.4,DEMO
2026-08-25 06:00:00,HHHT004,小召前街,40.805,111.665,回民区,29.2,43.6,14.4,32.5,54.0,0.82,42,23.8,53.9,2.9,288.2,0.0,1015.7,DEMO
2026-08-25 06:00:00,HHHT005,二十九中,40.78,111.7,玉泉区,23.9,32.2,13.5,33.4,57.4,0.87,34,20.3,41.4,2.4,96.6,0.0,1015.1,DEMO
2026-08-25 06:00:00,HHHT006,工大金川校区,40.76,111.62,土默特左旗,24.4,31.4,18.4,37.2,53.5,0.69,35,24.2,56.9,4.9,92.4,0.0,1017.1,DEMO
2026-08-25 07:00:00,HHHT001,呼和浩特市环境监测中心站,40.8421,111.749,新城区,24.4,31.0,12.9,39.1,61.6,0.74,35,20.2,38.0,3.7,289.9,0.0,1011.1,DEMO
2026-08-25 07:00:00,HHHT002,如意开发区,40.825,111.8,赛罕区,32.7,41.3,10.1,29.8,48.3,0.95,47,22.7,31.6,2.1,199.6,0.0,1026.2,DEMO
2026-08-25 07:00:00,HHHT003,呼市一监,40.81,111.67,回民区,23.0,31.7,16.0,29.6,60.0,0.77,33,24.6,78.2,3.5,286.3,0.0,1008.1,DEMO
2026-08-25 07:00:00,HHHT004,小召前街,40.805,111.665,回民区,34.7,47.0,16.2,30.6,61.0,0.78,50,20.6,48.7,6.0,180.7,0.0,1017.1,DEMO
2026-08-25 07:00:00,HHHT005,二十九中,40.78,111.7,玉泉区,31.6,45.8,16.3,28.1,54.5,0.8,45,23.7,33.5,4.8,13.3,0.0,1014.7,DEMO
2026-08-25 07:00:00,HHHT006,工大金川校区,40.76,111.62,土默特左旗,20.6,32.8,8.6,40.5,48.9,0.77,29,20.1,48.2,1.3,268.3,2.8,1007.6,DEMO
2026-08-25 08:00:00,HHHT001,呼和浩特市环境监测中心站,40.8421,111.749,新城区,26.3,38.7,12.9,37.1,57.7,0.87,38,26.3,48.1,4.7,139.1,0.0,1010.1,DEMO
2026-08-25 08:00:00,HHHT002,如意开发区,40.825,111.8,赛罕区,42.4,58.3,9.3,30.7,45.8,0.94,59,24.1,38.6,0.3,359.4,0.0,1005.8,DEMO
2026-08-25 08:00:00,HHHT003,呼市一监,40.81,111.67,回民区,28.4,42.5,10.2,38.7,45.5,0.67,41,21.3,63.4,2.5,227.3,0.0,1015.2,DEMO
2026-08-25 08:00:00,HHHT004,小召前街,40.805,111.665,回民区,34.1,48.3,12.9,34.2,66.3,0.94,49,20.9,56.0,1.2,12.8,0.0,1011.6,DEMO
2026-08-25 08:00:00,HHHT005,二十九中,40.78,111.7,玉泉区,19.9,25.8,13.8,24.5,56.5,0.62,28,24.7,58.0,2.7,296.9,0.0,1015.0,DEMO
2026-08-25 08:00:00,HHHT006,工大金川校区,40.76,111.62,土默特左旗,34.1,43.3,12.9,27.3,46.8,0.89,49,17.8,31.2,3.3,134.5,0.0,1011.6,DEMO
2026-08-25 09:00:00,HHHT001,呼和浩特市环境监测中心站,40.8421,111.749,新城区,23.5,32.8,14.8,29.2,57.5,0.76,34,22.1,53.8,2.3,244.4,0.0,1008.0,DEMO
2026-08-25 09:00:00,HHHT002,如意开发区,40.825,111.8,赛罕区,26.2,35.9,13.9,31.3,55.6,0.72,37,20.8,48.2,3.0,320.1,0.0,1009.6,DEMO
2026-08-25 09:00:00,HHHT003,呼市一监,40.81,111.67,回民区,33.4,43.8,10.8,30.1,45.7,0.79,48,22.7,70.8,3.9,42.1,0.0,1011.8,DEMO
2026-08-25 09:00:00,HHHT004,小召前街,40.805,111.665,回民区,36.4,54.2,11.9,33.3,55.8,0.96,52,27.0,57.6,4.1,38.0,0.0,1011.3,DEMO
2026-08-25 09:00:00,HHHT005,二十九中,40.78,111.7,玉泉区,31.5,46.1,11.7,37.5,49.1,0.88,45,24.1,47.1,1.7,121.5,0.0,1007.7,DEMO
2026-08-25 09:00:00,HHHT006,工大金川校区,40.76,111.62,土默特左旗,19.4,26.5,14.1,26.3,55.9,0.97,28,25.7,50.2,1.5,119.2,0.0,1010.2,DEMO
2026-08-25 10:00:00,HHHT001,呼和浩特市环境监测中心站,40.8421,111.749,新城区,11.5,16.8,11.2,22.0,51.0,0.85,16,18.4,44.3,2.0,40.8,0.0,1013.2,DEMO
2026-08-25 10:00:00,HHHT002,如意开发区,40.825,111.8,赛罕区,31.4,44.8,15.6,37.5,62.4,0.8,45,19.1,45.9,2.8,146.1,0.0,1011.4,DEMO
2026-08-25 10:00:00,HHHT003,呼市一监,40.81,111.67,回民区,24.3,30.7,15.0,33.5,59.4,0.86,35,25.4,35.7,1.9,5.9,0.0,1010.8,DEMO
2026-08-25 10:00:00,HHHT004,小召前街,40.805,111.665,回民区,38.9,55.9,16.8,33.9,54.7,1.05,55,21.3,72.7,3.4,228.6,0.0,1016.6,DEMO
2026-08-25 10:00:00,HHHT005,二十九中,40.78,111.7,玉泉区,25.3,31.7,15.7,29.9,35.7,0.79,36,14.6,44.6,1.7,85.7,0.0,1009.3,DEMO
2026-08-25 10:00:00,HHHT006,工大金川校区,40.76,111.62,土默特左旗,15.6,22.6,14.7,35.8,51.2,0.78,22,21.0,60.8,4.0,230.0,0.0,1009.4,DEMO
2026-08-25 11:00:00,HHHT001,呼和浩特市环境监测中心站,40.8421,111.749,新城区,20.4,28.9,13.5,35.4,56.4,0.87,29,23.2,45.7,4.6,334.5,0.0,1013.7,DEMO
2026-08-25 11:00:00,HHHT002,如意开发区,40.825,111.8,赛罕区,32.0,43.6,8.7,32.9,59.8,0.71,46,19.7,50.4,2.1,254.1,0.0,1009.7,DEMO
2026-08-25 11:00:00,HHHT003,呼市一监,40.81,111.67,回民区,18.9,26.0,17.2,27.4,70.1,0.76,27,19.6,51.8,4.2,33.5,0.0,1014.9,DEMO
2026-08-25 11:00:00,HHHT004,小召前街,40.805,111.665,回民区,39.2,50.1,11.5,31.9,42.1,0.98,55,18.3,67.4,2.9,116.8,0.0,1014.8,DEMO
2026-08-25 11:00:00,HHHT005,二十九中,40.78,111.7,玉泉区,23.9,32.1,14.4,41.8,53.9,0.74,34,22.9,39.8,2.2,103.8,0.0,1015.4,DEMO
2026-08-25 11:00:00,HHHT006,工大金川校区,40.76,111.62,土默特左旗,15.1,21.9,12.1,42.4,52.5,0.68,22,20.9,49.9,1.3,32.3,0.0,1009.2,DEMO
2026-08-25 12:00:00,HHHT001,呼和浩特市环境监测中心站,40.8421,111.749,新城区,11.8,15.3,11.1,28.1,75.2,0.65,17,21.8,33.7,3.7,9.1,0.0,1006.4,DEMO
2026-08-25 12:00:00,HHHT002,如意开发区,40.825,111.8,赛罕区,30.6,45.7,9.6,34.4,57.9,0.88,44,24.0,36.2,1.9,324.0,0.0,1011.1,DEMO
2026-08-25 12:00:00,HHHT003,呼市一监,40.81,111.67,回民区,28.1,37.9,15.8,22.2,53.4,0.78,40,25.0,29.4,2.0,214.2,0.0,1011.2,DEMO
2026-08-25 12:00:00,HHHT004,小召前街,40.805,111.665,回民区,32.6,41.4,18.5,34.2,49.5,0.69,47,19.6,38.8,1.0,114.9,0.0,1013.5,DEMO
2026-08-25 12:00:00,HHHT005,二十九中,40.78,111.7,玉泉区,21.9,28.6,14.9,21.6,49.5,0.83,31,19.3,43.6,3.2,302.2,0.0,1012.8,DEMO
2026-08-25 12:00:00,HHHT006,工大金川校区,40.76,111.62,土默特左旗,16.9,23.4,7.9,24.8,56.2,0.66,24,20.6,59.1,2.2,265.1,0.0,1015.6,DEMO
2026-08-25 13:00:00,HHHT001,呼和浩特市环境监测中心站,40.8421,111.749,新城区,21.6,31.0,7.1,28.0,57.1,0.73,31,21.4,54.7,4.5,87.4,0.0,1019.2,DEMO
2026-08-25 13:00:00,HHHT002,如意开发区,40.825,111.8,赛罕区,29.8,41.2,13.7,38.9,52.9,0.83,43,23.4,47.0,1.2,230.8,0.0,1014.1,DEMO
2026-08-25 13:00:00,HHHT003,呼市一监,40.81,111.67,回民区,26.8,34.4,14.5,32.1,58.9,0.71,38,24.8,33.0,4.9,210.4,0.0,1017.4,DEMO
2026-08-25 13:00:00,HHHT004,小召前街,40.805,111.665,回民区,45.6,60.5,17.3,38.4,57.7,1.07,63,22.3,77.8,1.0,130.0,0.0,1018.6,DEMO
2026-08-25 13:00:00,HHHT005,二十九中,40.78,111.7,玉泉区,21.5,27.3,14.3,28.6,77.5,0.58,31,28.1,44.9,3.5,141.7,0.0,1013.9,DEMO
2026-08-25 13:00:00,HHHT006,工大金川校区,40.76,111.62,土默特左旗,10.8,14.5,14.9,32.8,63.0,0.57,15,22.9,34.6,4.3,66.8,0.0,1017.4,DEMO
2026-08-25 14:00:00,HHHT001,呼和浩特市环境监测中心站,40.8421,111.749,新城区,14.8,19.0,14.3,35.2,60.2,0.85,21,24.5,44.9,2.3,104.0,0.0,1007.8,DEMO
2026-08-25 14:00:00,HHHT002,如意开发区,40.825,111.8,赛罕区,24.9,32.3,11.5,29.1,55.2,0.8,36,17.5,42.1,3.1,78.1,0.0,1013.9,DEMO
2026-08-25 14:00:00,HHHT003,呼市一监,40.81,111.67,回民区,38.5,54.3,16.0,35.5,54.6,0.95,54,24.7,31.3,5.0,131.1,0.0,1007.7,DEMO
2026-08-25 14:00:00,HHHT004,小召前街,40.805,111.665,回民区,31.7,43.8,8.5,27.1,59.6,0.81,45,19.6,37.0,2.8,60.8,0.0,1011.1,DEMO
2026-08-25 14:00:00,HHHT005,二十九中,40.78,111.7,玉泉区,11.1,15.7,10.5,30.7,58.8,0.89,16,30.5,43.5,3.7,202.3,0.0,1010.9,DEMO
2026-08-25 14:00:00,HHHT006,工大金川校区,40.76,111.62,土默特左旗,9.7,12.6,16.8,33.4,67.8,0.74,14,23.3,51.2,0.8,65.5,0.0,1013.7,DEMO
2026-08-25 15:00:00,HHHT001,呼和浩特市环境监测中心站,40.8421,111.749,新城区,15.5,24.5,14.7,32.4,74.9,0.8,22,17.7,32.2,4.5,265.1,1.1,1008.4,DEMO
2026-08-25 15:00:00,HHHT002,如意开发区,40.825,111.8,赛罕区,30.9,43.3,9.3,34.1,66.2,0.96,44,27.4,44.3,2.4,72.9,0.0,1009.2,DEMO
2026-08-25 15:00:00,HHHT003,呼市一监,40.81,111.67,回民区,27.1,38.6,14.0,36.5,45.9,0.91,39,19.9,61.0,2.7,76.9,0.0,1016.6,DEMO
2026-08-25 15:00:00,HHHT004,小召前街,40.805,111.665,回民区,35.7,45.4,20.1,45.1,63.5,0.89,51,27.9,41.7,3.7,119.4,0.0,1009.4,DEMO
2026-08-25 15:00:00,HHHT005,二十九中,40.78,111.7,玉泉区,29.3,42.9,12.4,39.3,63.2,0.87,42,26.9,15,2.2,332.7,0.0,1014.4,DEMO
2026-08-25 15:00:00,HHHT006,工大金川校区,40.76,111.62,土默特左旗,10.7,14.5,9.5,30.9,69.1,0.52,15,25.3,43.9,2.6,194.1,0.0,1004.2,DEMO
2026-08-25 16:00:00,HHHT001,呼和浩特市环境监测中心站,40.8421,111.749,新城区,19.8,29.0,15.3,34.2,57.0,0.7,28,22.5,51.2,3.2,330.2,0.0,1012.2,DEMO
2026-08-25 16:00:00,HHHT002,如意开发区,40.825,111.8,赛罕区,39.3,56.1,16.7,32.4,47.3,0.88,55,20.4,62.0,5.9,136.5,0.0,1006.8,DEMO
2026-08-25 16:00:00,HHHT003,呼市一监,40.81,111.67,回民区,19.4,27.7,11.8,28.5,61.6,0.85,28,18.1,66.8,3.3,256.3,0.0,1006.8,DEMO
2026-08-25 16:00:00,HHHT004,小召前街,40.805,111.665,回民区,27.8,37.9,13.1,35.6,56.1,0.77,40,19.5,42.3,0.8,302.2,0.0,1014.1,DEMO
2026-08-25 16:00:00,HHHT005,二十九中,40.78,111.7,玉泉区,22.2,30.9,12.7,35.8,65.1,0.62,32,27.7,42.3,3.1,307.8,0.0,1005.3,DEMO
2026-08-25 16:00:00,HHHT006,工大金川校区,40.76,111.62,土默特左旗,10.0,16.5,13.2,30.2,68.2,0.48,14,21.5,24.9,1.0,44.3,2.0,1013.8,DEMO
2026-08-25 17:00:00,HHHT001,呼和浩特市环境监测中心站,40.8421,111.749,新城区,25.1,33.8,10.7,29.2,55.5,0.73,36,23.3,55.5,2.5,307.7,0.0,1018.9,DEMO
2026-08-25 17:00:00,HHHT002,如意开发区,40.825,111.8,赛罕区,35.9,50.3,14.1,33.2,58.8,0.89,51,13.5,56.1,2.3,107.9,0.0,1014.3,DEMO
2026-08-25 17:00:00,HHHT003,呼市一监,40.81,111.67,回民区,33.8,49.2,10.6,32.2,47.8,0.78,48,21.1,57.8,0.9,355.2,0.0,1009.2,DEMO
2026-08-25 17:00:00,HHHT004,小召前街,40.805,111.665,回民区,39.4,58.4,14.6,29.5,52.9,0.96,56,22.8,70.1,2.8,258.3,0.0,1015.1,DEMO
2026-08-25 17:00:00,HHHT005,二十九中,40.78,111.7,玉泉区,26.7,33.9,13.5,27.6,54.1,0.86,38,19.6,32.8,4.3,303.6,0.0,1012.1,DEMO
2026-08-25 17:00:00,HHHT006,工大金川校区,40.76,111.62,土默特左旗,7.2,9.4,13.0,28.9,46.3,0.65,10,24.7,37.8,1.4,302.9,0.0,1020.1,DEMO
2026-08-25 18:00:00,HHHT001,呼和浩特市环境监测中心站,40.8421,111.749,新城区,26.3,34.7,13.7,30.3,51.6,0.85,38,25.6,49.5,3.1,51.7,0.0,1013.8,DEMO
2026-08-25 18:00:00,HHHT002,如意开发区,40.825,111.8,赛罕区,35.9,51.1,11.3,31.1,61.2,0.96,51,23.6,43.7,1.9,155.0,0.0,1021.1,DEMO
2026-08-25 18:00:00,HHHT003,呼市一监,40.81,111.67,回民区,32.4,41.6,14.3,30.1,49.8,0.98,46,23.1,46.6,3.6,134.8,0.0,1009.6,DEMO
2026-08-25 18:00:00,HHHT004,小召前街,40.805,111.665,回民区,41.0,53.2,15.2,30.6,54.0,0.86,58,19.0,50.8,2.4,358.9,0.0,1014.5,DEMO
2026-08-25 18:00:00,HHHT005,二十九中,40.78,111.7,玉泉区,23.4,34.8,13.7,33.4,58.1,0.72,33,22.4,52.3,1.5,9.2,0.0,1014.2,DEMO
2026-08-25 18:00:00,HHHT006,工大金川校区,40.76,111.62,土默特左旗,31.1,43.0,12.6,35.6,59.2,0.88,44,20.3,61.6,3.1,343.7,0.0,1008.0,DEMO
2026-08-25 19:00:00,HHHT001,呼和浩特市环境监测中心站,40.8421,111.749,新城区,15.2,21.1,13.3,33.1,54.9,0.71,22,23.8,57.8,1.2,260.4,0.0,1006.5,DEMO
2026-08-25 19:00:00,HHHT002,如意开发区,40.825,111.8,赛罕区,39.2,57.4,9.9,28.5,66.9,0.85,55,22.7,62.9,0.4,242.3,0.0,1014.6,DEMO
2026-08-25 19:00:00,HHHT003,呼市一监,40.81,111.67,回民区,36.6,48.8,12.1,35.9,42.4,1.02,52,21.7,53.6,3.2,264.7,0.0,1013.8,DEMO
2026-08-25 19:00:00,HHHT004,小召前街,40.805,111.665,回民区,36.4,51.2,13.8,35.0,45.4,0.89,52,22.1,42.7,1.8,134.1,0.0,1017.8,DEMO
2026-08-25 19:00:00,HHHT005,二十九中,40.78,111.7,玉泉区,17.8,27.8,12.3,31.1,60.2,0.78,25,26.1,40.1,0.3,238.4,0.6,1012.2,DEMO
2026-08-25 19:00:00,HHHT006,工大金川校区,40.76,111.62,土默特左旗,19.4,25.7,14.3,30.9,44.3,0.88,28,27.0,36.2,2.9,251.2,0.0,1019.8,DEMO
2026-08-25 20:00:00,HHHT001,呼和浩特市环境监测中心站,40.8421,111.749,新城区,20.5,26.3,7.6,28.0,47.2,0.73,29,19.7,45.8,6.5,117.8,0.0,1011.1,DEMO
2026-08-25 20:00:00,HHHT002,如意开发区,40.825,111.8,赛罕区,40.6,53.1,16.3,35.2,30.9,0.86,57,22.4,49.3,2.1,60.2,0.0,1011.9,DEMO
2026-08-25 20:00:00,HHHT003,呼市一监,40.81,111.67,回民区,29.7,41.2,11.0,37.7,61.3,0.74,42,30.8,44.2,3.5,22.6,0.0,1010.3,DEMO
2026-08-25 20:00:00,HHHT004,小召前街,40.805,111.665,回民区,46.1,65.8,12.1,33.6,46.0,1.03,64,21.2,61.5,1.3,167.5,0.0,1006.7,DEMO
2026-08-25 20:00:00,HHHT005,二十九中,40.78,111.7,玉泉区,28.3,35.6,14.7,36.6,50.1,0.88,40,26.0,48.4,4.0,258.4,0.0,1015.0,DEMO
2026-08-25 20:00:00,HHHT006,工大金川校区,40.76,111.62,土默特左旗,14.5,20.0,9.3,24.6,55.0,0.65,21,26.1,53.1,2.6,346.5,0.0,1005.7,DEMO
2026-08-25 21:00:00,HHHT001,呼和浩特市环境监测中心站,40.8421,111.749,新城区,6.5,11.0,13.2,26.7,49.5,0.59,9,17.8,45.5,5.3,287.1,0.6,1011.0,DEMO
2026-08-25 21:00:00,HHHT002,如意开发区,40.825,111.8,赛罕区,27.7,40.4,11.0,33.0,51.9,0.84,40,17.3,51.7,2.8,168.9,0.0,1011.0,DEMO
2026-08-25 21:00:00,HHHT003,呼市一监,40.81,111.67,回民区,26.6,34.2,12.2,31.1,57.4,0.75,38,18.0,46.8,4.0,273.1,0.0,1013.6,DEMO
2026-08-25 21:00:00,HHHT004,小召前街,40.805,111.665,回民区,36.7,47.0,11.0,30.6,47.5,0.85,52,21.0,29.4,2.5,45.4,0.0,1007.6,DEMO
2026-08-25 21:00:00,HHHT005,二十九中,40.78,111.7,玉泉区,19.1,26.3,17.0,26.1,58.2,0.81,27,19.6,57.4,2.0,231.7,0.0,1011.3,DEMO
2026-08-25 21:00:00,HHHT006,工大金川校区,40.76,111.62,土默特左旗,11.5,15.1,14.6,31.1,51.2,0.69,16,21.7,40.1,1.8,57.7,0.0,1017.7,DEMO
2026-08-25 22:00:00,HHHT001,呼和浩特市环境监测中心站,40.8421,111.749,新城区,14.1,18.5,11.1,25.7,54.9,0.76,20,26.4,65.6,4.9,134.3,0.0,1016.3,DEMO
2026-08-25 22:00:00,HHHT002,如意开发区,40.825,111.8,赛罕区,24.7,34.9,9.7,40.5,56.5,0.92,35,27.1,44.2,2.7,293.5,0.0,1005.0,DEMO
2026-08-25 22:00:00,HHHT003,呼市一监,40.81,111.67,回民区,31.4,43.8,9.8,36.0,64.3,0.84,45,20.8,33.7,1.8,165.1,0.0,1009.5,DEMO
2026-08-25 22:00:00,HHHT004,小召前街,40.805,111.665,回民区,28.6,49.5,15.6,28.3,50.6,0.8,41,21.2,47.8,2.5,144.6,1.1,1016.2,DEMO
2026-08-25 22:00:00,HHHT005,二十九中,40.78,111.7,玉泉区,24.7,35.4,13.5,37.5,53.1,0.84,35,25.9,43.8,2.8,233.1,0.0,1007.7,DEMO
2026-08-25 22:00:00,HHHT006,工大金川校区,40.76,111.62,土默特左旗,10.7,15.2,13.0,30.3,61.6,0.64,15,25.6,49.6,1.5,248.8,0.0,1013.1,DEMO
2026-08-25 23:00:00,HHHT001,呼和浩特市环境监测中心站,40.8421,111.749,新城区,13.8,18.9,15.8,23.8,58.8,0.83,20,19.8,39.0,4.3,316.8,0.0,1018.6,DEMO
2026-08-25 23:00:00,HHHT002,如意开发区,40.825,111.8,赛罕区,32.0,43.8,18.6,40.9,52.7,0.81,46,23.0,31.5,3.9,129.7,0.0,1016.5,DEMO
2026-08-25 23:00:00,HHHT003,呼市一监,40.81,111.67,回民区,23.7,33.7,15.9,32.2,48.8,0.82,34,19.3,46.8,1.9,127.4,0.0,1012.0,DEMO
2026-08-25 23:00:00,HHHT004,小召前街,40.805,111.665,回民区,30.8,43.7,13.0,24.4,44.3,0.79,44,25.3,47.3,3.0,84.2,0.0,1008.4,DEMO
2026-08-25 23:00:00,HHHT005,二十九中,40.78,111.7,玉泉区,14.9,21.3,16.6,39.8,50.0,0.72,21,20.8,70.1,5.5,155.3,0.0,1006.2,DEMO
2026-08-25 23:00:00,HHHT006,工大金川校区,40.76,111.62,土默特左旗,7.2,10.6,11.7,36.3,58.8,0.72,10,22.6,53.0,2.4,45.7,0.0,1013.3,DEMO
2026-08-26 00:00:00,HHHT001,呼和浩特市环境监测中心站,40.8421,111.749,新城区,19.8,28.1,9.9,24.9,47.3,0.64,28,22.1,54.6,2.6,130.0,0.0,1014.8,DEMO
2026-08-26 00:00:00,HHHT002,如意开发区,40.825,111.8,赛罕区,34.8,45.3,12.5,31.2,38.1,0.99,50,21.3,62.9,1.8,138.8,0.0,1016.4,DEMO
2026-08-26 00:00:00,HHHT003,呼市一监,40.81,111.67,回民区,29.4,42.7,11.2,33.2,45.0,0.92,42,21.3,44.8,3.1,292.4,0.0,1010.6,DEMO
2026-08-26 00:00:00,HHHT004,小召前街,40.805,111.665,回民区,38.6,51.1,12.8,43.4,49.6,0.8,55,20.8,37.5,3.0,241.9,0.0,1017.6,DEMO
2026-08-26 00:00:00,HHHT005,二十九中,40.78,111.7,玉泉区,15.2,19.2,15.5,35.1,45.5,0.76,22,18.5,68.2,3.0,227.0,0.0,1012.2,DEMO
2026-08-26 00:00:00,HHHT006,工大金川校区,40.76,111.62,土默特左旗,29.7,44.4,18.0,37.3,48.3,0.87,42,20.0,57.3,2.2,336.0,0.0,1008.3,DEMO
2026-08-26 01:00:00,HHHT001,呼和浩特市环境监测中心站,40.8421,111.749,新城区,18.8,27.7,11.9,37.0,47.0,0.72,27,19.9,26.2,1.5,293.2,0.0,1014.9,DEMO
2026-08-26 01:00:00,HHHT002,如意开发区,40.825,111.8,赛罕区,44.9,60.7,10.5,35.9,57.4,0.97,62,16.6,38.1,2.7,143.6,0.0,1017.0,DEMO
2026-08-26 01:00:00,HHHT003,呼市一监,40.81,111.67,回民区,26.4,37.7,12.7,30.1,46.9,0.88,38,20.2,72.8,4.8,20.6,0.0,1009.6,DEMO
2026-08-26 01:00:00,HHHT004,小召前街,40.805,111.665,回民区,39.3,58.6,14.2,25.4,36.8,0.9,55,21.7,41.3,1.2,340.9,0.0,1012.5,DEMO
2026-08-26 01:00:00,HHHT005,二十九中,40.78,111.7,玉泉区,35.3,49.1,15.7,31.6,60.4,0.91,50,22.6,59.4,3.8,80.3,0.0,1016.3,DEMO
2026-08-26 01:00:00,HHHT006,工大金川校区,40.76,111.62,土默特左旗,19.8,28.3,9.4,24.4,49.5,0.81,28,27.6,66.5,4.8,308.0,0.0,1011.2,DEMO
2026-08-26 02:00:00,HHHT001,呼和浩特市环境监测中心站,40.8421,111.749,新城区,9.0,11.6,12.9,36.5,56.2,0.84,13,22.9,38.1,4.3,151.4,0.0,1015.9,DEMO
2026-08-26 02:00:00,HHHT002,如意开发区,40.825,111.8,赛罕区,29.0,38.8,12.0,28.7,45.5,0.9,41,17.9,47.4,4.7,232.0,0.0,1004.8,DEMO
2026-08-26 02:00:00,HHHT003,呼市一监,40.81,111.67,回民区,25.9,33.7,16.3,32.1,51.8,0.8,37,27.5,45.6,3.0,193.3,0.0,1015.2,DEMO
2026-08-26 02:00:00,HHHT004,小召前街,40.805,111.665,回民区,28.3,47.2,13.8,29.3,41.3,0.74,40,21.9,43.1,1.5,136.4,0.7,1011.9,DEMO
2026-08-26 02:00:00,HHHT005,二十九中,40.78,111.7,玉泉区,31.0,53.7,15.5,36.2,41.1,0.9,44,19.0,51.9,4.6,85.1,0.2,1011.4,DEMO
2026-08-26 02:00:00,HHHT006,工大金川校区,40.76,111.62,土默特左旗,17.2,24.9,12.9,33.6,51.6,0.96,25,23.9,51.8,4.0,87.8,0.0,1013.4,DEMO
2026-08-26 03:00:00,HHHT001,呼和浩特市环境监测中心站,40.8421,111.749,新城区,25.4,33.3,15.1,23.9,52.7,0.89,36,21.2,18.9,2.4,206.1,0.0,1012.2,DEMO
2026-08-26 03:00:00,HHHT002,如意开发区,40.825,111.8,赛罕区,30.2,45.4,16.7,34.7,56.9,0.98,43,26.0,32.4,3.6,59.3,1.0,1010.7,DEMO
2026-08-26 03:00:00,HHHT003,呼市一监,40.81,111.67,回民区,32.9,46.3,9.7,28.5,49.2,0.89,47,25.1,60.0,2.6,110.7,0.0,1016.8,DEMO
2026-08-26 03:00:00,HHHT004,小召前街,40.805,111.665,回民区,28.5,36.8,12.5,25.7,50.2,0.88,41,22.0,55.4,2.4,325.8,0.0,1016.7,DEMO
2026-08-26 03:00:00,HHHT005,二十九中,40.78,111.7,玉泉区,15.3,20.1,11.9,25.0,45.3,0.78,22,27.1,49.0,2.1,19.3,0.0,1017.5,DEMO
2026-08-26 03:00:00,HHHT006,工大金川校区,40.76,111.62,土默特左旗,17.4,25.4,17.0,26.6,44.3,0.75,25,27.9,34.1,3.9,320.3,0.0,1011.4,DEMO
2026-08-26 04:00:00,HHHT001,呼和浩特市环境监测中心站,40.8421,111.749,新城区,27.0,38.2,12.8,31.4,56.0,0.85,39,21.5,37.5,2.7,73.6,0.0,1010.1,DEMO
2026-08-26 04:00:00,HHHT002,如意开发区,40.825,111.8,赛罕区,22.3,30.0,10.5,31.5,58.8,0.86,32,21.6,34.0,1.8,131.2,0.0,1008.9,DEMO
2026-08-26 04:00:00,HHHT003,呼市一监,40.81,111.67,回民区,32.2,41.1,10.3,35.1,59.2,0.89,46,27.5,51.4,3.4,253.4,0.0,1014.6,DEMO
2026-08-26 04:00:00,HHHT004,小召前街,40.805,111.665,回民区,27.6,38.8,13.9,26.2,35.4,0.88,39,23.5,45.6,5.1,56.7,0.0,1012.8,DEMO
2026-08-26 04:00:00,HHHT005,二十九中,40.78,111.7,玉泉区,20.8,29.9,17.2,34.1,60.8,0.77,30,22.7,60.5,4.3,294.1,0.0,1007.4,DEMO
2026-08-26 04:00:00,HHHT006,工大金川校区,40.76,111.62,土默特左旗,16.0,20.7,10.6,26.2,65.0,0.66,23,18.4,38.9,2.6,307.4,0.0,1012.6,DEMO
2026-08-26 05:00:00,HHHT001,呼和浩特市环境监测中心站,40.8421,111.749,新城区,7.0,10.0,15.4,26.8,54.9,0.56,10,20.7,43.8,4.8,291.9,0.0,1015.3,DEMO
2026-08-26 05:00:00,HHHT002,如意开发区,40.825,111.8,赛罕区,28.6,41.0,9.3,31.8,35.5,0.8,41,24.6,34.1,3.6,207.4,0.0,1011.4,DEMO
2026-08-26 05:00:00,HHHT003,呼市一监,40.81,111.67,回民区,31.6,53.2,14.2,29.8,52.3,1.1,45,22.9,52.6,2.2,37.5,1.9,1011.0,DEMO
2026-08-26 05:00:00,HHHT004,小召前街,40.805,111.665,回民区,39.6,59.3,18.1,39.1,50.9,0.96,56,16.9,44.8,2.6,9.4,0.0,1018.2,DEMO
2026-08-26 05:00:00,HHHT005,二十九中,40.78,111.7,玉泉区,24.6,33.7,13.0,26.4,52.1,0.94,35,20.2,44.8,4.3,327.7,0.0,1015.1,DEMO
2026-08-26 05:00:00,HHHT006,工大金川校区,40.76,111.62,土默特左旗,12.1,17.0,13.8,28.0,50.7,0.71,17,20.0,29.5,4.5,214.0,0.0,1007.6,DEMO
2026-08-26 06:00:00,HHHT001,呼和浩特市环境监测中心站,40.8421,111.749,新城区,28.0,41.6,14.9,34.4,37.3,0.77,40,22.7,32.7,2.2,243.8,0.0,1013.6,DEMO
2026-08-26 06:00:00,HHHT002,如意开发区,40.825,111.8,赛罕区,38.1,52.6,11.5,35.0,38.3,0.87,54,23.2,43.3,3.3,156.0,0.0,1006.0,DEMO
2026-08-26 06:00:00,HHHT003,呼市一监,40.81,111.67,回民区,45.9,66.6,11.2,51.5,48.3,0.95,64,25.1,48.6,1.5,209.1,0.0,1004.9,DEMO
2026-08-26 06:00:00,HHHT004,小召前街,40.805,111.665,回民区,53.8,68.5,16.6,31.2,48.2,1.13,73,21.0,29.3,2.7,265.9,0.0,1015.8,DEMO
2026-08-26 06:00:00,HHHT005,二十九中,40.78,111.7,玉泉区,26.0,38.8,16.8,32.9,46.6,0.62,37,20.2,45.4,5.0,166.6,0.0,1013.6,DEMO
2026-08-26 06:00:00,HHHT006,工大金川校区,40.76,111.62,土默特左旗,17.0,22.4,12.1,33.9,55.1,0.68,24,24.9,34.8,1.0,290.7,0.0,1011.4,DEMO
2026-08-26 07:00:00,HHHT001,呼和浩特市环境监测中心站,40.8421,111.749,新城区,33.3,49.1,15.4,31.0,56.2,1.08,48,22.3,47.6,2.5,240.4,0.0,1009.6,DEMO
2026-08-26 07:00:00,HHHT002,如意开发区,40.825,111.8,赛罕区,41.0,59.0,16.8,33.5,47.8,1.08,58,25.9,47.1,2.9,277.0,0.0,1016.4,DEMO
2026-08-26 07:00:00,HHHT003,呼市一监,40.81,111.67,回民区,35.9,48.2,13.5,30.3,33.8,0.83,51,25.9,59.7,2.4,147.3,0.0,1010.5,DEMO
2026-08-26 07:00:00,HHHT004,小召前街,40.805,111.665,回民区,51.5,71.3,15.5,34.2,59.0,1.09,71,16.0,61.0,1.2,275.3,0.0,1008.0,DEMO
2026-08-26 07:00:00,HHHT005,二十九中,40.78,111.7,玉泉区,30.5,39.8,16.4,33.8,51.9,1.04,44,23.3,23.5,2.1,347.9,0.0,1016.3,DEMO
2026-08-26 07:00:00,HHHT006,工大金川校区,40.76,111.62,土默特左旗,27.2,35.4,15.4,28.4,47.4,1.0,39,22.3,45.8,3.7,59.1,0.0,1014.3,DEMO
2026-08-26 08:00:00,HHHT001,呼和浩特市环境监测中心站,40.8421,111.749,新城区,18.4,32.4,17.4,31.1,57.1,1.11,26,19.6,38.1,3.1,35.3,3.8,1021.1,DEMO
2026-08-26 08:00:00,HHHT002,如意开发区,40.825,111.8,赛罕区,44.9,67.0,11.4,40.8,48.5,0.94,62,14.1,59.4,1.0,212.0,0.0,1013.4,DEMO
2026-08-26 08:00:00,HHHT003,呼市一监,40.81,111.67,回民区,28.3,43.0,12.0,36.7,51.3,0.82,40,18.7,74.1,4.3,303.2,1.3,1011.0,DEMO
2026-08-26 08:00:00,HHHT004,小召前街,40.805,111.665,回民区,44.1,57.2,14.0,25.8,50.3,0.94,61,21.7,28.9,3.0,154.3,0.0,1012.4,DEMO
2026-08-26 08:00:00,HHHT005,二十九中,40.78,111.7,玉泉区,26.6,46.2,7.4,30.7,55.9,0.91,38,18.3,55.5,2.3,276.0,0.2,1008.4,DEMO
2026-08-26 08:00:00,HHHT006,工大金川校区,40.76,111.62,土默特左旗,29.9,38.5,16.0,28.3,54.8,0.99,43,27.3,59.7,2.4,62.9,0.0,1005.8,DEMO
2026-08-26 09:00:00,HHHT001,呼和浩特市环境监测中心站,40.8421,111.749,新城区,30.6,44.7,13.6,34.6,67.9,0.94,44,26.1,36.2,1.4,135.0,0.0,1012.2,DEMO
2026-08-26 09:00:00,HHHT002,如意开发区,40.825,111.8,赛罕区,31.1,46.1,16.7,33.4,52.9,0.78,44,24.7,62.9,3.8,354.8,0.0,1013.0,DEMO
2026-08-26 09:00:00,HHHT003,呼市一监,40.81,111.67,回民区,31.7,43.2,10.8,33.1,50.9,0.82,45,22.0,42.6,1.2,99.7,0.0,1013.6,DEMO
2026-08-26 09:00:00,HHHT004,小召前街,40.805,111.665,回民区,36.2,46.8,20.0,41.1,46.2,1.05,51,25.1,32.1,2.9,243.2,0.0,1015.1,DEMO
2026-08-26 09:00:00,HHHT005,二十九中,40.78,111.7,玉泉区,39.2,57.5,13.5,31.5,53.6,0.82,55,26.4,63.0,1.4,197.9,0.0,1011.4,DEMO
2026-08-26 09:00:00,HHHT006,工大金川校区,40.76,111.62,土默特左旗,27.0,38.8,11.6,31.8,48.3,0.76,39,23.6,54.0,4.8,87.1,0.0,1010.3,DEMO
2026-08-26 10:00:00,HHHT001,呼和浩特市环境监测中心站,40.8421,111.749,新城区,24.0,31.5,14.2,29.3,62.2,0.77,34,20.2,46.5,1.9,328.5,0.0,1011.8,DEMO
2026-08-26 10:00:00,HHHT002,如意开发区,40.825,111.8,赛罕区,35.8,48.3,13.6,28.5,61.5,0.84,51,23.8,37.8,5.9,292.7,0.0,1010.7,DEMO
2026-08-26 10:00:00,HHHT003,呼市一监,40.81,111.67,回民区,31.9,43.2,14.9,32.7,40.2,0.8,46,22.7,48.0,2.7,155.0,0.0,1011.0,DEMO
2026-08-26 10:00:00,HHHT004,小召前街,40.805,111.665,回民区,37.0,52.5,16.6,29.6,41.3,0.88,52,22.1,52.1,6.1,260.6,0.0,1012.8,DEMO
2026-08-26 10:00:00,HHHT005,二十九中,40.78,111.7,玉泉区,33.7,42.6,16.0,33.0,45.7,0.84,48,22.9,49.7,2.2,58.3,0.0,1013.9,DEMO
2026-08-26 10:00:00,HHHT006,工大金川校区,40.76,111.62,土默特左旗,21.3,28.8,11.5,34.9,43.9,0.73,30,22.7,45.4,3.2,342.7,0.0,1021.6,DEMO
2026-08-26 11:00:00,HHHT001,呼和浩特市环境监测中心站,40.8421,111.749,新城区,19.9,26.8,13.2,30.6,65.9,0.83,28,24.3,44.0,3.2,286.2,0.0,1012.9,DEMO
2026-08-26 11:00:00,HHHT002,如意开发区,40.825,111.8,赛罕区,22.4,29.0,11.1,29.1,59.7,0.72,32,18.5,53.6,3.0,304.6,0.0,1009.1,DEMO
2026-08-26 11:00:00,HHHT003,呼市一监,40.81,111.67,回民区,28.5,39.8,11.9,32.7,67.6,0.84,41,24.5,45.2,1.5,174.4,0.0,1006.9,DEMO
2026-08-26 11:00:00,HHHT004,小召前街,40.805,111.665,回民区,52.3,77.6,15.6,31.3,69.6,0.93,72,15.2,37.3,2.1,225.6,0.0,1013.8,DEMO
2026-08-26 11:00:00,HHHT005,二十九中,40.78,111.7,玉泉区,34.7,45.5,15.3,30.2,46.1,0.75,50,21.3,39.2,4.7,155.3,0.0,1012.1,DEMO
2026-08-26 11:00:00,HHHT006,工大金川校区,40.76,111.62,土默特左旗,15.8,22.6,15.0,35.1,55.7,0.6,23,22.2,22.9,0.8,165.1,0.0,1011.3,DEMO
2026-08-26 12:00:00,HHHT001,呼和浩特市环境监测中心站,40.8421,111.749,新城区,27.9,40.9,14.7,35.4,63.0,0.72,40,20.3,54.5,0.8,261.9,0.0,1008.6,DEMO
2026-08-26 12:00:00,HHHT002,如意开发区,40.825,111.8,赛罕区,35.5,46.8,10.2,35.1,52.9,0.79,51,18.8,70.9,3.6,237.1,0.0,1010.1,DEMO
2026-08-26 12:00:00,HHHT003,呼市一监,40.81,111.67,回民区,25.0,34.2,14.5,25.2,75.3,0.93,36,21.6,57.7,4.6,163.5,0.0,1012.4,DEMO
2026-08-26 12:00:00,HHHT004,小召前街,40.805,111.665,回民区,33.5,46.7,16.9,30.5,54.5,0.87,48,16.4,72.3,3.6,302.8,0.0,1008.7,DEMO
2026-08-26 12:00:00,HHHT005,二十九中,40.78,111.7,玉泉区,33.1,43.1,14.4,25.2,61.0,0.9,47,20.3,40.8,2.7,318.2,0.0,1009.5,DEMO
2026-08-26 12:00:00,HHHT006,工大金川校区,40.76,111.62,土默特左旗,14.0,19.5,10.0,35.3,67.5,0.75,20,16.0,29.0,3.8,125.3,0.0,1015.7,DEMO
2026-08-26 13:00:00,HHHT001,呼和浩特市环境监测中心站,40.8421,111.749,新城区,31.3,46.3,16.9,22.5,62.7,0.89,45,30.8,27.5,3.2,299.5,0.0,1009.7,DEMO
2026-08-26 13:00:00,HHHT002,如意开发区,40.825,111.8,赛罕区,34.5,44.6,9.9,23.7,59.5,0.8,49,22.7,45.6,2.3,253.5,0.0,1008.2,DEMO
2026-08-26 13:00:00,HHHT003,呼市一监,40.81,111.67,回民区,31.2,42.2,11.7,30.0,57.8,0.76,45,19.9,32.9,5.9,109.6,0.0,1013.4,DEMO
2026-08-26 13:00:00,HHHT004,小召前街,40.805,111.665,回民区,25.9,38.3,14.4,28.6,69.3,0.74,37,22.6,42.9,2.9,237.5,0.0,1015.0,DEMO
2026-08-26 13:00:00,HHHT005,二十九中,40.78,111.7,玉泉区,35.2,50.2,11.8,35.6,58.5,0.89,50,20.0,52.5,4.3,213.1,0.0,1011.0,DEMO
2026-08-26 13:00:00,HHHT006,工大金川校区,40.76,111.62,土默特左旗,30.4,43.5,11.5,30.6,72.1,0.55,43,23.0,49.9,3.8,310.4,0.0,1016.2,DEMO
2026-08-26 14:00:00,HHHT001,呼和浩特市环境监测中心站,40.8421,111.749,新城区,20.5,30.2,10.5,31.0,55.3,0.78,29,18.5,45.1,3.0,207.3,0.0,1018.3,DEMO
2026-08-26 14:00:00,HHHT002,如意开发区,40.825,111.8,赛罕区,33.7,49.3,16.7,31.2,54.5,0.9,48,23.0,40.9,2.9,335.7,0.0,1015.9,DEMO
2026-08-26 14:00:00,HHHT003,呼市一监,40.81,111.67,回民区,38.5,56.2,9.9,37.8,77.9,0.81,54,20.7,61.4,2.8,7.7,0.0,1007.6,DEMO
2026-08-26 14:00:00,HHHT004,小召前街,40.805,111.665,回民区,26.6,34.2,10.9,30.6,51.3,0.86,38,26.9,38.2,3.6,103.3,0.0,1006.1,DEMO
2026-08-26 14:00:00,HHHT005,二十九中,40.78,111.7,玉泉区,23.7,32.5,11.2,38.6,59.2,1.05,34,22.1,63.9,4.7,96.8,0.0,1006.9,DEMO
2026-08-26 14:00:00,HHHT006,工大金川校区,40.76,111.62,土默特左旗,27.4,37.7,11.3,34.8,67.0,0.93,39,19.5,64.9,4.9,57.3,0.0,1012.0,DEMO
2026-08-26 15:00:00,HHHT001,呼和浩特市环境监测中心站,40.8421,111.749,新城区,15.6,21.2,10.1,30.1,49.0,0.82,22,20.7,44.1,2.3,205.0,0.0,1016.4,DEMO
2026-08-26 15:00:00,HHHT002,如意开发区,40.825,111.8,赛罕区,34.0,47.8,8.9,38.9,60.0,0.82,49,21.0,46.1,2.7,325.3,0.0,1012.5,DEMO
2026-08-26 15:00:00,HHHT003,呼市一监,40.81,111.67,回民区,28.9,36.6,6.3,22.5,53.3,0.79,41,23.8,42.1,3.2,85.4,0.0,1004.7,DEMO
2026-08-26 15:00:00,HHHT004,小召前街,40.805,111.665,回民区,37.4,64.7,16.6,38.3,67.5,0.91,53,19.5,59.5,0.8,98.7,2.8,1008.1,DEMO
2026-08-26 15:00:00,HHHT005,二十九中,40.78,111.7,玉泉区,25.7,34.6,14.2,35.4,55.1,0.61,37,23.1,68.6,1.2,5.5,0.0,1013.8,DEMO
2026-08-26 15:00:00,HHHT006,工大金川校区,40.76,111.62,土默特左旗,21.8,29.6,15.5,26.5,59.2,0.85,31,21.3,27.3,2.0,200.0,0.0,1012.1,DEMO
2026-08-26 16:00:00,HHHT001,呼和浩特市环境监测中心站,40.8421,111.749,新城区,17.9,24.9,15.0,31.3,71.3,0.97,26,19.1,42.0,1.9,239.6,0.0,1015.8,DEMO
2026-08-26 16:00:00,HHHT002,如意开发区,40.825,111.8,赛罕区,30.5,38.4,12.5,45.6,64.3,0.92,44,22.5,66.3,1.3,328.6,0.0,1014.6,DEMO
2026-08-26 16:00:00,HHHT003,呼市一监,40.81,111.67,回民区,27.7,43.5,15.8,29.3,58.3,0.88,40,21.1,38.3,0.3,43.0,3.0,1006.3,DEMO
2026-08-26 16:00:00,HHHT004,小召前街,40.805,111.665,回民区,23.4,31.5,7.8,31.1,60.9,0.77,33,22.8,45.3,3.7,34.2,0.0,1014.0,DEMO
2026-08-26 16:00:00,HHHT005,二十九中,40.78,111.7,玉泉区,18.2,24.8,19.1,36.1,50.8,0.7,26,21.2,61.2,1.9,92.6,0.0,1012.1,DEMO
2026-08-26 16:00:00,HHHT006,工大金川校区,40.76,111.62,土默特左旗,26.4,36.1,13.6,35.9,49.2,0.82,38,20.4,38.4,2.4,51.8,0.0,1005.8,DEMO
2026-08-26 17:00:00,HHHT001,呼和浩特市环境监测中心站,40.8421,111.749,新城区,34.3,43.5,13.3,38.6,55.3,1.04,49,24.7,47.7,5.2,7.2,0.0,1015.3,DEMO
2026-08-26 17:00:00,HHHT002,如意开发区,40.825,111.8,赛罕区,29.9,45.7,13.2,34.6,64.3,0.76,43,20.4,63.2,6.4,272.0,0.7,1015.7,DEMO
2026-08-26 17:00:00,HHHT003,呼市一监,40.81,111.67,回民区,47.5,60.9,12.3,33.4,55.6,0.9,66,27.5,49.0,1.7,40.9,0.0,1000.8,DEMO
2026-08-26 17:00:00,HHHT004,小召前街,40.805,111.665,回民区,43.5,55.2,11.9,41.5,47.5,0.97,61,24.4,66.7,2.5,297.0,0.0,1007.0,DEMO
2026-08-26 17:00:00,HHHT005,二十九中,40.78,111.7,玉泉区,34.8,50.2,10.1,38.5,50.4,0.83,50,20.8,62.2,4.9,351.5,0.0,1010.4,DEMO
2026-08-26 17:00:00,HHHT006,工大金川校区,40.76,111.62,土默特左旗,28.3,37.6,9.5,33.1,48.8,0.89,40,27.8,46.3,2.9,96.1,0.0,1009.4,DEMO
2026-08-26 18:00:00,HHHT001,呼和浩特市环境监测中心站,40.8421,111.749,新城区,33.5,47.9,15.2,48.8,38.5,0.81,48,22.2,56.0,3.1,353.1,0.0,1014.9,DEMO
2026-08-26 18:00:00,HHHT002,如意开发区,40.825,111.8,赛罕区,37.2,52.6,15.3,27.4,40.6,0.96,53,19.0,37.4,2.6,104.9,0.0,1012.6,DEMO
2026-08-26 18:00:00,HHHT003,呼市一监,40.81,111.67,回民区,44.2,55.5,17.4,39.3,60.3,1.17,62,23.3,39.8,3.3,191.9,0.0,1008.1,DEMO
2026-08-26 18:00:00,HHHT004,小召前街,40.805,111.665,回民区,47.4,67.8,8.9,41.2,42.9,0.93,65,24.7,63.0,2.6,351.1,0.0,1013.4,DEMO
2026-08-26 18:00:00,HHHT005,二十九中,40.78,111.7,玉泉区,26.5,39.2,9.3,30.9,56.4,0.73,38,19.7,49.1,1.5,108.5,0.0,1013.8,DEMO
2026-08-26 18:00:00,HHHT006,工大金川校区,40.76,111.62,土默特左旗,30.2,40.4,12.2,42.2,35.5,0.85,43,16.6,30.9,4.0,49.8,0.0,1008.0,DEMO
2026-08-26 19:00:00,HHHT001,呼和浩特市环境监测中心站,40.8421,111.749,新城区,27.9,39.2,11.3,34.7,61.0,0.77,40,23.2,80.5,2.9,97.4,0.0,1011.5,DEMO
2026-08-26 19:00:00,HHHT002,如意开发区,40.825,111.8,赛罕区,43.3,60.2,11.8,29.0,62.6,0.98,60,25.3,51.4,3.9,189.8,0.0,1013.5,DEMO
2026-08-26 19:00:00,HHHT003,呼市一监,40.81,111.67,回民区,41.5,61.3,15.0,32.5,51.4,0.97,58,13.6,43.5,3.5,342.3,0.0,1014.5,DEMO
2026-08-26 19:00:00,HHHT004,小召前街,40.805,111.665,回民区,40.4,55.5,16.7,38.6,50.7,0.79,57,20.7,34.5,3.0,47.2,0.0,1011.9,DEMO
2026-08-26 19:00:00,HHHT005,二十九中,40.78,111.7,玉泉区,28.9,42.2,10.4,29.8,41.4,0.81,41,16.9,29.0,2.8,236.0,0.0,1013.7,DEMO
2026-08-26 19:00:00,HHHT006,工大金川校区,40.76,111.62,土默特左旗,29.2,43.2,12.0,36.9,53.8,0.69,42,23.0,55.2,2.1,249.2,0.0,1013.6,DEMO
2026-08-26 20:00:00,HHHT001,呼和浩特市环境监测中心站,40.8421,111.749,新城区,31.6,41.5,12.7,26.0,40.8,0.75,45,22.4,39.0,5.1,300.6,0.0,1005.5,DEMO
2026-08-26 20:00:00,HHHT002,如意开发区,40.825,111.8,赛罕区,56.0,81.0,17.3,38.6,34.4,1.06,76,28.4,30.7,3.5,199.0,0.0,1011.5,DEMO
2026-08-26 20:00:00,HHHT003,呼市一监,40.81,111.67,回民区,38.0,55.7,14.5,42.0,44.9,0.79,54,23.8,54.9,2.6,116.9,0.0,1012.6,DEMO
2026-08-26 20:00:00,HHHT004,小召前街,40.805,111.665,回民区,50.2,70.6,16.6,29.5,50.0,1.16,69,19.1,63.0,4.7,250.3,0.0,1010.0,DEMO
2026-08-26 20:00:00,HHHT005,二十九中,40.78,111.7,玉泉区,39.8,56.1,12.0,38.0,37.0,0.93,56,20.8,71.3,1.1,98.6,0.0,1010.7,DEMO
2026-08-26 20:00:00,HHHT006,工大金川校区,40.76,111.62,土默特左旗,24.0,33.3,10.9,28.6,51.8,0.67,34,23.7,44.8,3.5,25.2,0.0,1013.0,DEMO
2026-08-26 21:00:00,HHHT001,呼和浩特市环境监测中心站,40.8421,111.749,新城区,19.9,28.6,11.5,29.0,69.6,0.66,28,16.9,41.6,2.1,338.8,0.0,1009.6,DEMO
2026-08-26 21:00:00,HHHT002,如意开发区,40.825,111.8,赛罕区,41.2,56.4,14.5,40.7,41.3,0.93,58,18.7,55.1,3.4,79.3,0.0,1016.3,DEMO
2026-08-26 21:00:00,HHHT003,呼市一监,40.81,111.67,回民区,40.5,51.6,13.1,37.8,40.7,1.23,57,21.6,37.4,4.1,249.7,0.0,1008.4,DEMO
2026-08-26 21:00:00,HHHT004,小召前街,40.805,111.665,回民区,43.1,63.3,16.5,35.1,62.4,0.95,60,16.3,60.9,1.1,179.2,0.0,1004.9,DEMO
2026-08-26 21:00:00,HHHT005,二十九中,40.78,111.7,玉泉区,24.5,32.9,13.2,25.0,43.5,0.83,35,20.0,33.9,1.3,18.6,0.0,1003.2,DEMO
2026-08-26 21:00:00,HHHT006,工大金川校区,40.76,111.62,土默特左旗,13.2,18.6,17.4,32.2,70.9,0.66,19,21.1,39.2,2.9,356.6,0.0,1015.7,DEMO
2026-08-26 22:00:00,HHHT001,呼和浩特市环境监测中心站,40.8421,111.749,新城区,22.1,33.0,10.2,27.6,54.9,0.66,32,21.1,58.5,1.8,258.3,0.0,1007.8,DEMO
2026-08-26 22:00:00,HHHT002,如意开发区,40.825,111.8,赛罕区,33.3,46.8,12.6,39.5,62.0,1.0,48,22.6,42.8,2.9,43.3,0.0,1011.3,DEMO
2026-08-26 22:00:00,HHHT003,呼市一监,40.81,111.67,回民区,30.7,43.3,13.3,34.2,44.8,0.77,44,22.8,39.4,1.9,282.9,0.0,1010.0,DEMO
2026-08-26 22:00:00,HHHT004,小召前街,40.805,111.665,回民区,36.6,48.4,20.8,40.0,45.8,1.0,52,17.9,47.2,0.8,314.9,0.0,1007.8,DEMO
2026-08-26 22:00:00,HHHT005,二十九中,40.78,111.7,玉泉区,20.0,25.1,11.7,24.2,54.6,0.76,29,17.0,54.5,2.5,320.4,0.0,1015.2,DEMO
2026-08-26 22:00:00,HHHT006,工大金川校区,40.76,111.62,土默特左旗,25.5,39.8,12.3,36.5,56.6,0.69,36,20.9,40.6,2.0,260.3,2.8,1008.7,DEMO
2026-08-26 23:00:00,HHHT001,呼和浩特市环境监测中心站,40.8421,111.749,新城区,16.9,23.3,12.9,34.5,61.9,0.69,24,22.0,48.4,1.6,62.8,0.0,1012.9,DEMO
2026-08-26 23:00:00,HHHT002,如意开发区,40.825,111.8,赛罕区,37.2,52.9,16.9,46.7,48.4,0.88,53,19.8,27.9,4.5,205.9,0.0,1010.0,DEMO
2026-08-26 23:00:00,HHHT003,呼市一监,40.81,111.67,回民区,40.9,57.1,16.3,36.7,52.5,0.99,57,24.7,40.8,0.4,157.9,0.0,1014.6,DEMO
2026-08-26 23:00:00,HHHT004,小召前街,40.805,111.665,回民区,51.8,71.2,16.1,29.0,65.6,1.03,71,20.0,44.6,3.9,336.9,0.0,1009.9,DEMO
2026-08-26 23:00:00,HHHT005,二十九中,40.78,111.7,玉泉区,21.3,26.6,9.2,29.5,47.4,0.73,30,23.3,63.7,2.8,326.9,0.0,1006.4,DEMO
2026-08-26 23:00:00,HHHT006,工大金川校区,40.76,111.62,土默特左旗,21.2,31.5,17.1,29.8,51.9,0.69,30,25.0,59.8,3.7,59.5,0.0,1012.4,DEMO
2026-08-27 00:00:00,HHHT001,呼和浩特市环境监测中心站,40.8421,111.749,新城区,38.4,52.5,7.7,36.6,50.4,0.8,54,22.1,30.2,2.6,132.6,0.0,1015.3,DEMO
2026-08-27 00:00:00,HHHT002,如意开发区,40.825,111.8,赛罕区,49.3,62.2,17.3,50.5,60.2,0.77,68,22.3,57.1,1.1,153.8,0.0,1019.8,DEMO
2026-08-27 00:00:00,HHHT003,呼市一监,40.81,111.67,回民区,41.8,61.5,14.3,29.9,71.1,0.95,58,21.0,29.4,3.7,103.3,0.0,1011.9,DEMO
2026-08-27 00:00:00,HHHT004,小召前街,40.805,111.665,回民区,35.4,47.7,16.7,38.6,48.1,0.78,51,21.0,31.7,2.2,196.4,0.0,1003.5,DEMO
2026-08-27 00:00:00,HHHT005,二十九中,40.78,111.7,玉泉区,33.7,45.5,13.1,35.2,46.5,0.84,48,20.0,49.6,4.7,187.3,0.0,1008.3,DEMO
2026-08-27 00:00:00,HHHT006,工大金川校区,40.76,111.62,土默特左旗,24.2,40.0,15.0,33.3,44.8,0.9,35,24.6,71.1,3.4,172.3,2.6,1011.9,DEMO
2026-08-27 01:00:00,HHHT001,呼和浩特市环境监测中心站,40.8421,111.749,新城区,38.6,54.8,14.6,32.5,34.2,0.9,55,21.0,49.1,5.0,20.0,0.0,1014.8,DEMO
2026-08-27 01:00:00,HHHT002,如意开发区,40.825,111.8,赛罕区,29.4,41.6,14.1,34.5,34.7,0.91,42,23.6,72.3,2.1,289.5,0.0,1020.7,DEMO
2026-08-27 01:00:00,HHHT003,呼市一监,40.81,111.67,回民区,46.7,60.3,11.4,44.2,50.4,0.84,65,20.3,39.7,2.6,208.8,0.0,1007.9,DEMO
2026-08-27 01:00:00,HHHT004,小召前街,40.805,111.665,回民区,42.5,61.3,5.5,33.7,53.7,0.86,59,18.0,52.7,3.8,335.6,0.0,1003.6,DEMO
2026-08-27 01:00:00,HHHT005,二十九中,40.78,111.7,玉泉区,39.1,56.9,14.1,32.3,54.5,0.97,55,20.2,45.9,2.4,126.3,0.0,1013.3,DEMO
2026-08-27 01:00:00,HHHT006,工大金川校区,40.76,111.62,土默特左旗,22.6,29.1,13.1,26.6,65.8,0.83,32,23.3,46.3,2.3,273.5,0.0,1009.3,DEMO
2026-08-27 02:00:00,HHHT001,呼和浩特市环境监测中心站,40.8421,111.749,新城区,22.3,28.8,11.1,27.9,51.0,0.69,32,21.8,61.4,1.2,355.6,0.0,1015.7,DEMO
2026-08-27 02:00:00,HHHT002,如意开发区,40.825,111.8,赛罕区,33.2,52.4,17.4,36.8,42.1,0.86,47,23.2,59.6,1.8,177.4,4.0,1016.2,DEMO
2026-08-27 02:00:00,HHHT003,呼市一监,40.81,111.67,回民区,42.6,62.6,20.3,39.5,52.1,0.85,60,18.2,50.1,2.8,219.2,0.0,1015.0,DEMO
2026-08-27 02:00:00,HHHT004,小召前街,40.805,111.665,回民区,33.9,47.9,11.5,41.8,69.1,0.75,48,18.1,65.7,1.1,239.6,0.0,1015.1,DEMO
2026-08-27 02:00:00,HHHT005,二十九中,40.78,111.7,玉泉区,22.1,28.4,12.9,29.0,73.0,0.79,32,25.0,41.1,4.0,97.7,0.0,1018.1,DEMO
2026-08-27 02:00:00,HHHT006,工大金川校区,40.76,111.62,土默特左旗,18.7,24.9,15.5,31.4,49.8,0.9,27,19.0,38.5,0.4,334.2,0.0,1013.0,DEMO
2026-08-27 03:00:00,HHHT001,呼和浩特市环境监测中心站,40.8421,111.749,新城区,25.4,35.3,10.4,29.6,40.0,0.7,36,22.1,73.0,3.2,76.4,0.0,1010.4,DEMO
2026-08-27 03:00:00,HHHT002,如意开发区,40.825,111.8,赛罕区,35.8,46.4,10.6,31.8,58.3,0.82,51,19.0,43.8,0.8,104.2,0.0,1014.3,DEMO
2026-08-27 03:00:00,HHHT003,呼市一监,40.81,111.67,回民区,36.4,47.6,12.7,39.7,53.6,0.85,52,18.9,47.4,1.7,101.3,0.0,1008.8,DEMO
2026-08-27 03:00:00,HHHT004,小召前街,40.805,111.665,回民区,27.1,37.2,15.0,34.7,67.8,0.73,39,20.9,65.2,5.0,176.3,0.0,1012.0,DEMO
2026-08-27 03:00:00,HHHT005,二十九中,40.78,111.7,玉泉区,33.9,42.4,14.5,24.9,59.9,0.89,48,22.4,73.9,4.3,107.4,0.0,1009.8,DEMO
2026-08-27 03:00:00,HHHT006,工大金川校区,40.76,111.62,土默特左旗,20.4,27.5,16.7,35.2,53.6,0.76,29,14.2,59.2,2.1,300.4,0.0,1008.5,DEMO
2026-08-27 04:00:00,HHHT001,呼和浩特市环境监测中心站,40.8421,111.749,新城区,21.1,28.6,16.2,32.7,45.2,0.75,30,21.7,55.3,3.5,245.9,0.0,1010.0,DEMO
2026-08-27 04:00:00,HHHT002,如意开发区,40.825,111.8,赛罕区,45.2,57.8,11.7,36.7,42.3,1.04,63,21.0,63.0,1.7,236.3,0.0,1011.2,DEMO
2026-08-27 04:00:00,HHHT003,呼市一监,40.81,111.67,回民区,23.4,30.3,13.6,25.9,46.3,0.79,33,25.9,47.5,4.8,138.7,0.0,1014.5,DEMO
2026-08-27 04:00:00,HHHT004,小召前街,40.805,111.665,回民区,41.8,61.2,9.1,33.2,37.4,0.94,58,23.0,51.5,1.7,194.4,0.0,1004.4,DEMO
2026-08-27 04:00:00,HHHT005,二十九中,40.78,111.7,玉泉区,22.3,32.0,12.3,31.9,55.6,0.56,32,20.3,51.7,2.1,346.2,0.0,1015.3,DEMO
2026-08-27 04:00:00,HHHT006,工大金川校区,40.76,111.62,土默特左旗,22.1,29.5,9.5,30.0,48.1,0.74,32,19.7,51.2,2.0,145.2,0.0,1021.0,DEMO
2026-08-27 05:00:00,HHHT001,呼和浩特市环境监测中心站,40.8421,111.749,新城区,19.1,26.8,19.2,31.1,73.6,0.85,27,23.0,51.7,1.1,284.9,0.0,1012.3,DEMO
2026-08-27 05:00:00,HHHT002,如意开发区,40.825,111.8,赛罕区,41.5,61.3,10.9,32.8,44.9,0.62,58,24.4,40.3,3.6,86.9,0.0,1006.1,DEMO
2026-08-27 05:00:00,HHHT003,呼市一监,40.81,111.67,回民区,31.5,43.7,10.9,33.1,39.8,0.88,45,20.2,60.2,1.4,34.3,0.0,1013.2,DEMO
2026-08-27 05:00:00,HHHT004,小召前街,40.805,111.665,回民区,29.4,40.2,14.3,39.1,62.7,0.76,42,22.1,53.5,0.3,198.5,0.0,1011.7,DEMO
2026-08-27 05:00:00,HHHT005,二十九中,40.78,111.7,玉泉区,36.7,53.3,10.3,45.9,54.0,0.73,52,20.5,35.2,3.1,318.2,0.0,1008.5,DEMO
2026-08-27 05:00:00,HHHT006,工大金川校区,40.76,111.62,土默特左旗,34.8,60.4,13.0,41.2,29.0,0.92,50,16.2,50.6,2.2,183.3,1.8,1005.9,DEMO
2026-08-27 06:00:00,HHHT001,呼和浩特市环境监测中心站,40.8421,111.749,新城区,36.3,50.1,16.3,30.7,61.7,0.9,52,23.0,42.3,5.5,43.6,0.0,1011.7,DEMO
2026-08-27 06:00:00,HHHT002,如意开发区,40.825,111.8,赛罕区,34.0,50.6,16.8,28.3,48.0,0.85,49,17.0,50.4,1.9,278.0,0.0,1017.6,DEMO
2026-08-27 06:00:00,HHHT003,呼市一监,40.81,111.67,回民区,28.5,42.6,11.2,30.2,39.0,0.83,41,20.5,30.4,1.7,171.2,0.0,1009.4,DEMO
2026-08-27 06:00:00,HHHT004,小召前街,40.805,111.665,回民区,34.1,47.1,18.7,31.1,36.9,0.98,49,20.8,36.8,2.8,68.7,0.0,1012.9,DEMO
2026-08-27 06:00:00,HHHT005,二十九中,40.78,111.7,玉泉区,37.6,51.3,14.5,36.1,56.7,0.96,53,23.2,63.7,3.2,55.2,0.0,1011.1,DEMO
2026-08-27 06:00:00,HHHT006,工大金川校区,40.76,111.62,土默特左旗,26.7,37.2,15.4,30.6,39.2,1.03,38,24.0,50.1,0.3,161.4,0.0,1019.2,DEMO
2026-08-27 07:00:00,HHHT001,呼和浩特市环境监测中心站,40.8421,111.749,新城区,41.5,61.1,10.5,31.8,54.7,0.82,58,22.0,47.5,3.5,246.0,0.0,1017.0,DEMO
2026-08-27 07:00:00,HHHT002,如意开发区,40.825,111.8,赛罕区,47.3,65.2,16.7,40.4,55.4,1.01,65,15.8,48.4,0.3,169.0,0.0,1015.8,DEMO
2026-08-27 07:00:00,HHHT003,呼市一监,40.81,111.67,回民区,49.9,69.4,15.2,31.9,61.1,0.91,69,27.1,29.7,2.1,308.2,0.0,1013.3,DEMO
2026-08-27 07:00:00,HHHT004,小召前街,40.805,111.665,回民区,44.8,59.9,15.1,35.6,49.8,0.87,62,17.6,29.3,1.1,294.4,0.0,1018.6,DEMO
2026-08-27 07:00:00,HHHT005,二十九中,40.78,111.7,玉泉区,39.1,51.9,16.9,31.4,52.5,1.02,55,22.6,62.9,1.3,133.6,0.0,1009.1,DEMO
2026-08-27 07:00:00,HHHT006,工大金川校区,40.76,111.62,土默特左旗,36.9,48.8,10.2,33.2,60.9,0.87,52,22.5,46.8,2.2,188.1,0.0,1002.7,DEMO
2026-08-27 08:00:00,HHHT001,呼和浩特市环境监测中心站,40.8421,111.749,新城区,34.8,49.5,15.6,36.7,45.6,0.95,50,19.2,41.8,3.0,253.7,0.0,1012.4,DEMO
2026-08-27 08:00:00,HHHT002,如意开发区,40.825,111.8,赛罕区,50.5,73.6,13.2,36.0,54.7,1.12,69,22.8,55.4,1.0,245.4,0.0,1010.4,DEMO
2026-08-27 08:00:00,HHHT003,呼市一监,40.81,111.67,回民区,55.7,82.6,17.5,31.3,46.2,1.12,76,20.0,33.1,2.9,2.4,0.0,1008.4,DEMO
2026-08-27 08:00:00,HHHT004,小召前街,40.805,111.665,回民区,57.2,80.9,15.4,34.9,53.6,1.04,78,23.9,23.7,3.8,190.6,0.0,1014.1,DEMO
2026-08-27 08:00:00,HHHT005,二十九中,40.78,111.7,玉泉区,41.4,59.3,15.2,34.4,50.6,0.85,58,22.5,51.1,0.3,309.0,0.0,1013.3,DEMO
2026-08-27 08:00:00,HHHT006,工大金川校区,40.76,111.62,土默特左旗,36.0,47.3,9.8,28.5,42.1,0.88,51,21.2,31.3,3.2,66.6,0.0,1008.9,DEMO
2026-08-27 09:00:00,HHHT001,呼和浩特市环境监测中心站,40.8421,111.749,新城区,35.4,50.6,11.0,37.5,50.0,0.77,50,16.2,40.5,2.6,247.5,0.0,1010.6,DEMO
2026-08-27 09:00:00,HHHT002,如意开发区,40.825,111.8,赛罕区,50.3,74.8,15.4,37.6,58.1,1.14,69,25.7,62.8,1.2,339.5,0.0,1012.5,DEMO
2026-08-27 09:00:00,HHHT003,呼市一监,40.81,111.67,回民区,58.6,86.3,19.1,37.7,45.0,1.2,79,21.3,54.4,1.9,76.4,0.0,1008.4,DEMO
2026-08-27 09:00:00,HHHT004,小召前街,40.805,111.665,回民区,47.9,64.3,14.6,44.1,53.9,0.92,66,13.7,58.2,2.7,204.9,0.0,1015.4,DEMO
2026-08-27 09:00:00,HHHT005,二十九中,40.78,111.7,玉泉区,33.6,48.4,11.8,36.6,37.7,0.87,48,20.2,48.6,2.9,93.4,0.0,1010.8,DEMO
2026-08-27 09:00:00,HHHT006,工大金川校区,40.76,111.62,土默特左旗,36.2,46.3,17.4,33.1,44.0,0.97,51,16.8,53.6,4.3,75.8,0.0,1013.9,DEMO
2026-08-27 10:00:00,HHHT001,呼和浩特市环境监测中心站,40.8421,111.749,新城区,35.0,44.4,9.3,37.6,34.7,0.95,50,26.8,26.5,3.1,37.7,0.0,1013.8,DEMO
2026-08-27 10:00:00,HHHT002,如意开发区,40.825,111.8,赛罕区,36.4,50.1,11.1,32.0,42.6,0.93,52,26.5,56.5,3.2,15.0,0.0,1005.7,DEMO
2026-08-27 10:00:00,HHHT003,呼市一监,40.81,111.67,回民区,37.9,48.4,18.7,35.2,48.1,0.91,54,17.5,59.5,4.6,47.5,0.0,1007.8,DEMO
2026-08-27 10:00:00,HHHT004,小召前街,40.805,111.665,回民区,44.8,60.5,13.4,38.2,53.9,1.11,62,22.8,62.6,3.3,60.9,0.0,1007.6,DEMO
2026-08-27 10:00:00,HHHT005,二十九中,40.78,111.7,玉泉区,35.8,47.1,11.4,33.7,53.2,0.78,51,19.7,43.2,1.9,197.2,0.0,1010.0,DEMO
2026-08-27 10:00:00,HHHT006,工大金川校区,40.76,111.62,土默特左旗,30.2,41.0,14.3,41.2,54.2,0.61,43,23.8,51.7,2.7,229.6,0.0,1010.0,DEMO
2026-08-27 11:00:00,HHHT001,呼和浩特市环境监测中心站,40.8421,111.749,新城区,26.3,39.7,13.0,37.3,65.1,0.94,38,19.9,42.7,3.0,183.8,1.7,1006.5,DEMO
2026-08-27 11:00:00,HHHT002,如意开发区,40.825,111.8,赛罕区,38.1,51.8,12.2,30.1,59.3,0.94,54,26.1,72.3,2.5,86.4,0.0,1015.2,DEMO
2026-08-27 11:00:00,HHHT003,呼市一监,40.81,111.67,回民区,33.1,43.5,14.6,30.5,59.1,0.92,47,20.1,65.6,2.0,194.6,0.0,1003.6,DEMO
2026-08-27 11:00:00,HHHT004,小召前街,40.805,111.665,回民区,48.5,66.8,17.5,40.4,65.1,0.96,67,20.2,72.9,2.0,290.5,0.0,1015.8,DEMO
2026-08-27 11:00:00,HHHT005,二十九中,40.78,111.7,玉泉区,29.4,38.9,12.2,29.8,66.9,0.88,42,14.5,34.6,3.2,31.9,0.0,1013.8,DEMO
2026-08-27 11:00:00,HHHT006,工大金川校区,40.76,111.62,土默特左旗,23.9,34.8,13.5,33.7,60.0,0.76,34,20.0,22.2,2.7,63.1,0.0,1009.3,DEMO
2026-08-27 12:00:00,HHHT001,呼和浩特市环境监测中心站,40.8421,111.749,新城区,27.8,37.5,10.7,38.6,60.7,0.87,40,23.8,50.2,2.3,14.8,0.0,1015.0,DEMO
2026-08-27 12:00:00,HHHT002,如意开发区,40.825,111.8,赛罕区,34.6,57.5,15.3,37.4,46.8,0.96,49,22.4,65.7,3.3,120.6,1.7,1010.8,DEMO
2026-08-27 12:00:00,HHHT003,呼市一监,40.81,111.67,回民区,39.7,58.3,12.4,36.4,46.1,0.89,56,23.7,35.0,2.2,109.8,0.0,1009.7,DEMO
2026-08-27 12:00:00,HHHT004,小召前街,40.805,111.665,回民区,39.7,55.3,12.7,27.0,57.3,0.84,56,26.8,54.3,3.5,174.3,0.0,1012.3,DEMO
2026-08-27 12:00:00,HHHT005,二十九中,40.78,111.7,玉泉区,34.7,47.7,11.9,35.3,56.8,0.9,50,24.2,38.7,2.6,76.0,0.0,1015.9,DEMO
2026-08-27 12:00:00,HHHT006,工大金川校区,40.76,111.62,土默特左旗,24.4,34.4,17.9,27.2,73.8,0.84,35,24.3,52.9,3.3,97.5,0.0,1011.5,DEMO
2026-08-27 13:00:00,HHHT001,呼和浩特市环境监测中心站,40.8421,111.749,新城区,33.5,58.6,11.3,34.7,62.2,0.9,48,23.9,32.8,5.2,304.0,1.2,1019.1,DEMO
2026-08-27 13:00:00,HHHT002,如意开发区,40.825,111.8,赛罕区,45.9,65.5,15.1,30.8,55.6,0.84,64,20.3,39.7,3.8,86.2,0.0,1009.8,DEMO
2026-08-27 13:00:00,HHHT003,呼市一监,40.81,111.67,回民区,45.4,67.8,18.0,36.2,58.4,0.84,63,23.4,38.5,2.3,55.1,0.0,1013.8,DEMO
2026-08-27 13:00:00,HHHT004,小召前街,40.805,111.665,回民区,43.0,64.3,16.3,40.2,61.1,0.95,60,23.2,44.6,4.1,277.0,0.0,1012.7,DEMO
2026-08-27 13:00:00,HHHT005,二十九中,40.78,111.7,玉泉区,35.6,51.0,15.7,29.4,59.7,0.89,51,23.9,69.8,2.8,182.7,0.0,1010.1,DEMO
2026-08-27 13:00:00,HHHT006,工大金川校区,40.76,111.62,土默特左旗,22.2,30.8,11.3,33.3,59.4,0.79,32,18.5,24.2,4.2,60.3,0.0,1016.4,DEMO
2026-08-27 14:00:00,HHHT001,呼和浩特市环境监测中心站,40.8421,111.749,新城区,28.4,43.0,15.0,25.8,65.9,0.85,41,20.0,49.4,2.6,198.2,1.3,1009.1,DEMO
2026-08-27 14:00:00,HHHT002,如意开发区,40.825,111.8,赛罕区,32.3,42.8,11.4,33.5,51.8,0.79,46,15.8,39.9,5.3,183.6,0.0,1014.0,DEMO
2026-08-27 14:00:00,HHHT003,呼市一监,40.81,111.67,回民区,44.7,57.8,13.7,43.0,59.3,1.06,62,17.9,33.0,3.2,166.1,0.0,1007.5,DEMO
2026-08-27 14:00:00,HHHT004,小召前街,40.805,111.665,回民区,43.3,64.0,10.6,31.2,55.1,0.94,60,20.5,46.1,4.5,329.2,0.0,1012.5,DEMO
2026-08-27 14:00:00,HHHT005,二十九中,40.78,111.7,玉泉区,42.4,57.7,17.5,38.7,63.0,0.97,59,22.6,55.7,2.4,181.8,0.0,1008.0,DEMO
2026-08-27 14:00:00,HHHT006,工大金川校区,40.76,111.62,土默特左旗,22.6,31.5,13.0,23.9,64.2,0.87,32,22.2,52.4,3.2,322.5,0.0,1014.0,DEMO
2026-08-27 15:00:00,HHHT001,呼和浩特市环境监测中心站,40.8421,111.749,新城区,34.4,50.4,17.2,19.7,61.7,0.78,49,23.9,49.7,5.5,267.6,0.0,1015.2,DEMO
2026-08-27 15:00:00,HHHT002,如意开发区,40.825,111.8,赛罕区,57.7,73.9,15.7,33.6,57.5,1.01,78,23.1,58.3,3.3,43.0,0.0,1011.3,DEMO
2026-08-27 15:00:00,HHHT003,呼市一监,40.81,111.67,回民区,43.9,58.3,13.1,37.9,55.8,0.99,61,19.6,35.8,3.4,66.5,0.0,1011.1,DEMO
2026-08-27 15:00:00,HHHT004,小召前街,40.805,111.665,回民区,43.6,58.1,14.9,27.5,43.6,0.96,61,24.7,47.4,2.9,59.2,0.0,1015.7,DEMO
2026-08-27 15:00:00,HHHT005,二十九中,40.78,111.7,玉泉区,30.5,40.8,15.7,32.2,63.6,0.82,44,22.6,34.9,3.8,352.6,0.0,1016.4,DEMO
2026-08-27 15:00:00,HHHT006,工大金川校区,40.76,111.62,土默特左旗,23.1,31.3,15.1,34.1,69.4,0.88,33,19.9,47.6,2.5,259.8,0.0,1011.2,DEMO
2026-08-27 16:00:00,HHHT001,呼和浩特市环境监测中心站,40.8421,111.749,新城区,34.7,47.7,15.2,34.1,46.7,0.88,50,22.9,60.8,3.4,285.3,0.0,1014.7,DEMO
2026-08-27 16:00:00,HHHT002,如意开发区,40.825,111.8,赛罕区,34.5,47.2,17.3,32.8,53.0,1.07,49,24.6,40.6,3.0,277.1,0.0,1007.1,DEMO
2026-08-27 16:00:00,HHHT003,呼市一监,40.81,111.67,回民区,30.4,45.3,20.4,27.4,64.5,0.89,43,21.0,51.0,4.1,330.1,0.0,1014.5,DEMO
2026-08-27 16:00:00,HHHT004,小召前街,40.805,111.665,回民区,47.6,62.1,20.4,40.0,47.8,0.77,66,20.9,59.4,2.3,3.0,0.0,1015.1,DEMO
2026-08-27 16:00:00,HHHT005,二十九中,40.78,111.7,玉泉区,33.7,45.5,12.2,29.5,69.9,0.82,48,21.9,48.0,2.4,149.1,0.0,1004.7,DEMO
2026-08-27 16:00:00,HHHT006,工大金川校区,40.76,111.62,土默特左旗,27.9,38.4,14.4,31.9,57.3,0.87,40,23.3,47.5,3.6,113.2,0.0,1012.3,DEMO
2026-08-27 17:00:00,HHHT001,呼和浩特市环境监测中心站,40.8421,111.749,新城区,33.4,50.1,12.7,40.7,45.1,0.83,48,24.1,50.1,3.2,128.8,1.1,1009.8,DEMO
2026-08-27 17:00:00,HHHT002,如意开发区,40.825,111.8,赛罕区,54.1,76.7,18.8,37.4,33.7,1.1,74,25.8,41.4,3.1,163.6,0.0,1010.2,DEMO
2026-08-27 17:00:00,HHHT003,呼市一监,40.81,111.67,回民区,56.8,73.1,16.3,35.9,51.9,1.0,77,24.1,29.0,3.4,294.7,0.0,1016.8,DEMO
2026-08-27 17:00:00,HHHT004,小召前街,40.805,111.665,回民区,64.3,85.5,14.4,55.7,55.0,1.04,87,21.8,31.1,3.7,112.5,0.0,1013.2,DEMO
2026-08-27 17:00:00,HHHT005,二十九中,40.78,111.7,玉泉区,42.4,62.3,15.0,35.7,65.7,1.05,59,17.0,32.7,5.1,61.7,0.0,1016.6,DEMO
2026-08-27 17:00:00,HHHT006,工大金川校区,40.76,111.62,土默特左旗,35.3,45.4,12.9,30.0,62.8,0.84,50,20.1,41.4,2.0,278.3,0.0,1013.4,DEMO
2026-08-27 18:00:00,HHHT001,呼和浩特市环境监测中心站,40.8421,111.749,新城区,27.3,47.8,11.2,32.9,51.4,0.84,39,19.8,48.2,3.4,248.8,1.4,1012.8,DEMO
2026-08-27 18:00:00,HHHT002,如意开发区,40.825,111.8,赛罕区,44.3,57.9,12.3,33.6,39.5,0.95,62,23.3,81.3,3.5,292.5,0.0,1004.9,DEMO
2026-08-27 18:00:00,HHHT003,呼市一监,40.81,111.67,回民区,51.9,73.1,13.7,29.4,46.0,0.93,71,19.4,34.3,2.7,315.7,0.0,1016.8,DEMO
2026-08-27 18:00:00,HHHT004,小召前街,40.805,111.665,回民区,53.4,75.2,18.9,40.6,46.2,0.84,73,25.5,51.2,2.6,156.3,0.0,1012.6,DEMO
2026-08-27 18:00:00,HHHT005,二十九中,40.78,111.7,玉泉区,43.8,59.9,15.9,28.4,61.3,0.98,61,16.8,59.9,6.2,210.6,0.0,1007.1,DEMO
2026-08-27 18:00:00,HHHT006,工大金川校区,40.76,111.62,土默特左旗,35.4,61.0,22.3,29.4,56.9,0.95,50,23.9,66.1,2.9,141.6,3.7,1009.3,DEMO
2026-08-27 19:00:00,HHHT001,呼和浩特市环境监测中心站,40.8421,111.749,新城区,34.0,48.0,10.9,32.7,44.4,0.84,49,20.6,36.0,4.0,126.0,0.0,1013.0,DEMO
2026-08-27 19:00:00,HHHT002,如意开发区,40.825,111.8,赛罕区,46.3,66.3,11.6,36.6,55.5,0.92,64,24.2,45.4,3.3,238.0,0.0,1013.6,DEMO
2026-08-27 19:00:00,HHHT003,呼市一监,40.81,111.67,回民区,48.7,62.0,16.4,33.1,54.0,0.84,67,23.9,33.7,2.0,177.2,0.0,1005.9,DEMO
2026-08-27 19:00:00,HHHT004,小召前街,40.805,111.665,回民区,40.4,55.6,9.2,29.7,47.5,0.87,57,25.2,33.9,2.7,92.1,0.0,1008.7,DEMO
2026-08-27 19:00:00,HHHT005,二十九中,40.78,111.7,玉泉区,51.8,72.3,10.9,27.6,57.7,1.16,71,19.0,54.9,4.7,198.6,0.0,1012.1,DEMO
2026-08-27 19:00:00,HHHT006,工大金川校区,40.76,111.62,土默特左旗,35.3,51.5,11.0,33.4,49.9,0.89,50,26.6,48.4,2.2,348.1,0.0,1007.8,DEMO
2026-08-27 20:00:00,HHHT001,呼和浩特市环境监测中心站,40.8421,111.749,新城区,32.1,46.5,13.7,25.0,53.2,0.92,46,23.9,47.0,0.3,91.6,0.0,1012.5,DEMO
2026-08-27 20:00:00,HHHT002,如意开发区,40.825,111.8,赛罕区,53.8,67.4,14.7,31.2,50.7,0.85,73,25.8,46.3,3.1,153.1,0.0,1007.3,DEMO
2026-08-27 20:00:00,HHHT003,呼市一监,40.81,111.67,回民区,42.6,57.0,13.5,41.7,54.2,0.94,60,19.6,45.9,2.7,353.2,0.0,1012.8,DEMO
2026-08-27 20:00:00,HHHT004,小召前街,40.805,111.665,回民区,46.7,62.6,17.0,30.1,39.5,0.84,65,24.6,28.5,1.0,278.5,0.0,1012.3,DEMO
2026-08-27 20:00:00,HHHT005,二十九中,40.78,111.7,玉泉区,33.8,47.1,14.3,29.7,50.3,0.83,48,23.9,51.1,4.0,289.9,0.0,1012.3,DEMO
2026-08-27 20:00:00,HHHT006,工大金川校区,40.76,111.62,土默特左旗,30.6,38.8,13.0,38.8,49.2,0.93,44,27.0,52.8,3.8,15.4,0.0,1012.7,DEMO
2026-08-27 21:00:00,HHHT001,呼和浩特市环境监测中心站,40.8421,111.749,新城区,41.9,62.3,9.3,38.8,46.0,0.74,59,24.2,35.3,3.4,65.3,0.0,1016.1,DEMO
2026-08-27 21:00:00,HHHT002,如意开发区,40.825,111.8,赛罕区,47.7,65.9,12.3,32.0,60.5,0.99,66,17.1,28.3,4.3,295.1,0.0,1010.7,DEMO
2026-08-27 21:00:00,HHHT003,呼市一监,40.81,111.67,回民区,34.6,47.4,12.9,46.7,42.9,0.84,49,20.8,50.5,2.5,121.1,0.0,1009.6,DEMO
2026-08-27 21:00:00,HHHT004,小召前街,40.805,111.665,回民区,44.7,57.5,12.1,32.6,41.9,0.82,62,25.6,47.6,4.0,84.3,0.0,1007.1,DEMO
2026-08-27 21:00:00,HHHT005,二十九中,40.78,111.7,玉泉区,37.7,49.9,10.2,32.3,53.8,0.73,53,19.4,68.6,3.4,74.5,0.0,1013.9,DEMO
2026-08-27 21:00:00,HHHT006,工大金川校区,40.76,111.62,土默特左旗,34.3,44.8,14.0,35.7,53.6,0.87,49,22.2,55.3,1.1,43.2,0.0,1015.1,DEMO
2026-08-27 22:00:00,HHHT001,呼和浩特市环境监测中心站,40.8421,111.749,新城区,29.7,37.2,15.5,30.9,44.3,0.95,42,17.1,62.8,3.2,95.0,0.0,1013.8,DEMO
2026-08-27 22:00:00,HHHT002,如意开发区,40.825,111.8,赛罕区,36.7,60.0,16.0,33.3,60.3,0.98,52,22.1,30.9,2.5,282.5,3.7,1024.4,DEMO
2026-08-27 22:00:00,HHHT003,呼市一监,40.81,111.67,回民区,31.4,40.6,16.5,29.6,45.8,0.94,45,19.9,34.7,2.6,155.6,0.0,1009.0,DEMO
2026-08-27 22:00:00,HHHT004,小召前街,40.805,111.665,回民区,46.5,67.1,12.0,36.2,55.1,1.0,64,22.2,25.2,4.4,311.3,0.0,1011.1,DEMO
2026-08-27 22:00:00,HHHT005,二十九中,40.78,111.7,玉泉区,37.2,55.7,9.3,32.1,74.6,0.9,53,24.1,61.2,5.4,294.2,0.0,1010.5,DEMO
2026-08-27 22:00:00,HHHT006,工大金川校区,40.76,111.62,土默特左旗,29.9,37.8,9.3,29.2,52.3,0.85,43,23.2,48.6,1.0,274.8,0.0,1011.9,DEMO
2026-08-27 23:00:00,HHHT001,呼和浩特市环境监测中心站,40.8421,111.749,新城区,27.4,38.3,9.0,39.8,47.6,1.04,39,24.8,28.4,2.4,34.7,0.0,1014.1,DEMO
2026-08-27 23:00:00,HHHT002,如意开发区,40.825,111.8,赛罕区,41.2,54.6,7.6,33.5,43.4,0.93,58,24.5,57.0,3.2,135.7,0.0,1015.8,DEMO
2026-08-27 23:00:00,HHHT003,呼市一监,40.81,111.67,回民区,39.9,55.9,19.4,28.6,36.9,1.07,56,18.6,56.1,0.3,333.2,0.0,1010.6,DEMO
2026-08-27 23:00:00,HHHT004,小召前街,40.805,111.665,回民区,41.9,56.0,9.9,33.0,46.4,0.78,59,22.0,46.2,5.4,51.1,0.0,1007.2,DEMO
2026-08-27 23:00:00,HHHT005,二十九中,40.78,111.7,玉泉区,28.4,40.9,7.8,34.7,37.7,0.78,41,21.1,32.1,5.4,197.6,0.0,1011.7,DEMO
2026-08-27 23:00:00,HHHT006,工大金川校区,40.76,111.62,土默特左旗,31.5,45.6,15.0,24.8,43.4,0.83,45,21.8,15,1.7,193.7,0.0,1014.5,DEMO
2026-08-28 00:00:00,HHHT001,呼和浩特市环境监测中心站,40.8421,111.749,新城区,39.4,58.4,11.9,40.5,37.7,1.0,56,17.4,74.8,2.0,42.1,0.0,1009.7,DEMO
2026-08-28 00:00:00,HHHT002,如意开发区,40.825,111.8,赛罕区,40.3,57.3,22.3,41.5,55.1,1.11,57,20.0,57.0,1.7,48.2,0.0,1015.6,DEMO
2026-08-28 00:00:00,HHHT003,呼市一监,40.81,111.67,回民区,43.7,61.5,14.3,36.5,49.3,1.12,61,21.3,45.8,1.9,42.0,0.0,1008.9,DEMO
2026-08-28 00:00:00,HHHT004,小召前街,40.805,111.665,回民区,51.4,73.4,14.5,36.7,56.4,0.94,71,21.8,50.2,3.0,166.4,0.0,1009.2,DEMO
2026-08-28 00:00:00,HHHT005,二十九中,40.78,111.7,玉泉区,46.5,58.4,14.2,41.3,36.9,0.85,64,24.3,42.0,2.3,101.8,0.0,1014.9,DEMO
2026-08-28 00:00:00,HHHT006,工大金川校区,40.76,111.62,土默特左旗,32.7,46.9,16.7,26.5,56.1,0.96,47,20.7,44.5,4.4,238.3,0.0,1019.4,DEMO
2026-08-28 01:00:00,HHHT001,呼和浩特市环境监测中心站,40.8421,111.749,新城区,30.3,47.9,14.3,32.8,51.2,0.98,43,23.7,64.6,4.4,179.0,3.5,1013.4,DEMO
2026-08-28 01:00:00,HHHT002,如意开发区,40.825,111.8,赛罕区,40.8,56.0,14.5,46.2,37.4,0.88,57,20.9,53.8,3.9,313.3,0.0,1013.7,DEMO
2026-08-28 01:00:00,HHHT003,呼市一监,40.81,111.67,回民区,33.3,43.0,17.6,33.1,48.7,0.89,48,18.8,63.9,1.6,223.6,0.0,1013.8,DEMO
2026-08-28 01:00:00,HHHT004,小召前街,40.805,111.665,回民区,45.2,65.1,11.7,32.5,41.0,0.97,63,20.0,44.0,3.6,38.9,0.0,1009.0,DEMO
2026-08-28 01:00:00,HHHT005,二十九中,40.78,111.7,玉泉区,32.1,40.8,11.5,33.9,47.2,0.87,46,21.3,51.1,2.7,257.5,0.0,1010.7,DEMO
2026-08-28 01:00:00,HHHT006,工大金川校区,40.76,111.62,土默特左旗,23.4,33.6,11.4,37.0,61.5,0.77,33,24.2,25.4,2.5,89.7,0.0,1008.9,DEMO
2026-08-28 02:00:00,HHHT001,呼和浩特市环境监测中心站,40.8421,111.749,新城区,33.9,47.3,16.2,31.4,51.6,0.75,48,27.9,39.1,2.0,208.8,0.0,1013.0,DEMO
2026-08-28 02:00:00,HHHT002,如意开发区,40.825,111.8,赛罕区,53.2,73.0,22.1,27.0,50.9,1.03,73,21.7,41.4,2.0,262.5,0.0,1007.4,DEMO
2026-08-28 02:00:00,HHHT003,呼市一监,40.81,111.67,回民区,24.6,32.0,12.7,27.4,51.4,0.85,35,19.3,55.2,3.3,84.1,0.0,1016.0,DEMO
2026-08-28 02:00:00,HHHT004,小召前街,40.805,111.665,回民区,45.7,66.3,10.1,36.6,54.6,0.94,63,18.9,59.3,3.8,271.8,0.0,1012.8,DEMO
2026-08-28 02:00:00,HHHT005,二十九中,40.78,111.7,玉泉区,21.1,27.0,11.0,24.8,54.6,0.87,30,26.9,58.5,1.6,85.6,0.0,1002.8,DEMO
2026-08-28 02:00:00,HHHT006,工大金川校区,40.76,111.62,土默特左旗,23.6,30.2,9.2,28.1,41.0,0.63,34,23.6,34.8,3.4,4.1,0.0,1014.7,DEMO
2026-08-28 03:00:00,HHHT001,呼和浩特市环境监测中心站,40.8421,111.749,新城区,20.8,27.6,16.3,30.2,69.9,0.72,30,22.5,43.5,1.3,162.1,0.0,1011.5,DEMO
2026-08-28 03:00:00,HHHT002,如意开发区,40.825,111.8,赛罕区,42.9,64.3,14.1,38.9,37.5,0.78,60,29.4,24.8,4.4,121.6,0.0,1019.9,DEMO
2026-08-28 03:00:00,HHHT003,呼市一监,40.81,111.67,回民区,28.6,38.0,12.0,33.3,42.9,0.92,41,16.3,38.5,1.4,308.7,0.0,1015.0,DEMO
2026-08-28 03:00:00,HHHT004,小召前街,40.805,111.665,回民区,39.8,54.5,20.6,40.3,43.5,0.89,56,19.7,59.0,2.7,308.3,0.0,1009.6,DEMO
2026-08-28 03:00:00,HHHT005,二十九中,40.78,111.7,玉泉区,31.8,47.7,9.2,42.7,53.5,0.7,45,20.5,56.5,2.9,270.1,0.0,1016.1,DEMO
2026-08-28 03:00:00,HHHT006,工大金川校区,40.76,111.62,土默特左旗,20.4,28.9,15.6,32.1,46.2,0.88,29,18.1,26.7,2.5,42.9,0.0,1010.3,DEMO
2026-08-28 04:00:00,HHHT001,呼和浩特市环境监测中心站,40.8421,111.749,新城区,33.7,45.5,20.5,34.1,54.7,0.75,48,19.5,39.9,1.4,245.3,0.0,1013.7,DEMO
2026-08-28 04:00:00,HHHT002,如意开发区,40.825,111.8,赛罕区,43.5,64.8,15.0,27.9,43.6,0.94,61,18.8,62.5,2.2,237.1,0.0,1010.9,DEMO
2026-08-28 04:00:00,HHHT003,呼市一监,40.81,111.67,回民区,33.1,48.5,14.4,27.0,57.0,0.95,47,24.7,39.3,3.2,251.1,0.0,1008.9,DEMO
2026-08-28 04:00:00,HHHT004,小召前街,40.805,111.665,回民区,51.2,88.2,12.9,39.0,34.5,1.05,70,19.6,68.3,0.3,86.6,1.6,1014.1,DEMO
2026-08-28 04:00:00,HHHT005,二十九中,40.78,111.7,玉泉区,25.2,32.4,14.7,38.8,54.8,0.81,36,23.6,62.6,3.6,345.3,0.0,1014.0,DEMO
2026-08-28 04:00:00,HHHT006,工大金川校区,40.76,111.62,土默特左旗,19.1,24.8,16.9,26.7,51.9,0.72,27,22.3,47.5,3.9,201.3,0.0,1005.4,DEMO
2026-08-28 05:00:00,HHHT001,呼和浩特市环境监测中心站,40.8421,111.749,新城区,24.8,33.2,12.3,29.8,49.0,0.75,35,24.7,35.6,2.9,89.0,0.0,1009.3,DEMO
2026-08-28 05:00:00,HHHT002,如意开发区,40.825,111.8,赛罕区,39.5,58.4,13.4,28.7,68.0,0.88,56,13.0,47.3,4.3,72.2,0.0,1011.0,DEMO
2026-08-28 05:00:00,HHHT003,呼市一监,40.81,111.67,回民区,39.4,58.9,13.8,40.7,43.9,0.99,56,19.5,24.1,0.7,246.6,0.0,1010.0,DEMO
2026-08-28 05:00:00,HHHT004,小召前街,40.805,111.665,回民区,39.6,54.3,17.3,32.7,42.1,0.98,56,20.1,38.2,4.8,240.3,0.0,1009.8,DEMO
2026-08-28 05:00:00,HHHT005,二十九中,40.78,111.7,玉泉区,26.2,36.4,12.3,32.2,52.4,0.99,37,22.3,36.9,3.9,129.2,0.0,1015.2,DEMO
2026-08-28 05:00:00,HHHT006,工大金川校区,40.76,111.62,土默特左旗,18.5,24.9,8.3,26.6,68.0,0.72,26,17.1,15,4.2,322.3,0.0,1014.3,DEMO
2026-08-28 06:00:00,HHHT001,呼和浩特市环境监测中心站,40.8421,111.749,新城区,39.1,56.4,13.6,26.2,62.6,1.11,55,19.9,42.4,4.7,318.6,0.0,1012.4,DEMO
2026-08-28 06:00:00,HHHT002,如意开发区,40.825,111.8,赛罕区,34.9,51.1,15.4,31.7,53.2,0.77,50,16.4,23.2,2.6,195.5,0.0,1011.3,DEMO
2026-08-28 06:00:00,HHHT003,呼市一监,40.81,111.67,回民区,39.3,49.7,14.3,38.8,60.0,0.79,55,24.8,35.8,4.9,177.1,0.0,1018.7,DEMO
2026-08-28 06:00:00,HHHT004,小召前街,40.805,111.665,回民区,29.4,45.1,13.2,35.8,48.6,0.9,42,24.1,66.0,3.7,225.7,3.6,1012.1,DEMO
2026-08-28 06:00:00,HHHT005,二十九中,40.78,111.7,玉泉区,37.6,49.4,10.8,31.6,55.5,0.9,53,18.9,30.1,3.1,303.3,0.0,1010.2,DEMO
2026-08-28 06:00:00,HHHT006,工大金川校区,40.76,111.62,土默特左旗,27.3,36.6,17.0,33.3,45.0,0.87,39,25.9,58.3,3.2,208.8,0.0,1012.4,DEMO
2026-08-28 07:00:00,HHHT001,呼和浩特市环境监测中心站,40.8421,111.749,新城区,28.0,36.6,13.7,33.6,50.7,0.79,40,21.6,52.3,4.4,33.2,0.0,1007.0,DEMO
2026-08-28 07:00:00,HHHT002,如意开发区,40.825,111.8,赛罕区,49.1,73.6,21.6,32.7,49.9,0.95,68,27.2,45.5,3.7,11.1,0.0,1006.0,DEMO
2026-08-28 07:00:00,HHHT003,呼市一监,40.81,111.67,回民区,46.2,65.0,15.9,44.2,52.0,0.94,64,19.0,55.6,3.5,96.3,0.0,1011.4,DEMO
2026-08-28 07:00:00,HHHT004,小召前街,40.805,111.665,回民区,54.8,80.3,19.0,34.3,44.7,1.02,75,20.7,19.8,4.1,135.1,0.0,1023.4,DEMO
2026-08-28 07:00:00,HHHT005,二十九中,40.78,111.7,玉泉区,37.7,50.9,17.7,37.1,63.9,0.69,53,19.0,43.5,3.5,20.4,0.0,1008.5,DEMO
2026-08-28 07:00:00,HHHT006,工大金川校区,40.76,111.62,土默特左旗,41.3,51.9,15.8,27.3,30.5,0.91,58,24.3,43.9,3.0,187.3,0.0,1013.4,DEMO
2026-08-28 08:00:00,HHHT001,呼和浩特市环境监测中心站,40.8421,111.749,新城区,39.9,58.9,12.7,42.9,37.7,1.02,56,20.6,63.7,3.1,287.6,0.0,1006.2,DEMO
2026-08-28 08:00:00,HHHT002,如意开发区,40.825,111.8,赛罕区,53.0,79.5,12.2,32.2,43.5,1.07,73,26.5,40.1,2.3,340.7,0.0,1009.5,DEMO
2026-08-28 08:00:00,HHHT003,呼市一监,40.81,111.67,回民区,41.5,53.6,19.7,30.6,50.4,0.83,58,26.6,34.9,3.5,189.4,0.0,1008.8,DEMO
2026-08-28 08:00:00,HHHT004,小召前街,40.805,111.665,回民区,43.3,63.7,14.0,35.0,45.1,0.95,60,16.1,60.8,4.2,262.2,0.0,1010.1,DEMO
2026-08-28 08:00:00,HHHT005,二十九中,40.78,111.7,玉泉区,42.5,53.3,15.7,39.6,51.5,0.85,59,24.6,77.5,2.3,257.1,0.0,1014.4,DEMO
2026-08-28 08:00:00,HHHT006,工大金川校区,40.76,111.62,土默特左旗,34.2,45.0,12.1,34.5,67.6,0.94,49,21.6,40.7,0.7,90.3,0.0,1010.2,DEMO
2026-08-28 09:00:00,HHHT001,呼和浩特市环境监测中心站,40.8421,111.749,新城区,37.0,46.4,12.7,26.0,52.3,0.87,52,25.0,30.4,3.5,236.9,0.0,1012.8,DEMO
2026-08-28 09:00:00,HHHT002,如意开发区,40.825,111.8,赛罕区,56.0,78.7,15.7,38.4,48.2,1.07,76,20.1,46.3,5.0,259.5,0.0,1013.1,DEMO
2026-08-28 09:00:00,HHHT003,呼市一监,40.81,111.67,回民区,47.7,71.3,13.4,34.1,47.9,0.96,66,21.8,49.9,3.1,169.6,0.0,1014.3,DEMO
2026-08-28 09:00:00,HHHT004,小召前街,40.805,111.665,回民区,48.7,70.5,10.6,43.5,57.4,0.95,67,22.8,52.0,0.9,225.2,0.0,1008.8,DEMO
2026-08-28 09:00:00,HHHT005,二十九中,40.78,111.7,玉泉区,42.6,54.2,11.2,37.1,50.1,0.89,60,18.9,52.1,2.9,241.6,0.0,1012.3,DEMO
2026-08-28 09:00:00,HHHT006,工大金川校区,40.76,111.62,土默特左旗,32.8,43.9,10.2,32.3,54.9,0.76,47,13.9,49.1,2.0,256.0,0.0,1014.0,DEMO
2026-08-28 10:00:00,HHHT001,呼和浩特市环境监测中心站,40.8421,111.749,新城区,22.7,33.0,12.4,28.0,48.9,0.76,32,20.9,41.2,3.2,54.4,0.0,1017.1,DEMO
2026-08-28 10:00:00,HHHT002,如意开发区,40.825,111.8,赛罕区,39.3,54.0,14.5,38.2,58.5,1.02,55,23.3,58.2,2.0,267.7,0.0,1004.2,DEMO
2026-08-28 10:00:00,HHHT003,呼市一监,40.81,111.67,回民区,46.9,59.2,11.3,27.5,53.7,0.83,65,24.7,63.4,1.6,345.1,0.0,1012.8,DEMO
2026-08-28 10:00:00,HHHT004,小召前街,40.805,111.665,回民区,37.9,48.9,14.1,37.7,36.2,0.97,54,25.8,47.0,4.3,65.2,0.0,1013.0,DEMO
2026-08-28 10:00:00,HHHT005,二十九中,40.78,111.7,玉泉区,34.2,43.1,15.0,37.7,43.3,0.75,49,26.4,33.7,2.8,102.4,0.0,1009.6,DEMO
2026-08-28 10:00:00,HHHT006,工大金川校区,40.76,111.62,土默特左旗,30.5,42.8,12.3,25.5,58.6,0.98,44,17.4,31.5,5.2,248.8,0.0,1008.0,DEMO
2026-08-28 11:00:00,HHHT001,呼和浩特市环境监测中心站,40.8421,111.749,新城区,37.9,55.5,11.6,41.0,40.7,1.1,54,19.4,51.8,2.7,135.3,0.0,1004.8,DEMO
2026-08-28 11:00:00,HHHT002,如意开发区,40.825,111.8,赛罕区,54.8,71.0,16.7,29.8,51.0,1.15,75,23.5,51.4,0.3,159.4,0.0,999.9,DEMO
2026-08-28 11:00:00,HHHT003,呼市一监,40.81,111.67,回民区,38.9,56.5,8.1,38.6,64.4,0.82,55,19.5,22.2,4.5,269.0,0.0,1016.8,DEMO
2026-08-28 11:00:00,HHHT004,小召前街,40.805,111.665,回民区,34.6,43.2,10.9,33.7,65.2,0.57,49,22.9,53.6,2.7,146.7,0.0,1010.8,DEMO
2026-08-28 11:00:00,HHHT005,二十九中,40.78,111.7,玉泉区,33.2,47.8,14.7,32.7,56.9,0.78,47,19.1,20.2,0.8,299.3,0.0,1006.6,DEMO
2026-08-28 11:00:00,HHHT006,工大金川校区,40.76,111.62,土默特左旗,32.6,45.4,14.9,29.7,54.2,0.74,47,24.2,34.1,3.9,268.3,0.0,1017.1,DEMO
2026-08-28 12:00:00,HHHT001,呼和浩特市环境监测中心站,40.8421,111.749,新城区,30.3,42.1,15.9,32.7,68.6,0.85,43,19.7,52.5,2.7,153.2,0.0,1019.7,DEMO
2026-08-28 12:00:00,HHHT002,如意开发区,40.825,111.8,赛罕区,43.5,54.9,18.9,34.9,51.0,0.99,61,29.2,79.4,0.3,353.9,0.0,1010.8,DEMO
2026-08-28 12:00:00,HHHT003,呼市一监,40.81,111.67,回民区,36.5,50.6,10.1,34.4,61.5,0.97,52,24.0,45.4,4.1,322.3,0.0,1007.3,DEMO
2026-08-28 12:00:00,HHHT004,小召前街,40.805,111.665,回民区,38.5,64.5,17.0,35.6,55.8,0.92,54,22.1,52.4,1.7,116.5,0.8,1015.5,DEMO
2026-08-28 12:00:00,HHHT005,二十九中,40.78,111.7,玉泉区,33.2,47.1,13.3,37.6,58.2,0.82,47,23.4,34.4,3.0,35.8,0.0,1007.6,DEMO
2026-08-28 12:00:00,HHHT006,工大金川校区,40.76,111.62,土默特左旗,21.4,31.1,13.6,32.5,61.4,0.73,31,26.9,42.9,2.7,327.5,0.0,1004.7,DEMO
2026-08-28 13:00:00,HHHT001,呼和浩特市环境监测中心站,40.8421,111.749,新城区,36.4,49.5,10.4,25.9,61.5,1.06,52,21.8,52.4,3.1,278.7,0.0,1011.3,DEMO
2026-08-28 13:00:00,HHHT002,如意开发区,40.825,111.8,赛罕区,38.6,53.2,15.0,31.0,53.8,0.86,54,19.2,38.5,0.5,326.3,0.0,1011.1,DEMO
2026-08-28 13:00:00,HHHT003,呼市一监,40.81,111.67,回民区,35.1,47.6,14.1,35.2,54.1,1.05,50,23.0,59.6,2.2,146.9,0.0,1006.6,DEMO
2026-08-28 13:00:00,HHHT004,小召前街,40.805,111.665,回民区,47.0,65.4,16.7,33.0,52.4,0.96,65,16.6,57.7,4.2,48.5,0.0,1014.5,DEMO
2026-08-28 13:00:00,HHHT005,二十九中,40.78,111.7,玉泉区,30.4,43.6,20.8,27.3,65.8,0.83,43,23.3,56.3,4.4,91.4,0.0,1010.1,DEMO
2026-08-28 13:00:00,HHHT006,工大金川校区,40.76,111.62,土默特左旗,26.8,38.3,15.0,34.7,41.9,0.9,38,23.9,44.3,2.0,272.4,0.0,1014.7,DEMO
2026-08-28 14:00:00,HHHT001,呼和浩特市环境监测中心站,40.8421,111.749,新城区,28.1,36.1,13.5,35.1,62.3,0.76,40,21.2,67.3,3.4,86.2,0.0,1006.4,DEMO
2026-08-28 14:00:00,HHHT002,如意开发区,40.825,111.8,赛罕区,40.8,57.3,13.7,29.7,53.6,0.94,57,22.3,38.2,2.2,108.3,0.0,1012.0,DEMO
2026-08-28 14:00:00,HHHT003,呼市一监,40.81,111.67,回民区,46.6,61.8,15.2,40.7,58.8,1.0,65,20.6,60.2,0.4,258.2,0.0,1009.4,DEMO
2026-08-28 14:00:00,HHHT004,小召前街,40.805,111.665,回民区,54.8,81.8,11.1,36.1,57.3,1.13,75,19.2,47.0,3.3,113.0,0.0,1006.2,DEMO
2026-08-28 14:00:00,HHHT005,二十九中,40.78,111.7,玉泉区,40.1,56.3,13.8,40.3,55.6,1.03,56,21.7,45.5,5.0,329.3,0.0,1010.2,DEMO
2026-08-28 14:00:00,HHHT006,工大金川校区,40.76,111.62,土默特左旗,28.4,41.7,9.8,29.4,45.3,0.88,41,17.9,50.7,2.5,94.7,0.0,1008.6,DEMO
2026-08-28 15:00:00,HHHT001,呼和浩特市环境监测中心站,40.8421,111.749,新城区,35.8,53.2,14.1,32.7,61.4,0.68,51,23.3,59.3,4.4,22.8,0.0,1003.3,DEMO
2026-08-28 15:00:00,HHHT002,如意开发区,40.825,111.8,赛罕区,35.2,53.5,16.2,36.6,68.6,0.85,50,26.6,40.7,3.9,47.0,2.2,1015.3,DEMO
2026-08-28 15:00:00,HHHT003,呼市一监,40.81,111.67,回民区,31.2,51.5,4.6,37.1,53.4,0.92,45,21.0,44.2,3.0,41.6,0.3,1013.2,DEMO
2026-08-28 15:00:00,HHHT004,小召前街,40.805,111.665,回民区,53.3,78.7,18.4,33.4,55.7,1.2,73,23.7,42.6,0.4,23.1,0.0,1014.0,DEMO
2026-08-28 15:00:00,HHHT005,二十九中,40.78,111.7,玉泉区,27.2,44.3,12.0,37.6,58.8,0.8,39,24.7,29.0,2.8,327.6,0.5,1024.0,DEMO
2026-08-28 15:00:00,HHHT006,工大金川校区,40.76,111.62,土默特左旗,36.3,48.3,9.8,29.3,45.8,0.74,52,21.6,53.8,1.7,108.7,0.0,1012.9,DEMO
2026-08-28 16:00:00,HHHT001,呼和浩特市环境监测中心站,40.8421,111.749,新城区,24.2,33.4,11.2,38.0,51.0,0.99,35,20.3,51.4,3.1,315.7,0.0,1015.3,DEMO
2026-08-28 16:00:00,HHHT002,如意开发区,40.825,111.8,赛罕区,45.7,60.9,17.6,45.2,54.9,1.01,63,20.5,46.4,1.3,178.3,0.0,1011.4,DEMO
2026-08-28 16:00:00,HHHT003,呼市一监,40.81,111.67,回民区,38.7,56.5,11.3,31.4,64.3,1.0,55,28.9,63.9,1.9,110.7,0.0,1015.0,DEMO
2026-08-28 16:00:00,HHHT004,小召前街,40.805,111.665,回民区,38.1,65.1,10.7,37.7,70.4,0.85,54,23.2,69.7,5.2,65.1,1.3,1012.6,DEMO
2026-08-28 16:00:00,HHHT005,二十九中,40.78,111.7,玉泉区,42.0,61.9,11.4,34.7,50.2,0.97,59,19.0,45.7,2.0,254.9,0.0,1016.1,DEMO
2026-08-28 16:00:00,HHHT006,工大金川校区,40.76,111.62,土默特左旗,33.3,49.2,12.4,35.2,53.2,0.86,48,21.1,28.0,1.7,263.6,0.0,1017.1,DEMO
2026-08-28 17:00:00,HHHT001,呼和浩特市环境监测中心站,40.8421,111.749,新城区,27.5,41.6,10.3,31.7,50.0,0.96,39,23.1,60.2,1.9,186.0,1.3,1012.3,DEMO
2026-08-28 17:00:00,HHHT002,如意开发区,40.825,111.8,赛罕区,45.6,63.1,14.7,39.9,55.3,1.01,63,22.3,59.0,0.3,290.2,0.0,1014.0,DEMO
2026-08-28 17:00:00,HHHT003,呼市一监,40.81,111.67,回民区,43.2,58.5,14.1,29.2,34.2,0.86,60,26.8,32.9,2.7,174.3,0.0,1015.5,DEMO
2026-08-28 17:00:00,HHHT004,小召前街,40.805,111.665,回民区,54.5,74.8,18.9,34.6,42.9,1.1,74,19.6,64.5,2.4,233.2,0.0,1007.4,DEMO
2026-08-28 17:00:00,HHHT005,二十九中,40.78,111.7,玉泉区,42.0,53.3,11.3,36.6,48.2,1.03,59,22.6,45.2,2.7,182.5,0.0,1008.3,DEMO
2026-08-28 17:00:00,HHHT006,工大金川校区,40.76,111.62,土默特左旗,31.1,43.6,11.0,32.2,54.5,0.75,44,22.2,32.3,3.3,79.4,0.0,1005.0,DEMO
2026-08-28 18:00:00,HHHT001,呼和浩特市环境监测中心站,40.8421,111.749,新城区,42.6,58.7,17.1,33.8,40.8,0.77,59,23.1,61.2,2.4,56.3,0.0,1015.8,DEMO
2026-08-28 18:00:00,HHHT002,如意开发区,40.825,111.8,赛罕区,41.8,53.6,12.2,42.8,41.3,0.72,58,19.8,24.6,3.9,316.8,0.0,1011.7,DEMO
2026-08-28 18:00:00,HHHT003,呼市一监,40.81,111.67,回民区,47.7,84.0,18.5,30.4,34.8,1.17,66,23.4,51.3,3.3,185.4,1.8,1007.8,DEMO
2026-08-28 18:00:00,HHHT004,小召前街,40.805,111.665,回民区,45.9,65.1,14.2,32.9,60.9,0.81,64,22.5,35.5,4.7,123.4,0.0,1019.6,DEMO
2026-08-28 18:00:00,HHHT005,二十九中,40.78,111.7,玉泉区,61.4,81.5,13.9,33.4,44.2,1.01,83,20.7,57.7,2.0,101.9,0.0,1007.9,DEMO
2026-08-28 18:00:00,HHHT006,工大金川校区,40.76,111.62,土默特左旗,22.6,33.0,21.9,31.4,65.0,0.9,32,18.5,53.9,2.7,55.8,0.0,1012.4,DEMO
2026-08-28 19:00:00,HHHT001,呼和浩特市环境监测中心站,40.8421,111.749,新城区,42.5,60.7,17.5,30.6,57.5,0.87,59,19.8,60.8,4.9,93.7,0.0,1014.3,DEMO
2026-08-28 19:00:00,HHHT002,如意开发区,40.825,111.8,赛罕区,46.8,69.8,13.9,46.5,34.1,1.01,65,18.6,53.4,3.7,55.6,0.0,1014.5,DEMO
2026-08-28 19:00:00,HHHT003,呼市一监,40.81,111.67,回民区,50.7,66.4,14.2,38.2,57.5,0.98,70,28.5,52.2,2.2,122.0,0.0,1010.0,DEMO
2026-08-28 19:00:00,HHHT004,小召前街,40.805,111.665,回民区,48.5,66.2,8.4,30.9,57.0,0.84,67,21.2,42.3,2.5,314.7,0.0,1012.0,DEMO
2026-08-28 19:00:00,HHHT005,二十九中,40.78,111.7,玉泉区,39.1,51.4,11.7,30.6,48.6,1.05,55,22.6,35.1,5.1,263.6,0.0,1016.4,DEMO
2026-08-28 19:00:00,HHHT006,工大金川校区,40.76,111.62,土默特左旗,27.1,37.0,16.9,31.8,44.7,0.84,39,21.6,38.6,2.5,301.3,0.0,1012.5,DEMO
2026-08-28 20:00:00,HHHT001,呼和浩特市环境监测中心站,40.8421,111.749,新城区,37.4,49.1,15.5,30.8,57.4,0.98,53,21.8,32.2,3.6,169.1,0.0,1001.8,DEMO
2026-08-28 20:00:00,HHHT002,如意开发区,40.825,111.8,赛罕区,47.8,66.0,16.9,32.8,52.4,0.9,66,23.3,17.8,3.2,150.2,0.0,1015.9,DEMO
2026-08-28 20:00:00,HHHT003,呼市一监,40.81,111.67,回民区,50.7,75.9,12.8,39.2,52.3,1.04,70,24.3,48.4,1.4,139.1,0.0,1009.9,DEMO
2026-08-28 20:00:00,HHHT004,小召前街,40.805,111.665,回民区,65.5,88.7,14.6,39.3,44.6,1.11,88,27.1,37.1,2.1,165.3,0.0,1006.7,DEMO
2026-08-28 20:00:00,HHHT005,二十九中,40.78,111.7,玉泉区,39.5,52.0,14.5,33.5,23.5,0.97,56,17.6,48.1,4.0,106.4,0.0,1015.5,DEMO
2026-08-28 20:00:00,HHHT006,工大金川校区,40.76,111.62,土默特左旗,39.5,50.3,13.3,38.3,47.5,0.91,56,18.6,50.9,3.2,281.9,0.0,1018.8,DEMO
2026-08-28 21:00:00,HHHT001,呼和浩特市环境监测中心站,40.8421,111.749,新城区,33.2,41.9,11.1,36.3,37.0,0.7,47,21.8,51.5,4.2,138.5,0.0,1006.0,DEMO
2026-08-28 21:00:00,HHHT002,如意开发区,40.825,111.8,赛罕区,31.1,44.0,14.3,36.1,27.5,0.91,44,23.0,60.2,3.2,4.8,0.0,1014.6,DEMO
2026-08-28 21:00:00,HHHT003,呼市一监,40.81,111.67,回民区,32.5,44.5,10.0,26.5,54.5,0.8,46,25.5,47.1,2.9,158.4,0.0,1007.4,DEMO
2026-08-28 21:00:00,HHHT004,小召前街,40.805,111.665,回民区,45.0,65.7,15.6,30.0,59.3,1.05,63,19.0,32.0,2.2,156.4,0.0,1015.1,DEMO
2026-08-28 21:00:00,HHHT005,二十九中,40.78,111.7,玉泉区,43.1,59.3,20.3,25.7,53.4,0.91,60,21.4,40.2,1.1,86.4,0.0,1014.4,DEMO
2026-08-28 21:00:00,HHHT006,工大金川校区,40.76,111.62,土默特左旗,18.6,25.9,16.4,34.9,68.6,0.58,27,25.2,59.5,0.8,97.8,0.0,1014.4,DEMO
2026-08-28 22:00:00,HHHT001,呼和浩特市环境监测中心站,40.8421,111.749,新城区,31.7,55.6,15.7,40.1,38.2,0.82,45,23.9,43.8,2.5,118.6,2.7,1007.3,DEMO
2026-08-28 22:00:00,HHHT002,如意开发区,40.825,111.8,赛罕区,33.2,48.7,10.6,25.7,58.8,0.98,47,24.5,50.6,2.6,302.9,0.0,1017.6,DEMO
2026-08-28 22:00:00,HHHT003,呼市一监,40.81,111.67,回民区,43.3,60.2,10.6,41.6,43.4,0.8,60,25.9,42.6,4.0,83.4,0.0,1012.4,DEMO
2026-08-28 22:00:00,HHHT004,小召前街,40.805,111.665,回民区,46.0,67.6,14.7,34.3,44.4,0.96,64,17.7,56.2,3.5,19.4,0.0,1011.8,DEMO
2026-08-28 22:00:00,HHHT005,二十九中,40.78,111.7,玉泉区,38.8,53.9,9.1,26.5,45.3,0.77,55,20.9,42.1,1.8,5.6,0.0,1006.0,DEMO
2026-08-28 22:00:00,HHHT006,工大金川校区,40.76,111.62,土默特左旗,27.9,38.2,13.8,28.2,54.7,0.87,40,25.8,39.8,3.1,25.6,0.0,1010.4,DEMO
2026-08-28 23:00:00,HHHT001,呼和浩特市环境监测中心站,40.8421,111.749,新城区,28.7,39.0,14.7,33.1,55.9,0.76,41,19.3,40.1,2.8,41.4,0.0,1011.2,DEMO
2026-08-28 23:00:00,HHHT002,如意开发区,40.825,111.8,赛罕区,52.2,72.8,19.6,48.9,46.4,0.91,72,21.0,38.0,2.3,219.0,0.0,1015.8,DEMO
2026-08-28 23:00:00,HHHT003,呼市一监,40.81,111.67,回民区,47.6,68.7,15.8,28.2,54.1,0.89,66,19.7,69.3,2.7,159.3,0.0,1009.9,DEMO
2026-08-28 23:00:00,HHHT004,小召前街,40.805,111.665,回民区,40.4,52.1,19.6,24.6,59.4,0.98,57,19.1,44.9,2.5,251.3,0.0,1002.9,DEMO
2026-08-28 23:00:00,HHHT005,二十九中,40.78,111.7,玉泉区,16.1,21.2,10.3,32.7,37.1,0.82,23,22.6,30.7,4.4,327.1,0.0,1014.2,DEMO
2026-08-28 23:00:00,HHHT006,工大金川校区,40.76,111.62,土默特左旗,18.7,24.6,12.9,29.2,53.2,1.01,27,21.8,16.2,4.0,233.9,0.0,1017.8,DEMO
2026-08-29 00:00:00,HHHT001,呼和浩特市环境监测中心站,40.8421,111.749,新城区,18.6,26.3,6.1,32.2,47.0,0.83,27,22.8,34.3,3.7,172.7,0.0,1015.7,DEMO
2026-08-29 00:00:00,HHHT002,如意开发区,40.825,111.8,赛罕区,37.5,58.7,19.2,39.2,51.5,0.94,53,20.3,67.9,2.1,340.8,3.2,1009.1,DEMO
2026-08-29 00:00:00,HHHT003,呼市一监,40.81,111.67,回民区,27.1,38.2,9.0,38.3,62.0,0.61,39,25.1,61.0,3.8,119.1,0.0,1017.0,DEMO
2026-08-29 00:00:00,HHHT004,小召前街,40.805,111.665,回民区,31.1,41.2,13.5,42.4,51.2,0.73,44,23.8,45.8,3.0,359.6,0.0,1012.3,DEMO
2026-08-29 00:00:00,HHHT005,二十九中,40.78,111.7,玉泉区,33.9,45.5,14.5,32.1,62.7,0.99,48,19.8,67.5,3.5,159.3,0.0,1015.9,DEMO
2026-08-29 00:00:00,HHHT006,工大金川校区,40.76,111.62,土默特左旗,29.1,37.3,7.9,33.9,55.3,0.74,42,21.5,36.4,3.7,255.1,0.0,1007.3,DEMO
2026-08-29 01:00:00,HHHT001,呼和浩特市环境监测中心站,40.8421,111.749,新城区,29.8,37.5,12.2,37.0,59.9,0.87,43,21.6,59.7,4.5,53.8,0.0,1015.7,DEMO
2026-08-29 01:00:00,HHHT002,如意开发区,40.825,111.8,赛罕区,26.9,36.9,8.6,32.9,50.4,0.69,38,26.4,36.3,3.9,201.7,0.0,1013.5,DEMO
2026-08-29 01:00:00,HHHT003,呼市一监,40.81,111.67,回民区,35.3,48.8,16.6,27.4,59.5,0.88,50,24.5,40.8,3.7,124.4,0.0,1002.5,DEMO
2026-08-29 01:00:00,HHHT004,小召前街,40.805,111.665,回民区,41.3,60.9,13.8,31.9,64.7,0.85,58,19.1,27.6,4.8,57.9,0.0,1010.0,DEMO
2026-08-29 01:00:00,HHHT005,二十九中,40.78,111.7,玉泉区,37.9,48.8,13.0,32.7,46.4,1.0,54,25.2,50.8,1.1,272.9,0.0,1015.2,DEMO
2026-08-29 01:00:00,HHHT006,工大金川校区,40.76,111.62,土默特左旗,22.5,29.8,8.8,40.5,42.8,0.83,32,20.5,42.6,3.7,261.8,0.0,1005.0,DEMO
2026-08-29 02:00:00,HHHT001,呼和浩特市环境监测中心站,40.8421,111.749,新城区,18.3,23.6,11.0,32.0,66.5,0.88,26,20.2,30.2,3.6,30.9,0.0,1013.0,DEMO
2026-08-29 02:00:00,HHHT002,如意开发区,40.825,111.8,赛罕区,42.6,63.9,13.8,33.9,36.5,0.9,59,22.5,73.5,3.1,178.4,1.2,1015.6,DEMO
2026-08-29 02:00:00,HHHT003,呼市一监,40.81,111.67,回民区,37.1,46.9,18.3,28.4,53.9,0.91,53,25.8,42.4,3.2,218.0,0.0,1005.5,DEMO
2026-08-29 02:00:00,HHHT004,小召前街,40.805,111.665,回民区,24.0,35.8,15.2,27.0,50.9,0.86,34,24.8,45.2,2.5,3.8,2.5,1007.2,DEMO
2026-08-29 02:00:00,HHHT005,二十九中,40.78,111.7,玉泉区,18.9,26.1,9.4,38.2,51.6,0.79,27,17.7,32.2,3.9,114.6,0.0,1006.3,DEMO
2026-08-29 02:00:00,HHHT006,工大金川校区,40.76,111.62,土默特左旗,19.8,30.0,19.4,37.1,52.4,0.66,28,24.4,48.8,1.7,7.9,3.0,1013.0,DEMO
2026-08-29 03:00:00,HHHT001,呼和浩特市环境监测中心站,40.8421,111.749,新城区,21.0,29.6,13.7,23.3,41.9,0.69,30,22.0,48.5,3.7,12.1,0.0,1018.4,DEMO
2026-08-29 03:00:00,HHHT002,如意开发区,40.825,111.8,赛罕区,52.3,76.7,16.9,39.3,52.8,0.92,72,26.8,51.0,3.1,267.1,0.0,1010.5,DEMO
2026-08-29 03:00:00,HHHT003,呼市一监,40.81,111.67,回民区,24.4,36.4,10.7,26.5,60.9,0.63,35,22.5,37.7,1.9,255.7,0.0,1013.6,DEMO
2026-08-29 03:00:00,HHHT004,小召前街,40.805,111.665,回民区,42.1,55.1,13.8,27.3,61.1,0.97,59,25.5,48.8,2.9,235.1,0.0,1013.7,DEMO
2026-08-29 03:00:00,HHHT005,二十九中,40.78,111.7,玉泉区,27.1,38.5,14.2,29.3,42.0,0.71,39,24.3,42.4,2.6,172.2,0.0,1011.5,DEMO
2026-08-29 03:00:00,HHHT006,工大金川校区,40.76,111.62,土默特左旗,28.2,36.1,11.8,32.2,45.8,0.76,40,21.7,42.1,3.1,87.6,0.0,1013.8,DEMO
2026-08-29 04:00:00,HHHT001,呼和浩特市环境监测中心站,40.8421,111.749,新城区,24.9,33.4,19.3,22.5,62.3,0.99,36,18.5,32.4,2.6,219.5,0.0,1018.7,DEMO
2026-08-29 04:00:00,HHHT002,如意开发区,40.825,111.8,赛罕区,33.9,43.6,15.8,27.5,50.3,0.86,48,26.4,61.1,3.0,286.0,0.0,1015.0,DEMO
2026-08-29 04:00:00,HHHT003,呼市一监,40.81,111.67,回民区,21.2,28.8,12.4,34.0,57.8,0.77,30,22.4,31.1,2.2,133.3,0.0,1016.1,DEMO
2026-08-29 04:00:00,HHHT004,小召前街,40.805,111.665,回民区,37.7,55.6,14.3,32.2,45.7,0.92,53,21.8,28.8,2.1,254.8,0.0,1011.3,DEMO
2026-08-29 04:00:00,HHHT005,二十九中,40.78,111.7,玉泉区,23.1,33.3,10.4,22.6,52.2,0.76,33,18.4,45.4,3.0,210.0,0.0,1012.1,DEMO
2026-08-29 04:00:00,HHHT006,工大金川校区,40.76,111.62,土默特左旗,10.5,13.3,11.6,30.5,57.2,0.64,15,22.1,45.3,1.9,77.3,0.0,1008.3,DEMO
2026-08-29 05:00:00,HHHT001,呼和浩特市环境监测中心站,40.8421,111.749,新城区,14.8,18.5,13.7,33.1,65.8,0.9,21,21.9,57.8,0.4,108.3,0.0,1014.8,DEMO
2026-08-29 05:00:00,HHHT002,如意开发区,40.825,111.8,赛罕区,32.7,44.7,12.1,44.6,57.7,0.82,47,20.4,62.3,5.1,96.2,0.0,1007.5,DEMO
2026-08-29 05:00:00,HHHT003,呼市一监,40.81,111.67,回民区,26.6,36.8,13.4,33.2,59.5,0.56,38,23.5,32.2,3.1,250.0,0.0,1007.0,DEMO
2026-08-29 05:00:00,HHHT004,小召前街,40.805,111.665,回民区,36.7,53.1,14.6,36.1,62.2,0.76,52,22.8,43.2,2.8,307.7,0.0,1007.4,DEMO
2026-08-29 05:00:00,HHHT005,二十九中,40.78,111.7,玉泉区,24.4,32.8,10.7,33.2,55.9,0.87,35,17.8,33.9,3.6,275.0,0.0,1014.1,DEMO
2026-08-29 05:00:00,HHHT006,工大金川校区,40.76,111.62,土默特左旗,17.7,23.2,11.9,35.7,75.5,0.61,25,21.4,40.7,3.7,175.5,0.0,1008.8,DEMO
2026-08-29 06:00:00,HHHT001,呼和浩特市环境监测中心站,40.8421,111.749,新城区,29.7,37.4,9.6,31.6,53.0,0.77,42,15.6,34.8,3.1,138.4,0.0,1011.4,DEMO
2026-08-29 06:00:00,HHHT002,如意开发区,40.825,111.8,赛罕区,38.9,49.3,16.4,27.0,58.7,1.01,55,21.2,41.6,3.3,86.8,0.0,1012.0,DEMO
2026-08-29 06:00:00,HHHT003,呼市一监,40.81,111.67,回民区,26.2,33.1,14.2,29.1,59.6,0.82,37,20.6,48.7,2.9,8.6,0.0,1018.4,DEMO
2026-08-29 06:00:00,HHHT004,小召前街,40.805,111.665,回民区,38.6,48.9,14.3,30.4,55.1,0.77,54,18.4,51.0,2.7,356.3,0.0,1011.0,DEMO
2026-08-29 06:00:00,HHHT005,二十九中,40.78,111.7,玉泉区,21.4,34.7,13.8,30.8,67.1,0.89,31,18.8,62.6,0.4,65.2,0.5,1010.0,DEMO
2026-08-29 06:00:00,HHHT006,工大金川校区,40.76,111.62,土默特左旗,21.4,26.9,8.1,26.1,34.1,0.73,31,22.6,44.1,3.0,197.9,0.0,1009.2,DEMO
2026-08-29 07:00:00,HHHT001,呼和浩特市环境监测中心站,40.8421,111.749,新城区,35.1,45.4,10.1,38.3,41.4,0.89,50,16.4,52.1,1.6,80.5,0.0,1016.6,DEMO
2026-08-29 07:00:00,HHHT002,如意开发区,40.825,111.8,赛罕区,35.0,44.2,12.5,38.4,59.8,0.86,50,28.0,41.1,4.7,14.0,0.0,1014.8,DEMO
2026-08-29 07:00:00,HHHT003,呼市一监,40.81,111.67,回民区,29.4,49.4,15.2,33.0,60.6,0.99,42,21.3,59.0,2.3,206.6,3.3,1014.6,DEMO
2026-08-29 07:00:00,HHHT004,小召前街,40.805,111.665,回民区,35.1,52.9,16.8,30.8,48.4,0.9,50,21.2,37.3,1.2,307.0,0.3,1008.8,DEMO
2026-08-29 07:00:00,HHHT005,二十九中,40.78,111.7,玉泉区,38.7,55.6,18.3,31.0,56.7,0.82,55,21.4,35.2,3.1,108.6,0.0,1010.3,DEMO
2026-08-29 07:00:00,HHHT006,工大金川校区,40.76,111.62,土默特左旗,28.1,41.2,15.5,32.8,56.5,0.87,40,24.1,67.2,2.1,299.2,0.0,1010.2,DEMO
2026-08-29 08:00:00,HHHT001,呼和浩特市环境监测中心站,40.8421,111.749,新城区,32.1,40.5,12.7,42.0,39.8,0.89,46,23.1,44.5,2.9,312.3,0.0,1010.7,DEMO
2026-08-29 08:00:00,HHHT002,如意开发区,40.825,111.8,赛罕区,46.7,66.1,16.1,33.4,48.0,1.06,65,21.3,55.7,3.1,325.0,0.0,1007.3,DEMO
2026-08-29 08:00:00,HHHT003,呼市一监,40.81,111.67,回民区,36.9,57.3,13.3,33.0,45.6,0.77,52,25.0,72.3,1.8,53.1,1.9,1014.9,DEMO
2026-08-29 08:00:00,HHHT004,小召前街,40.805,111.665,回民区,52.3,72.6,9.3,29.7,54.9,1.06,72,20.7,37.8,2.6,142.3,0.0,1017.8,DEMO
2026-08-29 08:00:00,HHHT005,二十九中,40.78,111.7,玉泉区,42.4,55.0,20.1,43.5,64.9,0.98,59,24.0,57.7,2.5,167.9,0.0,1010.5,DEMO
2026-08-29 08:00:00,HHHT006,工大金川校区,40.76,111.62,土默特左旗,31.0,41.3,14.7,36.3,62.6,0.95,44,26.3,39.6,3.8,51.4,0.0,1012.7,DEMO
2026-08-29 09:00:00,HHHT001,呼和浩特市环境监测中心站,40.8421,111.749,新城区,43.3,64.7,14.4,32.3,53.8,0.87,60,20.5,51.6,1.8,85.1,0.0,1008.8,DEMO
2026-08-29 09:00:00,HHHT002,如意开发区,40.825,111.8,赛罕区,45.5,67.8,12.7,48.7,54.5,0.97,63,23.3,55.2,4.8,201.6,0.0,1013.8,DEMO
2026-08-29 09:00:00,HHHT003,呼市一监,40.81,111.67,回民区,40.5,52.0,16.0,30.7,55.9,0.97,57,21.5,43.0,2.5,170.6,0.0,1010.1,DEMO
2026-08-29 09:00:00,HHHT004,小召前街,40.805,111.665,回民区,43.1,60.6,20.2,38.3,48.4,0.84,60,22.4,43.9,4.8,42.2,0.0,1016.9,DEMO
2026-08-29 09:00:00,HHHT005,二十九中,40.78,111.7,玉泉区,24.9,40.3,6.8,33.3,57.0,0.84,36,21.2,44.7,4.2,277.1,1.6,1008.9,DEMO
2026-08-29 09:00:00,HHHT006,工大金川校区,40.76,111.62,土默特左旗,35.5,51.9,13.9,34.0,48.7,0.93,51,26.0,40.4,1.9,308.2,0.0,1011.6,DEMO
2026-08-29 10:00:00,HHHT001,呼和浩特市环境监测中心站,40.8421,111.749,新城区,33.3,48.3,15.0,32.6,47.3,0.9,48,23.0,31.1,4.8,340.5,0.0,1008.9,DEMO
2026-08-29 10:00:00,HHHT002,如意开发区,40.825,111.8,赛罕区,32.0,44.3,13.4,28.7,39.8,0.93,46,20.7,46.5,4.9,79.3,0.0,1007.0,DEMO
2026-08-29 10:00:00,HHHT003,呼市一监,40.81,111.67,回民区,35.8,53.5,14.1,34.4,52.7,1.06,51,16.0,64.2,2.9,146.3,0.0,1011.2,DEMO
2026-08-29 10:00:00,HHHT004,小召前街,40.805,111.665,回民区,47.2,67.8,19.3,27.3,60.9,1.19,65,21.2,69.8,2.7,83.2,0.0,1008.3,DEMO
2026-08-29 10:00:00,HHHT005,二十九中,40.78,111.7,玉泉区,29.2,43.5,14.8,39.1,69.4,0.67,42,27.9,28.9,4.5,70.6,0.0,1009.3,DEMO
2026-08-29 10:00:00,HHHT006,工大金川校区,40.76,111.62,土默特左旗,28.9,37.2,13.4,36.4,59.8,1.04,41,24.2,59.5,0.6,303.6,0.0,1017.5,DEMO
2026-08-29 11:00:00,HHHT001,呼和浩特市环境监测中心站,40.8421,111.749,新城区,31.8,41.9,14.7,29.0,73.9,0.9,45,23.3,61.2,2.6,21.3,0.0,1010.2,DEMO
2026-08-29 11:00:00,HHHT002,如意开发区,40.825,111.8,赛罕区,38.6,56.9,15.2,37.2,69.6,0.97,54,20.2,51.3,2.2,87.1,0.0,1018.1,DEMO
2026-08-29 11:00:00,HHHT003,呼市一监,40.81,111.67,回民区,36.0,45.7,17.1,28.2,63.6,0.93,51,20.8,38.9,3.1,237.8,0.0,1009.2,DEMO
2026-08-29 11:00:00,HHHT004,小召前街,40.805,111.665,回民区,32.1,49.3,16.7,36.0,47.7,0.74,46,18.1,42.9,1.4,334.8,3.7,1006.1,DEMO
2026-08-29 11:00:00,HHHT005,二十九中,40.78,111.7,玉泉区,34.9,52.1,14.3,31.0,64.1,0.72,50,19.8,32.8,2.7,227.2,0.0,1011.3,DEMO
2026-08-29 11:00:00,HHHT006,工大金川校区,40.76,111.62,土默特左旗,24.0,37.8,16.5,38.6,74.6,0.61,34,21.8,42.4,4.3,333.6,2.8,1008.9,DEMO
2026-08-29 12:00:00,HHHT001,呼和浩特市环境监测中心站,40.8421,111.749,新城区,41.8,62.4,13.2,31.7,56.6,0.94,59,30.6,48.8,2.7,43.1,0.0,1015.6,DEMO
2026-08-29 12:00:00,HHHT002,如意开发区,40.825,111.8,赛罕区,27.8,42.9,7.8,41.0,56.2,0.82,40,19.1,56.3,3.6,353.2,0.8,1015.2,DEMO
2026-08-29 12:00:00,HHHT003,呼市一监,40.81,111.67,回民区,40.6,51.9,12.5,34.3,65.7,0.77,57,25.1,29.1,1.7,348.2,0.0,1012.5,DEMO
2026-08-29 12:00:00,HHHT004,小召前街,40.805,111.665,回民区,37.7,50.3,17.1,27.1,59.3,0.9,53,26.3,28.8,3.6,141.0,0.0,1012.7,DEMO
2026-08-29 12:00:00,HHHT005,二十九中,40.78,111.7,玉泉区,38.8,55.6,11.4,30.2,54.7,0.94,55,21.9,45.8,3.3,124.3,0.0,1019.3,DEMO
2026-08-29 12:00:00,HHHT006,工大金川校区,40.76,111.62,土默特左旗,28.3,38.6,6.8,32.4,46.4,0.77,40,20.6,47.5,3.2,77.0,0.0,1020.5,DEMO
2026-08-29 13:00:00,HHHT001,呼和浩特市环境监测中心站,40.8421,111.749,新城区,25.5,32.6,16.6,29.6,62.7,0.7,36,17.2,16.9,5.3,249.1,0.0,1011.3,DEMO
2026-08-29 13:00:00,HHHT002,如意开发区,40.825,111.8,赛罕区,40.3,56.5,11.3,38.2,53.0,0.97,57,19.6,33.4,1.5,101.6,0.0,1015.3,DEMO
2026-08-29 13:00:00,HHHT003,呼市一监,40.81,111.67,回民区,34.6,47.4,14.9,40.4,56.7,0.85,49,20.3,76.2,2.1,315.3,0.0,1016.0,DEMO
2026-08-29 13:00:00,HHHT004,小召前街,40.805,111.665,回民区,43.0,61.1,13.9,32.6,59.4,0.83,60,24.1,18.6,1.4,114.1,0.0,1013.5,DEMO
2026-08-29 13:00:00,HHHT005,二十九中,40.78,111.7,玉泉区,25.2,32.0,10.9,28.2,73.3,0.73,36,25.1,33.2,2.4,82.7,0.0,1008.1,DEMO
2026-08-29 13:00:00,HHHT006,工大金川校区,40.76,111.62,土默特左旗,20.1,27.3,12.7,39.3,55.1,0.76,29,22.4,39.6,2.8,127.1,0.0,1013.2,DEMO
2026-08-29 14:00:00,HHHT001,呼和浩特市环境监测中心站,40.8421,111.749,新城区,31.4,44.5,8.3,30.8,59.2,0.8,45,23.3,57.3,2.9,166.1,0.0,1023.4,DEMO
2026-08-29 14:00:00,HHHT002,如意开发区,40.825,111.8,赛罕区,51.4,71.1,18.3,37.0,48.1,1.0,70,19.8,45.8,3.3,7.1,0.0,1008.6,DEMO
2026-08-29 14:00:00,HHHT003,呼市一监,40.81,111.67,回民区,45.2,66.6,14.2,36.6,64.2,1.02,63,23.3,39.7,1.8,123.3,0.0,1008.6,DEMO
2026-08-29 14:00:00,HHHT004,小召前街,40.805,111.665,回民区,38.1,56.1,13.5,31.7,68.5,0.99,54,17.8,46.3,2.7,230.6,0.0,1012.9,DEMO
2026-08-29 14:00:00,HHHT005,二十九中,40.78,111.7,玉泉区,30.3,38.0,13.3,31.0,50.9,0.63,43,25.6,26.1,0.4,350.4,0.0,1006.4,DEMO
2026-08-29 14:00:00,HHHT006,工大金川校区,40.76,111.62,土默特左旗,23.0,29.9,11.3,28.5,59.4,0.85,33,27.1,38.3,2.6,112.2,0.0,1013.1,DEMO
2026-08-29 15:00:00,HHHT001,呼和浩特市环境监测中心站,40.8421,111.749,新城区,34.5,50.3,15.5,38.8,55.3,0.76,49,27.3,52.2,2.3,212.2,0.0,1017.8,DEMO
2026-08-29 15:00:00,HHHT002,如意开发区,40.825,111.8,赛罕区,32.1,45.3,20.0,33.0,59.5,0.69,46,24.7,66.5,3.5,60.3,0.0,1011.0,DEMO
2026-08-29 15:00:00,HHHT003,呼市一监,40.81,111.67,回民区,39.8,56.9,18.3,36.4,46.1,1.02,56,24.1,34.7,3.3,273.6,0.0,1012.7,DEMO
2026-08-29 15:00:00,HHHT004,小召前街,40.805,111.665,回民区,51.1,71.0,11.9,36.3,54.1,1.13,70,17.4,44.5,3.2,307.8,0.0,1008.5,DEMO
2026-08-29 15:00:00,HHHT005,二十九中,40.78,111.7,玉泉区,29.9,41.0,15.9,26.4,59.7,0.93,43,23.8,51.0,2.9,225.3,0.0,1007.2,DEMO
2026-08-29 15:00:00,HHHT006,工大金川校区,40.76,111.62,土默特左旗,24.7,31.8,17.1,31.2,53.7,0.76,35,21.6,58.5,3.8,110.9,0.0,1011.7,DEMO
2026-08-29 16:00:00,HHHT001,呼和浩特市环境监测中心站,40.8421,111.749,新城区,22.2,30.5,17.2,31.6,62.4,0.92,32,21.6,39.6,2.4,272.5,0.0,1010.1,DEMO
2026-08-29 16:00:00,HHHT002,如意开发区,40.825,111.8,赛罕区,34.3,44.4,6.6,43.7,65.3,0.96,49,26.3,53.2,4.3,233.7,0.0,1014.4,DEMO
2026-08-29 16:00:00,HHHT003,呼市一监,40.81,111.67,回民区,35.8,46.9,13.4,36.4,48.2,0.94,51,19.4,31.5,4.9,70.8,0.0,1005.2,DEMO
2026-08-29 16:00:00,HHHT004,小召前街,40.805,111.665,回民区,40.4,61.4,19.9,27.5,56.7,0.88,57,24.6,59.3,0.4,198.9,2.3,1015.3,DEMO
2026-08-29 16:00:00,HHHT005,二十九中,40.78,111.7,玉泉区,33.9,43.7,13.6,33.2,57.9,0.92,48,20.8,46.3,3.0,282.3,0.0,1012.7,DEMO
2026-08-29 16:00:00,HHHT006,工大金川校区,40.76,111.62,土默特左旗,22.2,29.6,15.3,30.0,73.9,0.52,32,19.5,40.5,3.1,125.3,0.0,1009.0,DEMO
2026-08-29 17:00:00,HHHT001,呼和浩特市环境监测中心站,40.8421,111.749,新城区,43.8,65.3,14.7,39.7,50.3,0.81,61,24.4,57.5,1.8,86.5,0.0,1011.3,DEMO
2026-08-29 17:00:00,HHHT002,如意开发区,40.825,111.8,赛罕区,46.0,63.0,17.1,36.3,53.2,0.83,64,24.7,40.3,0.5,169.5,0.0,1010.3,DEMO
2026-08-29 17:00:00,HHHT003,呼市一监,40.81,111.67,回民区,46.1,67.3,14.9,33.1,53.5,0.91,64,26.9,49.1,2.3,218.5,0.0,1007.4,DEMO
2026-08-29 17:00:00,HHHT004,小召前街,40.805,111.665,回民区,48.9,65.2,14.6,31.6,52.3,1.22,67,21.1,46.5,1.1,311.2,0.0,1010.4,DEMO
2026-08-29 17:00:00,HHHT005,二十九中,40.78,111.7,玉泉区,33.2,43.1,7.5,22.0,55.1,0.88,47,17.4,66.2,3.3,25.0,0.0,1015.7,DEMO
2026-08-29 17:00:00,HHHT006,工大金川校区,40.76,111.62,土默特左旗,25.7,41.7,9.6,36.5,41.8,0.73,37,24.5,47.5,2.5,139.0,1.7,1009.4,DEMO
2026-08-29 18:00:00,HHHT001,呼和浩特市环境监测中心站,40.8421,111.749,新城区,38.5,49.6,16.0,32.8,57.0,0.6,54,20.0,46.6,2.8,92.0,0.0,1014.7,DEMO
2026-08-29 18:00:00,HHHT002,如意开发区,40.825,111.8,赛罕区,44.9,56.2,13.9,30.8,42.7,0.97,62,24.9,39.5,1.8,327.2,0.0,1011.5,DEMO
2026-08-29 18:00:00,HHHT003,呼市一监,40.81,111.67,回民区,36.0,49.5,10.3,32.5,46.8,0.84,51,21.9,48.7,1.8,99.9,0.0,1014.4,DEMO
2026-08-29 18:00:00,HHHT004,小召前街,40.805,111.665,回民区,51.7,65.2,16.9,40.3,43.5,0.92,71,21.3,51.2,1.5,247.7,0.0,1013.2,DEMO
2026-08-29 18:00:00,HHHT005,二十九中,40.78,111.7,玉泉区,33.0,57.4,14.1,25.5,57.6,0.91,47,22.2,49.7,3.5,268.4,3.6,1016.6,DEMO
2026-08-29 18:00:00,HHHT006,工大金川校区,40.76,111.62,土默特左旗,29.7,40.1,14.4,34.0,38.4,1.01,42,21.8,26.0,0.8,90.6,0.0,1008.7,DEMO
2026-08-29 19:00:00,HHHT001,呼和浩特市环境监测中心站,40.8421,111.749,新城区,33.0,44.9,16.7,25.5,54.4,0.94,47,29.2,28.7,2.5,32.9,0.0,1007.0,DEMO
2026-08-29 19:00:00,HHHT002,如意开发区,40.825,111.8,赛罕区,38.5,56.0,19.4,23.2,34.2,0.87,54,22.4,52.3,3.5,114.6,0.0,1015.2,DEMO
2026-08-29 19:00:00,HHHT003,呼市一监,40.81,111.67,回民区,43.4,56.2,14.4,37.8,56.7,0.86,60,26.8,56.0,1.6,22.9,0.0,1009.7,DEMO
2026-08-29 19:00:00,HHHT004,小召前街,40.805,111.665,回民区,56.8,83.1,14.2,38.9,36.2,0.89,77,26.5,43.4,1.6,73.0,0.0,1011.4,DEMO
2026-08-29 19:00:00,HHHT005,二十九中,40.78,111.7,玉泉区,44.7,66.4,13.9,30.9,61.0,1.07,62,29.9,60.4,3.8,32.0,0.0,1018.9,DEMO
2026-08-29 19:00:00,HHHT006,工大金川校区,40.76,111.62,土默特左旗,23.3,32.7,16.1,38.4,44.7,0.75,33,24.7,31.2,1.2,125.3,0.0,1008.9,DEMO
2026-08-29 20:00:00,HHHT001,呼和浩特市环境监测中心站,40.8421,111.749,新城区,39.6,52.7,10.4,37.3,35.5,0.79,56,27.8,44.6,4.6,306.7,0.0,1009.8,DEMO
2026-08-29 20:00:00,HHHT002,如意开发区,40.825,111.8,赛罕区,49.0,69.1,17.0,34.7,46.4,1.17,68,23.0,35.1,2.7,46.5,0.0,1003.8,DEMO
2026-08-29 20:00:00,HHHT003,呼市一监,40.81,111.67,回民区,40.9,53.5,14.4,28.4,43.4,1.01,57,19.6,50.6,2.3,112.6,0.0,1006.6,DEMO
2026-08-29 20:00:00,HHHT004,小召前街,40.805,111.665,回民区,43.6,59.8,10.3,41.3,51.9,0.86,61,21.5,69.9,4.8,53.5,0.0,1012.6,DEMO
2026-08-29 20:00:00,HHHT005,二十九中,40.78,111.7,玉泉区,38.6,54.7,12.2,39.3,41.7,0.8,55,20.3,39.5,2.5,270.2,0.0,1014.6,DEMO
2026-08-29 20:00:00,HHHT006,工大金川校区,40.76,111.62,土默特左旗,43.2,55.3,12.8,36.8,42.8,0.93,60,20.0,59.6,1.6,282.2,0.0,1017.0,DEMO
2026-08-29 21:00:00,HHHT001,呼和浩特市环境监测中心站,40.8421,111.749,新城区,33.4,45.8,15.5,27.3,68.5,0.99,48,19.4,57.7,2.8,13.7,0.0,1010.8,DEMO
2026-08-29 21:00:00,HHHT002,如意开发区,40.825,111.8,赛罕区,32.5,47.1,13.5,28.0,57.6,0.75,46,18.5,31.0,2.6,118.2,0.0,1013.1,DEMO
2026-08-29 21:00:00,HHHT003,呼市一监,40.81,111.67,回民区,29.3,45.9,14.8,26.2,44.7,0.85,42,22.6,44.1,1.5,259.9,1.3,1016.7,DEMO
2026-08-29 21:00:00,HHHT004,小召前街,40.805,111.665,回民区,45.9,59.3,8.5,35.1,43.5,0.98,64,25.3,43.8,3.8,279.4,0.0,1016.1,DEMO
2026-08-29 21:00:00,HHHT005,二十九中,40.78,111.7,玉泉区,41.2,57.0,14.1,34.0,48.6,0.84,58,20.4,32.2,4.5,157.6,0.0,1006.7,DEMO
2026-08-29 21:00:00,HHHT006,工大金川校区,40.76,111.62,土默特左旗,19.4,28.8,16.6,30.4,36.9,0.87,28,25.0,30.6,3.7,18.4,0.0,1012.0,DEMO
2026-08-29 22:00:00,HHHT001,呼和浩特市环境监测中心站,40.8421,111.749,新城区,31.5,45.5,14.8,37.4,40.4,0.94,45,26.7,76.1,0.9,145.4,0.0,1014.4,DEMO
2026-08-29 22:00:00,HHHT002,如意开发区,40.825,111.8,赛罕区,32.5,45.0,14.0,31.6,70.0,0.97,46,20.1,56.1,3.0,266.5,0.0,1017.6,DEMO
2026-08-29 22:00:00,HHHT003,呼市一监,40.81,111.67,回民区,30.8,41.5,11.3,34.1,49.3,0.85,44,22.4,56.5,2.1,24.0,0.0,1009.5,DEMO
2026-08-29 22:00:00,HHHT004,小召前街,40.805,111.665,回民区,44.4,56.6,16.8,32.9,55.3,1.06,62,19.5,57.8,2.7,5.2,0.0,1019.6,DEMO
2026-08-29 22:00:00,HHHT005,二十九中,40.78,111.7,玉泉区,27.8,41.1,13.7,32.5,63.5,0.84,40,17.8,28.1,0.7,218.7,0.0,1015.0,DEMO
2026-08-29 22:00:00,HHHT006,工大金川校区,40.76,111.62,土默特左旗,24.0,32.5,19.9,34.7,56.6,0.63,34,19.4,49.7,4.7,22.8,0.0,1007.1,DEMO
2026-08-29 23:00:00,HHHT001,呼和浩特市环境监测中心站,40.8421,111.749,新城区,23.1,34.4,11.3,37.9,46.5,0.92,33,22.2,56.4,5.0,150.2,0.0,1014.6,DEMO
2026-08-29 23:00:00,HHHT002,如意开发区,40.825,111.8,赛罕区,42.5,62.8,17.9,39.2,47.0,1.05,59,23.5,34.0,3.7,318.4,0.0,1006.2,DEMO
2026-08-29 23:00:00,HHHT003,呼市一监,40.81,111.67,回民区,24.9,31.7,18.6,30.7,32.6,0.88,36,23.6,44.4,3.9,20.1,0.0,1016.3,DEMO
2026-08-29 23:00:00,HHHT004,小召前街,40.805,111.665,回民区,29.3,43.5,12.8,28.7,52.4,0.9,42,26.4,32.4,4.6,16.1,2.6,1016.8,DEMO
2026-08-29 23:00:00,HHHT005,二十九中,40.78,111.7,玉泉区,27.0,39.3,17.5,33.7,40.6,0.88,39,24.8,52.3,3.1,125.9,0.0,1010.7,DEMO
2026-08-29 23:00:00,HHHT006,工大金川校区,40.76,111.62,土默特左旗,28.3,47.7,9.8,26.8,57.4,0.79,40,22.3,44.1,2.7,79.6,3.5,1013.3,DEMO
2026-08-30 00:00:00,HHHT001,呼和浩特市环境监测中心站,40.8421,111.749,新城区,20.7,29.0,10.2,37.0,63.1,0.51,30,18.6,42.7,1.4,64.9,0.0,1013.2,DEMO
2026-08-30 00:00:00,HHHT002,如意开发区,40.825,111.8,赛罕区,26.2,36.3,16.9,36.0,40.9,0.74,37,16.9,24.6,0.9,50.5,0.0,1008.3,DEMO
2026-08-30 00:00:00,HHHT003,呼市一监,40.81,111.67,回民区,29.1,41.5,7.9,35.1,51.9,1.0,42,22.0,57.1,0.9,71.8,0.0,1008.9,DEMO
2026-08-30 00:00:00,HHHT004,小召前街,40.805,111.665,回民区,35.6,52.4,15.3,40.6,55.5,0.89,51,17.7,40.2,3.6,157.0,0.0,1006.0,DEMO
2026-08-30 00:00:00,HHHT005,二十九中,40.78,111.7,玉泉区,24.0,33.9,12.1,30.1,42.2,0.67,34,23.5,62.4,2.6,238.3,0.0,1009.6,DEMO
2026-08-30 00:00:00,HHHT006,工大金川校区,40.76,111.62,土默特左旗,14.2,18.8,9.9,34.5,72.7,0.65,20,22.3,64.9,2.2,13.0,0.0,1010.3,DEMO
2026-08-30 01:00:00,HHHT001,呼和浩特市环境监测中心站,40.8421,111.749,新城区,11.8,16.4,18.3,35.4,53.7,0.65,17,22.6,45.9,2.7,201.7,0.0,1020.9,DEMO
2026-08-30 01:00:00,HHHT002,如意开发区,40.825,111.8,赛罕区,23.7,29.8,18.1,34.3,55.3,0.68,34,20.9,71.6,3.2,87.0,0.0,1006.9,DEMO
2026-08-30 01:00:00,HHHT003,呼市一监,40.81,111.67,回民区,19.7,27.9,10.1,31.5,42.2,0.95,28,26.9,62.5,1.4,148.6,0.0,1015.5,DEMO
2026-08-30 01:00:00,HHHT004,小召前街,40.805,111.665,回民区,23.1,32.1,14.8,40.9,74.8,0.79,33,18.2,47.0,1.9,164.1,0.0,1015.0,DEMO
2026-08-30 01:00:00,HHHT005,二十九中,40.78,111.7,玉泉区,31.6,43.5,16.2,29.5,34.4,0.94,45,28.4,28.6,3.6,324.4,0.0,1004.3,DEMO
2026-08-30 01:00:00,HHHT006,工大金川校区,40.76,111.62,土默特左旗,14.4,18.8,10.8,20.8,55.1,0.7,21,21.2,40.6,1.9,255.6,0.0,1010.6,DEMO
2026-08-30 02:00:00,HHHT001,呼和浩特市环境监测中心站,40.8421,111.749,新城区,10.5,13.9,8.3,29.8,52.0,0.5,15,18.5,57.1,4.6,241.0,0.0,1009.7,DEMO
2026-08-30 02:00:00,HHHT002,如意开发区,40.825,111.8,赛罕区,31.3,46.2,6.8,34.8,57.4,0.89,45,15.7,37.0,2.4,182.7,0.0,1007.5,DEMO
2026-08-30 02:00:00,HHHT003,呼市一监,40.81,111.67,回民区,19.0,24.4,13.5,20.5,50.6,0.71,27,21.8,43.6,5.0,56.9,0.0,1013.4,DEMO
2026-08-30 02:00:00,HHHT004,小召前街,40.805,111.665,回民区,22.4,32.6,15.1,27.9,49.4,0.84,32,18.3,49.1,2.1,113.7,0.0,1011.9,DEMO
2026-08-30 02:00:00,HHHT005,二十九中,40.78,111.7,玉泉区,16.9,23.9,14.2,30.7,35.6,0.76,24,20.6,53.9,2.5,104.3,0.0,1012.0,DEMO
2026-08-30 02:00:00,HHHT006,工大金川校区,40.76,111.62,土默特左旗,11.9,16.6,13.7,36.4,53.0,0.55,17,16.7,48.8,4.0,145.1,0.0,1016.4,DEMO
2026-08-30 03:00:00,HHHT001,呼和浩特市环境监测中心站,40.8421,111.749,新城区,5.0,7.1,13.3,28.5,66.5,0.67,7,19.0,47.4,4.7,132.0,0.0,1013.5,DEMO
2026-08-30 03:00:00,HHHT002,如意开发区,40.825,111.8,赛罕区,31.0,44.1,17.5,32.0,43.1,0.86,44,20.6,46.1,4.8,48.8,0.0,1012.0,DEMO
2026-08-30 03:00:00,HHHT003,呼市一监,40.81,111.67,回民区,26.9,37.4,15.0,41.2,48.7,0.82,38,22.9,53.1,2.4,136.4,0.0,1016.5,DEMO
2026-08-30 03:00:00,HHHT004,小召前街,40.805,111.665,回民区,23.4,32.5,12.5,32.1,49.1,0.72,33,24.5,42.1,4.5,168.3,0.0,1012.2,DEMO
2026-08-30 03:00:00,HHHT005,二十九中,40.78,111.7,玉泉区,22.4,30.1,12.1,31.8,41.3,0.82,32,23.5,45.6,2.3,302.7,0.0,1007.3,DEMO
2026-08-30 03:00:00,HHHT006,工大金川校区,40.76,111.62,土默特左旗,14.2,18.3,9.9,31.3,47.4,0.71,20,22.8,48.8,3.7,291.9,0.0,1017.6,DEMO
2026-08-30 04:00:00,HHHT001,呼和浩特市环境监测中心站,40.8421,111.749,新城区,18.7,25.0,15.1,26.5,58.5,0.67,27,22.6,50.0,3.3,131.3,0.0,1009.0,DEMO
2026-08-30 04:00:00,HHHT002,如意开发区,40.825,111.8,赛罕区,21.2,29.9,14.9,27.8,47.4,0.63,30,22.7,32.9,1.0,196.1,0.0,1008.6,DEMO
2026-08-30 04:00:00,HHHT003,呼市一监,40.81,111.67,回民区,22.0,31.7,9.2,29.9,43.1,0.66,31,21.1,68.6,2.8,347.1,0.0,1007.1,DEMO
2026-08-30 04:00:00,HHHT004,小召前街,40.805,111.665,回民区,28.7,38.1,14.0,32.4,57.7,0.85,41,22.3,55.0,2.6,122.7,0.0,1015.0,DEMO
2026-08-30 04:00:00,HHHT005,二十九中,40.78,111.7,玉泉区,22.8,33.9,13.7,27.0,47.2,0.8,33,22.0,53.8,0.8,4.4,0.0,1006.6,DEMO
2026-08-30 04:00:00,HHHT006,工大金川校区,40.76,111.62,土默特左旗,5.0,6.4,13.3,27.9,50.9,0.71,7,19.3,52.1,4.4,31.3,0.0,1011.8,DEMO
2026-08-30 05:00:00,HHHT001,呼和浩特市环境监测中心站,40.8421,111.749,新城区,11.4,18.1,14.9,30.6,66.8,0.74,16,20.2,48.4,3.2,350.4,3.8,1016.4,DEMO
2026-08-30 05:00:00,HHHT002,如意开发区,40.825,111.8,赛罕区,22.3,30.7,8.9,32.2,57.6,0.91,32,28.3,15,4.5,128.9,0.0,1016.3,DEMO
2026-08-30 05:00:00,HHHT003,呼市一监,40.81,111.67,回民区,22.7,33.1,13.9,25.8,55.8,0.81,32,23.6,38.4,2.2,243.3,0.0,1010.4,DEMO
2026-08-30 05:00:00,HHHT004,小召前街,40.805,111.665,回民区,31.6,47.4,20.2,24.6,38.5,0.9,45,25.6,29.3,5.4,35.6,0.0,1010.9,DEMO
2026-08-30 05:00:00,HHHT005,二十九中,40.78,111.7,玉泉区,8.8,12.0,12.6,34.3,44.2,0.75,13,22.3,41.3,3.5,116.3,0.0,1019.5,DEMO
2026-08-30 05:00:00,HHHT006,工大金川校区,40.76,111.62,土默特左旗,11.5,15.6,10.8,22.9,51.4,0.42,16,26.1,47.4,2.4,214.3,0.0,1014.3,DEMO
2026-08-30 06:00:00,HHHT001,呼和浩特市环境监测中心站,40.8421,111.749,新城区,15.0,21.4,7.4,28.4,55.9,0.91,21,20.1,32.7,3.6,12.2,0.0,1005.4,DEMO
2026-08-30 06:00:00,HHHT002,如意开发区,40.825,111.8,赛罕区,38.9,55.8,16.3,27.9,51.5,0.88,55,19.4,16.1,2.3,252.7,0.0,1003.8,DEMO
2026-08-30 06:00:00,HHHT003,呼市一监,40.81,111.67,回民区,34.5,48.7,9.6,33.9,63.0,0.82,49,21.0,44.8,3.4,274.2,0.0,1012.5,DEMO
2026-08-30 06:00:00,HHHT004,小召前街,40.805,111.665,回民区,38.7,49.1,17.5,39.5,56.6,0.74,55,19.9,49.2,1.4,306.5,0.0,1003.4,DEMO
2026-08-30 06:00:00,HHHT005,二十九中,40.78,111.7,玉泉区,27.3,34.7,16.9,38.0,47.4,0.7,39,16.9,50.8,2.3,146.7,0.0,1012.6,DEMO
2026-08-30 06:00:00,HHHT006,工大金川校区,40.76,111.62,土默特左旗,15.9,21.5,18.1,37.3,58.1,0.75,23,20.0,32.0,3.0,292.7,0.0,1011.5,DEMO
2026-08-30 07:00:00,HHHT001,呼和浩特市环境监测中心站,40.8421,111.749,新城区,20.8,31.8,11.4,33.0,52.1,0.9,30,21.7,37.7,3.4,226.4,4.0,1007.7,DEMO
2026-08-30 07:00:00,HHHT002,如意开发区,40.825,111.8,赛罕区,35.0,51.7,13.4,36.0,63.2,0.83,50,21.6,20.8,3.0,196.7,0.0,1012.5,DEMO
2026-08-30 07:00:00,HHHT003,呼市一监,40.81,111.67,回民区,33.6,43.1,12.4,31.3,38.2,0.84,48,23.9,35.9,3.1,269.8,0.0,1018.3,DEMO
2026-08-30 07:00:00,HHHT004,小召前街,40.805,111.665,回民区,41.4,59.1,16.6,35.7,51.8,0.91,58,20.4,42.9,1.8,217.7,0.0,1019.0,DEMO
2026-08-30 07:00:00,HHHT005,二十九中,40.78,111.7,玉泉区,33.5,46.2,17.4,38.9,60.6,0.68,48,20.5,52.7,2.4,172.2,0.0,1009.4,DEMO
2026-08-30 07:00:00,HHHT006,工大金川校区,40.76,111.62,土默特左旗,24.6,36.5,10.5,28.9,53.5,0.87,35,23.5,54.9,4.1,44.1,0.0,1018.2,DEMO
2026-08-30 08:00:00,HHHT001,呼和浩特市环境监测中心站,40.8421,111.749,新城区,17.2,24.0,14.0,35.0,47.1,0.76,25,21.5,51.9,4.4,118.0,0.0,1015.1,DEMO
2026-08-30 08:00:00,HHHT002,如意开发区,40.825,111.8,赛罕区,41.9,58.9,10.3,31.1,63.1,0.93,59,20.1,46.1,2.6,35.7,0.0,1015.6,DEMO
2026-08-30 08:00:00,HHHT003,呼市一监,40.81,111.67,回民区,29.4,38.5,12.2,31.2,49.1,0.84,42,22.6,37.6,3.5,143.0,0.0,1012.4,DEMO
2026-08-30 08:00:00,HHHT004,小召前街,40.805,111.665,回民区,45.5,61.0,12.6,23.8,68.8,0.97,63,23.3,72.6,3.9,65.6,0.0,1007.0,DEMO
2026-08-30 08:00:00,HHHT005,二十九中,40.78,111.7,玉泉区,32.1,43.5,11.3,34.9,56.0,0.9,46,23.4,47.6,4.0,91.7,0.0,1012.6,DEMO
2026-08-30 08:00:00,HHHT006,工大金川校区,40.76,111.62,土默特左旗,13.2,18.6,12.1,30.8,50.5,0.77,19,19.9,56.6,4.7,184.7,0.0,1016.6,DEMO
2026-08-30 09:00:00,HHHT001,呼和浩特市环境监测中心站,40.8421,111.749,新城区,28.4,40.5,12.0,31.0,47.3,0.84,41,30.4,40.5,1.6,115.8,0.0,1010.1,DEMO
2026-08-30 09:00:00,HHHT002,如意开发区,40.825,111.8,赛罕区,36.1,45.2,10.0,42.3,44.1,0.87,51,23.9,16.3,0.5,110.9,0.0,1016.5,DEMO
2026-08-30 09:00:00,HHHT003,呼市一监,40.81,111.67,回民区,29.1,51.1,9.7,33.4,56.4,0.98,42,27.0,55.3,2.8,315.0,1.7,1014.6,DEMO
2026-08-30 09:00:00,HHHT004,小召前街,40.805,111.665,回民区,32.7,42.9,11.3,34.5,54.4,0.92,47,26.5,65.3,2.0,47.8,0.0,1006.8,DEMO
2026-08-30 09:00:00,HHHT005,二十九中,40.78,111.7,玉泉区,16.3,21.7,15.6,32.7,63.2,0.72,23,28.1,48.2,2.7,123.2,0.0,1006.3,DEMO
2026-08-30 09:00:00,HHHT006,工大金川校区,40.76,111.62,土默特左旗,19.5,24.4,12.0,31.6,57.2,0.63,28,26.6,44.1,1.6,288.6,0.0,1010.8,DEMO
2026-08-30 10:00:00,HHHT001,呼和浩特市环境监测中心站,40.8421,111.749,新城区,17.0,21.9,6.9,45.7,56.0,0.74,24,16.3,42.7,3.2,152.7,0.0,1003.7,DEMO
2026-08-30 10:00:00,HHHT002,如意开发区,40.825,111.8,赛罕区,27.1,37.1,16.2,39.6,49.0,0.88,39,23.3,18.8,2.8,12.0,0.0,1014.1,DEMO
2026-08-30 10:00:00,HHHT003,呼市一监,40.81,111.67,回民区,35.7,52.1,12.4,32.2,49.6,0.75,51,20.8,35.8,3.5,345.6,0.0,1014.3,DEMO
2026-08-30 10:00:00,HHHT004,小召前街,40.805,111.665,回民区,27.3,39.3,13.7,34.5,62.3,0.79,39,19.7,39.9,4.6,337.7,0.0,1008.2,DEMO
2026-08-30 10:00:00,HHHT005,二十九中,40.78,111.7,玉泉区,19.6,26.1,12.4,29.7,61.4,0.89,28,20.1,40.7,2.0,268.8,0.0,1012.2,DEMO
2026-08-30 10:00:00,HHHT006,工大金川校区,40.76,111.62,土默特左旗,22.2,29.0,11.4,36.2,55.6,0.64,32,24.1,65.7,1.7,129.4,0.0,1011.5,DEMO
2026-08-30 11:00:00,HHHT001,呼和浩特市环境监测中心站,40.8421,111.749,新城区,16.0,21.5,13.3,37.5,58.2,0.71,23,21.1,61.1,2.5,353.1,0.0,1006.6,DEMO
2026-08-30 11:00:00,HHHT002,如意开发区,40.825,111.8,赛罕区,24.5,33.3,9.4,30.0,55.5,0.81,35,24.3,30.2,4.7,301.1,0.0,1013.0,DEMO
2026-08-30 11:00:00,HHHT003,呼市一监,40.81,111.67,回民区,19.5,28.5,12.4,32.7,78.5,0.86,28,19.8,43.0,3.0,140.6,0.0,1009.7,DEMO
2026-08-30 11:00:00,HHHT004,小召前街,40.805,111.665,回民区,35.1,46.2,15.9,29.3,50.0,0.91,50,21.8,37.9,3.1,246.0,0.0,1014.3,DEMO
2026-08-30 11:00:00,HHHT005,二十九中,40.78,111.7,玉泉区,14.2,22.9,13.4,30.9,71.7,0.78,20,14.9,64.4,4.3,259.2,1.9,1017.2,DEMO
2026-08-30 11:00:00,HHHT006,工大金川校区,40.76,111.62,土默特左旗,17.5,23.9,11.1,17.2,50.1,0.67,25,16.7,23.0,5.2,65.7,0.0,1009.6,DEMO
2026-08-30 12:00:00,HHHT001,呼和浩特市环境监测中心站,40.8421,111.749,新城区,21.2,30.2,18.6,30.1,60.4,0.76,30,22.3,44.3,0.6,280.9,0.0,1010.9,DEMO
2026-08-30 12:00:00,HHHT002,如意开发区,40.825,111.8,赛罕区,28.1,39.7,11.3,28.2,46.8,0.82,40,21.3,52.0,2.5,144.2,0.0,1011.7,DEMO
2026-08-30 12:00:00,HHHT003,呼市一监,40.81,111.67,回民区,27.0,34.7,8.4,29.1,77.7,0.89,39,20.0,57.6,2.8,97.4,0.0,1007.5,DEMO
2026-08-30 12:00:00,HHHT004,小召前街,40.805,111.665,回民区,35.7,53.1,20.7,38.1,53.6,0.8,51,21.3,61.2,2.5,253.2,0.0,1011.3,DEMO
2026-08-30 12:00:00,HHHT005,二十九中,40.78,111.7,玉泉区,32.7,41.2,10.7,31.0,58.1,0.97,47,18.5,59.0,3.2,15.2,0.0,1009.8,DEMO
2026-08-30 12:00:00,HHHT006,工大金川校区,40.76,111.62,土默特左旗,10.2,12.8,13.3,26.9,51.7,0.76,15,21.2,41.7,3.7,19.8,0.0,1008.9,DEMO
2026-08-30 13:00:00,HHHT001,呼和浩特市环境监测中心站,40.8421,111.749,新城区,13.6,18.7,13.0,25.5,49.1,0.76,19,20.4,41.6,3.8,116.6,0.0,1010.0,DEMO
2026-08-30 13:00:00,HHHT002,如意开发区,40.825,111.8,赛罕区,35.9,51.8,12.9,35.3,79.5,0.83,51,29.4,57.8,1.7,334.9,0.0,1012.3,DEMO
2026-08-30 13:00:00,HHHT003,呼市一监,40.81,111.67,回民区,25.6,34.2,17.6,31.3,56.7,0.87,37,22.3,50.9,3.0,250.6,0.0,1009.3,DEMO
2026-08-30 13:00:00,HHHT004,小召前街,40.805,111.665,回民区,30.7,40.5,17.0,38.0,67.7,0.78,44,21.3,22.8,0.8,136.3,0.0,1014.6,DEMO
2026-08-30 13:00:00,HHHT005,二十九中,40.78,111.7,玉泉区,25.1,32.0,13.8,33.9,56.8,0.83,36,20.4,38.4,3.3,315.8,0.0,1004.4,DEMO
2026-08-30 13:00:00,HHHT006,工大金川校区,40.76,111.62,土默特左旗,17.8,31.1,11.9,36.7,55.3,0.82,25,24.0,59.3,2.2,265.7,2.7,1011.0,DEMO
2026-08-30 14:00:00,HHHT001,呼和浩特市环境监测中心站,40.8421,111.749,新城区,27.0,39.6,10.5,31.0,56.9,0.71,39,23.9,59.6,2.7,95.0,0.0,1012.5,DEMO
2026-08-30 14:00:00,HHHT002,如意开发区,40.825,111.8,赛罕区,32.4,41.7,15.5,30.4,62.7,0.81,46,19.8,47.0,2.9,111.0,0.0,1007.2,DEMO
2026-08-30 14:00:00,HHHT003,呼市一监,40.81,111.67,回民区,16.0,22.8,12.4,23.8,59.3,0.63,23,25.2,41.6,1.2,229.5,0.0,1011.5,DEMO
2026-08-30 14:00:00,HHHT004,小召前街,40.805,111.665,回民区,25.2,34.9,15.6,39.3,62.3,0.92,36,20.3,48.6,1.7,118.5,0.0,1014.7,DEMO
2026-08-30 14:00:00,HHHT005,二十九中,40.78,111.7,玉泉区,33.0,46.5,14.1,37.3,56.8,0.82,47,17.8,57.8,3.7,256.4,0.0,1007.8,DEMO
2026-08-30 14:00:00,HHHT006,工大金川校区,40.76,111.62,土默特左旗,23.3,34.5,16.9,31.3,55.2,0.53,33,25.7,56.8,5.5,306.4,0.0,1009.5,DEMO
2026-08-30 15:00:00,HHHT001,呼和浩特市环境监测中心站,40.8421,111.749,新城区,12.0,16.5,16.1,30.6,62.4,0.9,17,23.0,52.1,4.9,125.5,0.0,1005.9,DEMO
2026-08-30 15:00:00,HHHT002,如意开发区,40.825,111.8,赛罕区,29.4,44.0,11.2,23.9,70.7,0.89,42,21.6,44.5,3.5,40.1,0.0,1019.0,DEMO
2026-08-30 15:00:00,HHHT003,呼市一监,40.81,111.67,回民区,28.5,42.2,3.9,33.9,62.9,0.72,41,25.2,41.3,2.0,141.9,0.0,1007.6,DEMO
2026-08-30 15:00:00,HHHT004,小召前街,40.805,111.665,回民区,46.0,58.1,15.2,40.5,66.1,0.8,64,23.1,64.5,4.3,327.7,0.0,1004.5,DEMO
2026-08-30 15:00:00,HHHT005,二十九中,40.78,111.7,玉泉区,25.6,40.6,11.4,34.5,62.6,0.99,37,16.2,52.0,3.3,69.4,2.6,1018.5,DEMO
2026-08-30 15:00:00,HHHT006,工大金川校区,40.76,111.62,土默特左旗,14.4,19.5,15.1,31.3,74.3,0.66,21,21.1,64.8,3.7,219.1,0.0,1008.0,DEMO
2026-08-30 16:00:00,HHHT001,呼和浩特市环境监测中心站,40.8421,111.749,新城区,28.5,40.1,6.2,30.6,61.8,0.79,41,20.3,54.0,4.0,182.6,0.0,1013.3,DEMO
2026-08-30 16:00:00,HHHT002,如意开发区,40.825,111.8,赛罕区,36.1,48.4,10.6,29.3,66.0,0.89,51,22.7,53.1,4.7,140.2,0.0,1004.6,DEMO
2026-08-30 16:00:00,HHHT003,呼市一监,40.81,111.67,回民区,26.6,35.4,10.5,31.2,62.1,0.74,38,22.7,48.7,2.4,37.6,0.0,1020.1,DEMO
2026-08-30 16:00:00,HHHT004,小召前街,40.805,111.665,回民区,25.1,35.2,7.5,36.4,62.6,0.84,36,19.5,46.3,2.9,72.9,0.0,1014.7,DEMO
2026-08-30 16:00:00,HHHT005,二十九中,40.78,111.7,玉泉区,19.1,25.0,19.3,24.7,52.9,0.82,27,16.6,77.3,4.2,280.4,0.0,1018.3,DEMO
2026-08-30 16:00:00,HHHT006,工大金川校区,40.76,111.62,土默特左旗,20.5,29.7,12.3,26.9,59.4,0.88,29,22.4,35.6,4.3,85.2,0.0,1007.5,DEMO
2026-08-30 17:00:00,HHHT001,呼和浩特市环境监测中心站,40.8421,111.749,新城区,32.4,45.5,12.1,32.6,50.9,0.86,46,21.9,48.4,0.9,318.4,0.0,1015.0,DEMO
2026-08-30 17:00:00,HHHT002,如意开发区,40.825,111.8,赛罕区,37.4,50.6,15.3,32.8,44.2,0.84,53,22.2,52.1,2.5,7.9,0.0,1016.8,DEMO
2026-08-30 17:00:00,HHHT003,呼市一监,40.81,111.67,回民区,41.0,57.3,10.3,39.7,49.0,0.87,57,21.3,36.5,3.1,46.5,0.0,1013.3,DEMO
2026-08-30 17:00:00,HHHT004,小召前街,40.805,111.665,回民区,45.3,66.0,16.3,30.3,42.4,1.06,63,16.6,59.5,1.2,333.2,0.0,1006.6,DEMO
2026-08-30 17:00:00,HHHT005,二十九中,40.78,111.7,玉泉区,29.8,43.6,13.3,35.3,65.9,0.9,43,17.2,37.2,3.4,157.9,0.0,1017.7,DEMO
2026-08-30 17:00:00,HHHT006,工大金川校区,40.76,111.62,土默特左旗,30.1,39.7,13.2,28.3,47.2,0.82,43,26.4,41.4,1.2,194.0,0.0,1015.5,DEMO
2026-08-30 18:00:00,HHHT001,呼和浩特市环境监测中心站,40.8421,111.749,新城区,24.1,34.3,12.2,31.9,57.2,0.8,34,23.7,47.4,2.6,237.3,0.0,1014.3,DEMO
2026-08-30 18:00:00,HHHT002,如意开发区,40.825,111.8,赛罕区,35.7,52.1,9.5,39.6,45.5,0.89,51,19.9,62.9,3.8,136.2,0.0,1014.9,DEMO
2026-08-30 18:00:00,HHHT003,呼市一监,40.81,111.67,回民区,28.9,40.4,10.6,38.4,49.5,0.99,41,22.3,35.0,4.1,233.4,0.0,1010.1,DEMO
2026-08-30 18:00:00,HHHT004,小召前街,40.805,111.665,回民区,45.6,79.6,14.9,32.0,51.5,1.01,63,24.2,44.3,4.9,275.1,1.9,1017.0,DEMO
2026-08-30 18:00:00,HHHT005,二十九中,40.78,111.7,玉泉区,21.2,29.0,14.5,32.2,60.7,0.75,30,23.0,47.0,4.7,348.5,0.0,1012.8,DEMO
2026-08-30 18:00:00,HHHT006,工大金川校区,40.76,111.62,土默特左旗,25.1,33.4,10.2,34.3,46.2,0.69,36,22.6,42.9,3.7,295.8,0.0,1012.8,DEMO
2026-08-30 19:00:00,HHHT001,呼和浩特市环境监测中心站,40.8421,111.749,新城区,26.6,33.7,15.0,25.9,64.3,1.08,38,25.3,52.0,1.2,259.5,0.0,1013.6,DEMO
2026-08-30 19:00:00,HHHT002,如意开发区,40.825,111.8,赛罕区,28.9,43.9,8.6,31.7,72.9,0.79,41,23.7,54.7,4.1,273.9,2.4,1015.1,DEMO
2026-08-30 19:00:00,HHHT003,呼市一监,40.81,111.67,回民区,44.8,57.1,15.4,34.4,42.8,1.17,62,23.3,67.0,1.7,173.1,0.0,1015.0,DEMO
2026-08-30 19:00:00,HHHT004,小召前街,40.805,111.665,回民区,40.8,53.2,12.3,27.9,33.4,0.9,57,19.8,49.2,2.5,27.2,0.0,1008.5,DEMO
2026-08-30 19:00:00,HHHT005,二十九中,40.78,111.7,玉泉区,28.3,38.6,17.8,40.8,58.0,0.73,40,26.0,53.7,1.4,154.6,0.0,1018.0,DEMO
2026-08-30 19:00:00,HHHT006,工大金川校区,40.76,111.62,土默特左旗,15.2,21.4,12.1,28.6,38.8,0.65,22,24.7,44.2,1.8,308.6,0.0,1009.7,DEMO
2026-08-30 20:00:00,HHHT001,呼和浩特市环境监测中心站,40.8421,111.749,新城区,26.9,34.1,11.5,31.0,55.0,0.71,38,22.4,31.7,1.9,5.0,0.0,1011.7,DEMO
2026-08-30 20:00:00,HHHT002,如意开发区,40.825,111.8,赛罕区,28.1,38.2,14.8,30.9,42.9,0.78,40,22.8,49.0,1.5,278.9,0.0,1017.8,DEMO
2026-08-30 20:00:00,HHHT003,呼市一监,40.81,111.67,回民区,35.2,46.2,17.0,28.5,52.4,0.86,50,20.4,40.9,2.1,341.8,0.0,1010.4,DEMO
2026-08-30 20:00:00,HHHT004,小召前街,40.805,111.665,回民区,43.3,56.0,16.1,34.4,38.9,0.82,60,22.1,55.9,0.3,155.1,0.0,1017.3,DEMO
2026-08-30 20:00:00,HHHT005,二十九中,40.78,111.7,玉泉区,20.1,33.9,16.8,26.0,55.1,0.87,29,20.9,46.8,1.5,312.1,1.7,1008.5,DEMO
2026-08-30 20:00:00,HHHT006,工大金川校区,40.76,111.62,土默特左旗,26.6,33.5,12.2,30.3,59.3,0.74,38,19.9,50.0,4.7,196.0,0.0,1012.3,DEMO
2026-08-30 21:00:00,HHHT001,呼和浩特市环境监测中心站,40.8421,111.749,新城区,26.8,38.3,13.7,36.4,59.4,0.68,38,23.8,43.5,1.1,355.9,0.0,1010.8,DEMO
2026-08-30 21:00:00,HHHT002,如意开发区,40.825,111.8,赛罕区,31.8,45.8,15.3,23.6,43.3,0.74,45,18.8,51.5,2.8,88.4,0.0,1018.9,DEMO
2026-08-30 21:00:00,HHHT003,呼市一监,40.81,111.67,回民区,34.5,46.7,20.3,33.4,38.5,0.73,49,27.0,36.0,4.0,309.1,0.0,1010.6,DEMO
2026-08-30 21:00:00,HHHT004,小召前街,40.805,111.665,回民区,20.1,27.1,10.9,39.5,49.2,0.73,29,25.1,80.7,4.5,285.4,0.0,1011.6,DEMO
2026-08-30 21:00:00,HHHT005,二十九中,40.78,111.7,玉泉区,17.8,30.7,15.0,45.0,51.8,0.66,25,21.8,29.8,3.7,128.7,0.3,1013.0,DEMO
2026-08-30 21:00:00,HHHT006,工大金川校区,40.76,111.62,土默特左旗,17.2,23.2,8.3,30.5,38.2,0.87,25,21.6,46.3,6.3,357.9,0.0,1016.0,DEMO
2026-08-30 22:00:00,HHHT001,呼和浩特市环境监测中心站,40.8421,111.749,新城区,19.7,25.0,12.1,38.8,41.1,0.82,28,23.1,46.4,2.9,330.3,0.0,1011.2,DEMO
2026-08-30 22:00:00,HHHT002,如意开发区,40.825,111.8,赛罕区,16.8,28.2,12.1,29.5,54.0,0.75,24,20.1,49.2,3.2,325.1,0.3,1014.1,DEMO
2026-08-30 22:00:00,HHHT003,呼市一监,40.81,111.67,回民区,26.9,38.9,16.1,33.0,43.0,0.8,38,22.5,58.1,2.2,195.0,0.0,1011.5,DEMO
2026-08-30 22:00:00,HHHT004,小召前街,40.805,111.665,回民区,35.2,48.6,13.1,34.9,53.3,0.78,50,23.1,45.5,4.0,319.0,0.0,1015.0,DEMO
2026-08-30 22:00:00,HHHT005,二十九中,40.78,111.7,玉泉区,26.1,44.4,13.2,30.2,55.3,0.83,37,21.0,45.7,2.4,24.6,2.9,1014.9,DEMO
2026-08-30 22:00:00,HHHT006,工大金川校区,40.76,111.62,土默特左旗,25.1,31.6,17.9,29.2,61.7,0.81,36,20.3,67.0,2.9,351.1,0.0,1011.9,DEMO
2026-08-30 23:00:00,HHHT001,呼和浩特市环境监测中心站,40.8421,111.749,新城区,6.0,8.5,12.4,23.0,58.3,0.67,9,23.2,42.0,3.3,233.3,0.0,1011.6,DEMO
2026-08-30 23:00:00,HHHT002,如意开发区,40.825,111.8,赛罕区,31.9,40.0,8.8,28.6,49.8,0.99,46,22.0,68.2,2.2,66.2,0.0,1013.2,DEMO
2026-08-30 23:00:00,HHHT003,呼市一监,40.81,111.67,回民区,29.0,41.1,11.6,38.2,45.6,0.72,41,22.8,47.6,2.1,75.4,0.0,1014.7,DEMO
2026-08-30 23:00:00,HHHT004,小召前街,40.805,111.665,回民区,27.6,38.6,12.8,31.0,48.1,0.92,39,22.1,24.6,3.3,314.6,0.0,1005.1,DEMO
2026-08-30 23:00:00,HHHT005,二十九中,40.78,111.7,玉泉区,32.5,45.9,13.3,27.5,61.6,0.76,46,17.1,35.4,2.9,304.1,0.0,1004.7,DEMO
2026-08-30 23:00:00,HHHT006,工大金川校区,40.76,111.62,土默特左旗,9.5,13.8,14.4,36.7,60.6,0.61,14,23.7,36.8,3.6,355.5,0.0,1008.4,DEMO
2026-08-31 00:00:00,HHHT001,呼和浩特市环境监测中心站,40.8421,111.749,新城区,7.9,10.9,11.8,30.2,66.4,0.74,11,16.6,59.2,1.6,168.6,0.0,1011.2,DEMO
2026-08-31 00:00:00,HHHT002,如意开发区,40.825,111.8,赛罕区,14.4,23.3,8.4,24.7,51.7,0.62,21,21.7,39.3,3.5,268.8,0.1,1013.3,DEMO
2026-08-31 00:00:00,HHHT003,呼市一监,40.81,111.67,回民区,34.3,48.3,16.0,39.8,54.8,0.83,49,21.9,26.5,5.2,104.2,0.0,1016.4,DEMO
2026-08-31 00:00:00,HHHT004,小召前街,40.805,111.665,回民区,29.9,43.6,12.1,27.7,54.5,1.0,43,22.8,40.6,1.3,272.3,0.0,1015.7,DEMO
2026-08-31 00:00:00,HHHT005,二十九中,40.78,111.7,玉泉区,29.8,43.5,17.1,24.1,36.7,0.76,43,19.3,42.3,2.6,111.5,0.0,1010.3,DEMO
2026-08-31 00:00:00,HHHT006,工大金川校区,40.76,111.62,土默特左旗,13.5,17.0,8.7,30.1,48.5,0.53,19,24.2,42.7,4.7,274.0,0.0,998.4,DEMO
2026-08-31 01:00:00,HHHT001,呼和浩特市环境监测中心站,40.8421,111.749,新城区,16.3,23.6,16.7,31.7,48.6,0.66,23,21.6,37.8,2.9,177.6,0.0,1010.3,DEMO
2026-08-31 01:00:00,HHHT002,如意开发区,40.825,111.8,赛罕区,18.0,22.6,18.4,35.5,56.3,0.87,26,19.8,47.5,5.0,35.5,0.0,1013.6,DEMO
2026-08-31 01:00:00,HHHT003,呼市一监,40.81,111.67,回民区,21.5,30.9,10.6,33.5,60.0,0.76,31,23.4,64.7,2.5,250.6,0.0,1010.0,DEMO
2026-08-31 01:00:00,HHHT004,小召前街,40.805,111.665,回民区,40.5,54.9,11.8,30.9,55.0,0.88,57,23.3,27.5,2.8,270.4,0.0,1006.9,DEMO
2026-08-31 01:00:00,HHHT005,二十九中,40.78,111.7,玉泉区,26.5,37.4,17.4,40.2,45.7,1.0,38,22.8,52.1,2.7,85.2,0.0,1008.9,DEMO
2026-08-31 01:00:00,HHHT006,工大金川校区,40.76,111.62,土默特左旗,12.4,18.1,9.9,31.1,33.1,0.71,18,19.7,67.6,5.1,108.4,0.0,1007.7,DEMO
2026-08-31 02:00:00,HHHT001,呼和浩特市环境监测中心站,40.8421,111.749,新城区,8.6,11.8,10.9,27.2,59.0,0.6,12,22.5,53.2,1.6,47.6,0.0,1008.4,DEMO
2026-08-31 02:00:00,HHHT002,如意开发区,40.825,111.8,赛罕区,14.7,20.4,14.7,26.5,54.4,0.66,21,21.5,55.7,3.6,219.9,0.0,1010.6,DEMO
2026-08-31 02:00:00,HHHT003,呼市一监,40.81,111.67,回民区,14.4,21.1,10.1,30.8,59.5,0.75,21,26.5,22.8,3.6,142.4,0.0,1008.5,DEMO
2026-08-31 02:00:00,HHHT004,小召前街,40.805,111.665,回民区,9.9,12.5,7.6,29.5,50.0,0.66,14,23.4,42.0,2.7,8.2,0.0,1009.3,DEMO
2026-08-31 02:00:00,HHHT005,二十九中,40.78,111.7,玉泉区,16.2,26.3,11.1,33.1,63.9,0.85,23,26.7,61.5,3.7,256.1,2.8,1016.4,DEMO
2026-08-31 02:00:00,HHHT006,工大金川校区,40.76,111.62,土默特左旗,8.7,11.8,9.2,37.6,50.4,0.6,12,18.2,42.9,1.1,117.3,0.0,1014.1,DEMO
2026-08-31 03:00:00,HHHT001,呼和浩特市环境监测中心站,40.8421,111.749,新城区,13.0,19.2,9.5,28.9,50.9,0.66,19,17.3,45.4,4.8,159.8,0.0,1004.5,DEMO
2026-08-31 03:00:00,HHHT002,如意开发区,40.825,111.8,赛罕区,24.1,35.3,17.9,38.8,55.1,0.99,34,21.5,47.9,2.8,128.8,0.0,1012.9,DEMO
2026-08-31 03:00:00,HHHT003,呼市一监,40.81,111.67,回民区,21.3,27.1,12.6,26.9,38.4,0.72,30,23.5,43.5,2.0,3.2,0.0,1015.9,DEMO
2026-08-31 03:00:00,HHHT004,小召前街,40.805,111.665,回民区,19.7,25.6,12.1,32.2,50.8,0.83,28,19.7,32.1,4.2,218.7,0.0,1012.8,DEMO
2026-08-31 03:00:00,HHHT005,二十九中,40.78,111.7,玉泉区,23.1,33.0,17.6,32.7,46.8,0.81,33,24.0,44.0,3.9,24.5,0.0,1008.6,DEMO
2026-08-31 03:00:00,HHHT006,工大金川校区,40.76,111.62,土默特左旗,5.0,7.0,7.5,36.8,59.1,0.77,7,22.8,44.4,2.0,164.7,0.0,1015.9,DEMO
2026-08-31 04:00:00,HHHT001,呼和浩特市环境监测中心站,40.8421,111.749,新城区,10.8,15.3,11.3,20.9,56.7,0.74,15,25.9,42.3,3.2,25.0,0.0,1013.5,DEMO
2026-08-31 04:00:00,HHHT002,如意开发区,40.825,111.8,赛罕区,21.0,28.8,12.5,37.1,37.7,0.86,30,26.2,42.2,6.1,156.1,0.0,1010.3,DEMO
2026-08-31 04:00:00,HHHT003,呼市一监,40.81,111.67,回民区,29.2,40.2,15.6,34.7,50.0,0.64,42,21.9,30.6,1.4,240.4,0.0,1015.6,DEMO
2026-08-31 04:00:00,HHHT004,小召前街,40.805,111.665,回民区,31.5,41.7,12.8,29.2,58.2,0.77,45,25.7,63.9,2.0,129.7,0.0,1004.3,DEMO
2026-08-31 04:00:00,HHHT005,二十九中,40.78,111.7,玉泉区,18.7,28.0,12.5,29.9,57.3,0.8,27,30.4,45.7,2.6,297.8,0.0,1011.1,DEMO
2026-08-31 04:00:00,HHHT006,工大金川校区,40.76,111.62,土默特左旗,8.8,12.6,12.6,36.9,57.1,0.64,13,22.7,51.8,2.4,267.9,0.0,1009.7,DEMO
2026-08-31 05:00:00,HHHT001,呼和浩特市环境监测中心站,40.8421,111.749,新城区,4.2,7.1,8.8,26.7,57.4,0.63,6,18.4,29.6,1.2,346.1,2.9,1010.1,DEMO
2026-08-31 05:00:00,HHHT002,如意开发区,40.825,111.8,赛罕区,18.4,25.5,9.5,33.6,45.8,0.75,26,21.2,42.4,4.0,95.1,0.0,1015.2,DEMO
2026-08-31 05:00:00,HHHT003,呼市一监,40.81,111.67,回民区,21.1,30.3,11.4,30.4,47.3,0.86,30,24.7,60.2,1.6,56.5,0.0,1013.3,DEMO
2026-08-31 05:00:00,HHHT004,小召前街,40.805,111.665,回民区,31.5,53.8,10.9,27.1,53.5,0.81,45,20.0,58.7,3.2,128.4,3.1,1013.2,DEMO
2026-08-31 05:00:00,HHHT005,二十九中,40.78,111.7,玉泉区,15.7,23.1,13.5,29.0,56.1,0.92,22,19.7,60.6,1.8,145.1,0.0,1013.5,DEMO
2026-08-31 05:00:00,HHHT006,工大金川校区,40.76,111.62,土默特左旗,7.7,9.8,10.4,28.9,56.4,0.58,11,27.1,55.4,3.3,330.9,0.0,1009.1,DEMO
2026-08-31 06:00:00,HHHT001,呼和浩特市环境监测中心站,40.8421,111.749,新城区,5.9,8.5,9.7,25.9,51.3,0.64,8,20.3,47.4,3.2,268.0,0.0,1010.0,DEMO
2026-08-31 06:00:00,HHHT002,如意开发区,40.825,111.8,赛罕区,17.7,26.1,16.3,33.2,54.6,0.74,25,20.2,47.1,2.7,29.2,0.0,1013.7,DEMO
2026-08-31 06:00:00,HHHT003,呼市一监,40.81,111.67,回民区,23.9,32.3,13.1,28.2,56.3,0.72,34,20.3,46.0,2.6,200.6,0.0,1018.6,DEMO
2026-08-31 06:00:00,HHHT004,小召前街,40.805,111.665,回民区,24.8,33.4,13.1,29.7,56.3,0.7,35,18.8,68.8,3.0,161.9,0.0,1025.2,DEMO
2026-08-31 06:00:00,HHHT005,二十九中,40.78,111.7,玉泉区,23.2,33.5,12.1,22.9,45.7,0.83,33,28.1,43.4,3.6,145.1,0.0,1013.4,DEMO
2026-08-31 06:00:00,HHHT006,工大金川校区,40.76,111.62,土默特左旗,5.0,6.8,12.5,29.4,47.1,0.65,7,19.1,63.0,3.6,310.3,0.0,1011.4,DEMO
2026-08-31 07:00:00,HHHT001,呼和浩特市环境监测中心站,40.8421,111.749,新城区,31.5,42.9,11.7,29.5,45.8,0.9,45,21.6,56.4,2.5,208.2,0.0,1012.5,DEMO
2026-08-31 07:00:00,HHHT002,如意开发区,40.825,111.8,赛罕区,33.3,45.0,9.0,29.1,50.7,0.91,48,24.6,51.8,1.9,327.5,0.0,1017.6,DEMO
2026-08-31 07:00:00,HHHT003,呼市一监,40.81,111.67,回民区,44.0,63.5,12.9,36.7,43.7,0.98,61,18.7,46.7,2.9,92.8,0.0,1003.6,DEMO
2026-08-31 07:00:00,HHHT004,小召前街,40.805,111.665,回民区,27.5,46.0,14.1,29.1,62.7,0.81,39,23.7,38.0,3.8,283.2,3.3,1009.5,DEMO
2026-08-31 07:00:00,HHHT005,二十九中,40.78,111.7,玉泉区,18.9,24.9,8.5,36.0,63.0,0.8,27,24.6,47.2,0.9,355.3,0.0,1011.5,DEMO
2026-08-31 07:00:00,HHHT006,工大金川校区,40.76,111.62,土默特左旗,30.1,44.4,8.0,31.3,37.6,0.82,43,17.4,59.4,2.5,244.2,0.0,1011.1,DEMO
2026-08-31 08:00:00,HHHT001,呼和浩特市环境监测中心站,40.8421,111.749,新城区,30.4,39.2,14.8,27.4,58.0,0.91,43,21.3,54.3,1.5,30.6,0.0,1002.5,DEMO
2026-08-31 08:00:00,HHHT002,如意开发区,40.825,111.8,赛罕区,33.4,47.9,15.3,31.0,69.0,0.91,48,23.3,43.7,3.4,198.3,0.0,1009.6,DEMO
2026-08-31 08:00:00,HHHT003,呼市一监,40.81,111.67,回民区,30.7,39.0,12.1,31.7,37.0,0.94,44,20.4,42.1,3.0,282.8,0.0,1008.9,DEMO
2026-08-31 08:00:00,HHHT004,小召前街,40.805,111.665,回民区,38.0,54.4,7.2,32.8,52.8,0.98,54,18.1,59.6,1.3,124.9,0.0,1017.8,DEMO
2026-08-31 08:00:00,HHHT005,二十九中,40.78,111.7,玉泉区,9.8,13.5,7.3,23.4,45.7,0.64,14,20.9,41.5,4.0,239.5,0.0,1008.2,DEMO
2026-08-31 08:00:00,HHHT006,工大金川校区,40.76,111.62,土默特左旗,19.2,24.7,10.2,28.5,54.8,0.87,27,19.0,35.5,2.2,315.2,0.0,1020.9,DEMO
2026-08-31 09:00:00,HHHT001,呼和浩特市环境监测中心站,40.8421,111.749,新城区,41.2,59.3,17.2,35.1,50.0,1.01,58,20.1,50.0,4.2,272.2,0.0,1004.0,DEMO
2026-08-31 09:00:00,HHHT002,如意开发区,40.825,111.8,赛罕区,33.3,48.7,17.3,47.2,47.8,0.91,48,18.3,45.2,4.0,301.6,0.0,1008.8,DEMO
2026-08-31 09:00:00,HHHT003,呼市一监,40.81,111.67,回民区,36.0,50.9,13.2,40.1,52.5,0.84,51,22.5,61.0,2.6,147.2,0.0,1017.0,DEMO
2026-08-31 09:00:00,HHHT004,小召前街,40.805,111.665,回民区,25.0,33.5,19.1,34.2,50.8,0.87,36,20.0,54.9,3.1,325.6,0.0,1011.3,DEMO
2026-08-31 09:00:00,HHHT005,二十九中,40.78,111.7,玉泉区,25.0,32.3,11.8,39.1,38.9,0.85,36,21.2,46.7,2.3,297.9,0.0,1010.6,DEMO
2026-08-31 09:00:00,HHHT006,工大金川校区,40.76,111.62,土默特左旗,25.3,33.1,12.3,26.2,43.2,0.72,36,22.1,30.5,4.2,233.1,0.0,1015.8,DEMO
2026-08-31 10:00:00,HHHT001,呼和浩特市环境监测中心站,40.8421,111.749,新城区,16.8,21.9,15.6,28.8,57.5,0.7,24,18.8,63.7,3.5,247.1,0.0,1007.3,DEMO
2026-08-31 10:00:00,HHHT002,如意开发区,40.825,111.8,赛罕区,27.5,38.7,17.6,32.1,31.9,0.79,39,19.8,46.3,3.9,335.5,0.0,1015.2,DEMO
2026-08-31 10:00:00,HHHT003,呼市一监,40.81,111.67,回民区,30.2,43.7,9.6,37.9,41.0,0.79,43,20.6,66.6,3.2,90.6,0.0,1011.8,DEMO
2026-08-31 10:00:00,HHHT004,小召前街,40.805,111.665,回民区,28.9,41.7,18.2,25.7,59.6,0.82,41,17.5,46.8,4.0,334.0,0.0,1015.1,DEMO
2026-08-31 10:00:00,HHHT005,二十九中,40.78,111.7,玉泉区,18.9,27.9,14.4,37.0,55.2,0.86,27,19.9,35.5,2.8,157.6,0.0,1019.7,DEMO
2026-08-31 10:00:00,HHHT006,工大金川校区,40.76,111.62,土默特左旗,17.0,29.0,8.3,30.8,44.0,0.85,24,18.0,59.7,4.0,20.9,2.7,1013.0,DEMO
2026-08-31 11:00:00,HHHT001,呼和浩特市环境监测中心站,40.8421,111.749,新城区,24.5,33.2,16.8,18.1,70.5,0.85,35,20.7,59.9,2.8,111.7,0.0,1014.9,DEMO
2026-08-31 11:00:00,HHHT002,如意开发区,40.825,111.8,赛罕区,27.1,40.6,13.0,28.7,68.0,1.0,39,23.8,46.6,3.3,62.7,0.0,1012.8,DEMO
2026-08-31 11:00:00,HHHT003,呼市一监,40.81,111.67,回民区,27.5,40.6,13.5,28.8,72.9,0.94,39,20.5,58.0,2.3,159.7,0.0,1015.1,DEMO
2026-08-31 11:00:00,HHHT004,小召前街,40.805,111.665,回民区,29.8,42.9,8.7,27.9,61.6,0.91,43,19.2,34.5,1.8,18.7,0.0,1014.4,DEMO
2026-08-31 11:00:00,HHHT005,二十九中,40.78,111.7,玉泉区,17.7,27.5,13.2,25.9,70.5,0.73,25,20.3,52.4,2.7,275.1,3.4,1008.5,DEMO
2026-08-31 11:00:00,HHHT006,工大金川校区,40.76,111.62,土默特左旗,18.0,26.4,16.0,21.8,60.2,0.7,26,29.4,58.0,3.5,61.8,0.0,1011.8,DEMO
2026-08-31 12:00:00,HHHT001,呼和浩特市环境监测中心站,40.8421,111.749,新城区,18.1,24.3,15.4,31.8,45.4,0.53,26,21.4,46.3,2.4,45.4,0.0,1015.7,DEMO
2026-08-31 12:00:00,HHHT002,如意开发区,40.825,111.8,赛罕区,21.9,28.5,14.4,31.8,71.1,0.8,31,23.5,47.1,4.7,306.0,0.0,1011.8,DEMO
2026-08-31 12:00:00,HHHT003,呼市一监,40.81,111.67,回民区,20.7,30.9,11.2,23.5,41.2,0.67,30,24.3,51.5,4.2,148.2,0.0,1004.3,DEMO
2026-08-31 12:00:00,HHHT004,小召前街,40.805,111.665,回民区,27.3,38.8,9.6,35.4,80.0,0.9,39,18.8,45.2,2.7,118.7,0.0,1014.3,DEMO
2026-08-31 12:00:00,HHHT005,二十九中,40.78,111.7,玉泉区,17.8,24.3,5.7,34.0,60.1,0.78,25,19.3,59.8,5.4,115.3,0.0,1012.7,DEMO
2026-08-31 12:00:00,HHHT006,工大金川校区,40.76,111.62,土默特左旗,16.0,21.6,13.2,28.5,51.8,0.67,23,22.2,46.4,4.6,229.7,0.0,1006.8,DEMO
2026-08-31 13:00:00,HHHT001,呼和浩特市环境监测中心站,40.8421,111.749,新城区,22.6,33.1,17.4,24.0,72.2,0.82,32,18.1,55.7,3.7,11.8,0.0,1011.7,DEMO
2026-08-31 13:00:00,HHHT002,如意开发区,40.825,111.8,赛罕区,34.2,45.5,16.9,30.3,53.6,0.8,49,13.3,30.3,3.4,239.1,0.0,1008.6,DEMO
2026-08-31 13:00:00,HHHT003,呼市一监,40.81,111.67,回民区,27.4,37.3,14.6,32.7,79.5,0.9,39,22.6,48.1,1.6,150.1,0.0,1007.2,DEMO
2026-08-31 13:00:00,HHHT004,小召前街,40.805,111.665,回民区,34.8,51.8,15.5,34.8,61.2,1.04,50,18.5,62.4,1.8,295.4,0.0,1011.0,DEMO
2026-08-31 13:00:00,HHHT005,二十九中,40.78,111.7,玉泉区,17.9,26.9,8.5,29.2,75.1,0.86,26,22.4,51.0,3.0,342.1,3.9,1008.3,DEMO
2026-08-31 13:00:00,HHHT006,工大金川校区,40.76,111.62,土默特左旗,11.7,15.2,12.5,29.2,79.8,0.85,17,23.6,60.7,5.0,217.1,0.0,1012.3,DEMO
2026-08-31 14:00:00,HHHT001,呼和浩特市环境监测中心站,40.8421,111.749,新城区,11.0,14.7,13.5,28.4,59.4,0.92,16,19.2,42.2,5.5,264.1,0.0,1010.7,DEMO
2026-08-31 14:00:00,HHHT002,如意开发区,40.825,111.8,赛罕区,17.2,24.1,12.1,34.3,57.5,0.78,25,27.3,41.3,1.9,175.3,0.0,1014.4,DEMO
2026-08-31 14:00:00,HHHT003,呼市一监,40.81,111.67,回民区,33.8,43.6,12.9,33.1,52.9,0.92,48,29.4,36.4,4.5,67.5,0.0,1015.7,DEMO
2026-08-31 14:00:00,HHHT004,小召前街,40.805,111.665,回民区,23.5,36.6,17.4,36.3,66.2,0.82,34,17.9,62.7,4.6,138.9,2.9,1011.8,DEMO
2026-08-31 14:00:00,HHHT005,二十九中,40.78,111.7,玉泉区,19.2,25.6,19.5,20.9,50.5,0.58,27,23.6,25.0,2.5,74.4,0.0,1006.5,DEMO
2026-08-31 14:00:00,HHHT006,工大金川校区,40.76,111.62,土默特左旗,9.6,12.7,13.9,31.6,58.7,0.51,14,23.8,59.1,3.8,317.0,0.0,1011.8,DEMO
2026-08-31 15:00:00,HHHT001,呼和浩特市环境监测中心站,40.8421,111.749,新城区,32.1,46.0,13.1,33.0,58.2,0.76,46,21.2,15,4.1,97.3,0.0,1017.3,DEMO
2026-08-31 15:00:00,HHHT002,如意开发区,40.825,111.8,赛罕区,20.7,27.6,11.3,29.7,62.2,0.88,30,19.1,46.0,2.6,123.2,0.0,1012.8,DEMO
2026-08-31 15:00:00,HHHT003,呼市一监,40.81,111.67,回民区,37.4,47.5,13.1,38.1,42.9,0.95,53,19.5,53.7,1.5,174.3,0.0,1016.3,DEMO
2026-08-31 15:00:00,HHHT004,小召前街,40.805,111.665,回民区,19.8,28.6,14.5,26.6,67.9,0.76,28,18.0,59.6,2.3,234.2,0.0,1015.5,DEMO
2026-08-31 15:00:00,HHHT005,二十九中,40.78,111.7,玉泉区,23.7,35.2,9.8,28.4,64.6,0.81,34,25.6,45.6,3.8,245.2,0.0,1007.7,DEMO
2026-08-31 15:00:00,HHHT006,工大金川校区,40.76,111.62,土默特左旗,6.4,9.2,13.9,33.4,67.7,0.59,9,25.4,54.7,3.8,95.5,0.0,1016.0,DEMO
2026-08-31 16:00:00,HHHT001,呼和浩特市环境监测中心站,40.8421,111.749,新城区,16.4,21.0,13.6,29.2,65.1,0.75,23,20.5,69.5,4.1,40.7,0.0,1012.1,DEMO
2026-08-31 16:00:00,HHHT002,如意开发区,40.825,111.8,赛罕区,27.2,36.0,10.0,29.3,61.7,0.75,39,23.0,52.3,4.1,153.7,0.0,1006.6,DEMO
2026-08-31 16:00:00,HHHT003,呼市一监,40.81,111.67,回民区,19.9,29.7,13.6,38.3,48.8,0.83,28,15.7,44.8,1.7,210.3,0.0,1004.5,DEMO
2026-08-31 16:00:00,HHHT004,小召前街,40.805,111.665,回民区,38.5,51.5,12.4,30.8,50.8,0.92,54,26.3,32.4,0.3,65.6,0.0,1010.4,DEMO
2026-08-31 16:00:00,HHHT005,二十九中,40.78,111.7,玉泉区,14.1,19.3,8.2,27.7,65.1,0.83,20,26.1,42.0,3.6,47.9,0.0,1016.1,DEMO
2026-08-31 16:00:00,HHHT006,工大金川校区,40.76,111.62,土默特左旗,10.0,14.5,11.5,36.2,58.7,0.73,14,20.3,39.3,2.5,39.4,0.0,1013.3,DEMO
2026-08-31 17:00:00,HHHT001,呼和浩特市环境监测中心站,40.8421,111.749,新城区,29.2,43.4,16.3,27.9,53.4,0.98,42,20.3,46.6,0.3,291.0,0.0,1013.3,DEMO
2026-08-31 17:00:00,HHHT002,如意开发区,40.825,111.8,赛罕区,40.2,54.5,9.0,26.5,59.0,1.0,56,27.8,54.0,2.9,348.0,0.0,1008.9,DEMO
2026-08-31 17:00:00,HHHT003,呼市一监,40.81,111.67,回民区,24.9,37.3,9.5,34.0,63.3,0.69,36,22.1,41.2,3.7,86.2,0.0,1003.4,DEMO
2026-08-31 17:00:00,HHHT004,小召前街,40.805,111.665,回民区,37.3,50.0,16.5,33.7,46.7,0.93,53,19.4,34.8,0.5,13.2,0.0,1015.1,DEMO
2026-08-31 17:00:00,HHHT005,二十九中,40.78,111.7,玉泉区,26.0,38.8,8.5,29.9,57.0,0.72,37,18.4,51.4,2.0,204.7,0.0,1007.1,DEMO
2026-08-31 17:00:00,HHHT006,工大金川校区,40.76,111.62,土默特左旗,20.6,29.0,20.5,37.1,61.5,0.83,29,19.1,49.5,4.9,200.5,0.0,1007.9,DEMO
2026-08-31 18:00:00,HHHT001,呼和浩特市环境监测中心站,40.8421,111.749,新城区,31.9,44.6,15.8,34.8,52.5,0.99,46,17.4,57.0,3.6,103.2,0.0,1004.3,DEMO
2026-08-31 18:00:00,HHHT002,如意开发区,40.825,111.8,赛罕区,42.4,54.3,11.1,34.3,48.7,0.78,59,25.3,45.5,1.6,252.1,0.0,1010.9,DEMO
2026-08-31 18:00:00,HHHT003,呼市一监,40.81,111.67,回民区,28.9,43.2,10.5,32.1,63.5,0.98,41,25.0,44.3,4.2,76.8,0.0,1012.3,DEMO
2026-08-31 18:00:00,HHHT004,小召前街,40.805,111.665,回民区,45.3,62.2,15.2,34.2,46.4,0.98,63,19.4,46.4,0.6,14.8,0.0,1015.5,DEMO
2026-08-31 18:00:00,HHHT005,二十九中,40.78,111.7,玉泉区,21.5,27.1,14.4,22.7,68.1,0.85,31,19.6,32.7,4.5,214.4,0.0,1014.8,DEMO
2026-08-31 18:00:00,HHHT006,工大金川校区,40.76,111.62,土默特左旗,11.4,14.6,13.8,30.4,52.0,0.44,16,25.4,45.4,3.5,139.0,0.0,1013.9,DEMO
2026-08-31 19:00:00,HHHT001,呼和浩特市环境监测中心站,40.8421,111.749,新城区,26.2,33.6,14.2,36.5,56.1,0.59,37,24.6,38.9,4.5,168.9,0.0,1013.1,DEMO
2026-08-31 19:00:00,HHHT002,如意开发区,40.825,111.8,赛罕区,30.5,41.2,17.8,42.8,44.3,0.84,44,19.1,39.0,2.2,201.9,0.0,1009.2,DEMO
2026-08-31 19:00:00,HHHT003,呼市一监,40.81,111.67,回民区,33.1,42.0,16.8,23.5,43.7,0.93,47,22.9,49.2,3.4,338.3,0.0,1012.8,DEMO
2026-08-31 19:00:00,HHHT004,小召前街,40.805,111.665,回民区,38.6,54.2,11.9,33.3,52.1,0.92,54,18.9,30.3,2.1,56.9,0.0,1012.9,DEMO
2026-08-31 19:00:00,HHHT005,二十九中,40.78,111.7,玉泉区,36.4,54.6,15.6,34.5,50.4,0.89,52,26.0,37.4,2.5,219.8,0.0,1020.2,DEMO
2026-08-31 19:00:00,HHHT006,工大金川校区,40.76,111.62,土默特左旗,22.1,30.6,13.0,26.8,64.3,0.85,32,22.3,33.8,1.8,195.2,0.0,1014.9,DEMO
2026-08-31 20:00:00,HHHT001,呼和浩特市环境监测中心站,40.8421,111.749,新城区,30.7,43.5,14.3,39.0,38.1,0.85,44,16.9,54.1,4.1,88.2,0.0,1015.9,DEMO
2026-08-31 20:00:00,HHHT002,如意开发区,40.825,111.8,赛罕区,30.8,42.1,15.6,41.4,56.8,0.79,44,27.6,68.5,3.8,29.9,0.0,1010.7,DEMO
2026-08-31 20:00:00,HHHT003,呼市一监,40.81,111.67,回民区,25.3,36.6,15.1,31.4,66.6,0.84,36,23.2,55.4,2.9,56.3,0.0,1013.5,DEMO
2026-08-31 20:00:00,HHHT004,小召前街,40.805,111.665,回民区,47.2,66.3,20.1,39.5,44.3,1.09,65,24.1,50.8,2.0,235.2,0.0,1009.3,DEMO
2026-08-31 20:00:00,HHHT005,二十九中,40.78,111.7,玉泉区,24.8,35.8,12.8,39.3,36.2,0.83,35,22.7,43.0,4.5,35.1,0.0,1013.1,DEMO
2026-08-31 20:00:00,HHHT006,工大金川校区,40.76,111.62,土默特左旗,25.7,34.4,11.8,30.6,42.2,0.92,37,22.3,49.0,3.5,87.4,0.0,1010.3,DEMO
2026-08-31 21:00:00,HHHT001,呼和浩特市环境监测中心站,40.8421,111.749,新城区,20.2,29.3,10.1,32.6,52.8,0.83,29,24.0,41.8,4.2,90.1,0.0,1010.3,DEMO
2026-08-31 21:00:00,HHHT002,如意开发区,40.825,111.8,赛罕区,20.7,28.0,9.1,27.6,60.5,0.73,30,26.2,51.7,5.3,109.1,0.0,1015.1,DEMO
2026-08-31 21:00:00,HHHT003,呼市一监,40.81,111.67,回民区,20.0,29.4,11.9,30.0,41.3,0.88,29,22.5,52.3,1.8,66.2,0.0,1009.7,DEMO
2026-08-31 21:00:00,HHHT004,小召前街,40.805,111.665,回民区,38.5,54.3,12.2,37.5,55.3,0.88,54,17.5,61.3,3.8,131.4,0.0,1011.4,DEMO
2026-08-31 21:00:00,HHHT005,二十九中,40.78,111.7,玉泉区,18.7,27.7,13.0,31.5,46.7,0.91,27,19.9,37.3,3.2,147.3,0.0,1012.3,DEMO
2026-08-31 21:00:00,HHHT006,工大金川校区,40.76,111.62,土默特左旗,18.8,28.1,10.9,35.2,56.8,0.76,27,21.7,34.4,3.1,130.6,0.0,1003.6,DEMO
2026-08-31 22:00:00,HHHT001,呼和浩特市环境监测中心站,40.8421,111.749,新城区,5.2,6.8,8.8,33.6,51.3,0.65,7,24.7,40.3,1.9,41.1,0.0,1013.9,DEMO
2026-08-31 22:00:00,HHHT002,如意开发区,40.825,111.8,赛罕区,19.6,29.3,16.6,28.1,57.7,0.92,28,21.2,62.0,2.0,325.3,0.0,1009.7,DEMO
2026-08-31 22:00:00,HHHT003,呼市一监,40.81,111.67,回民区,27.7,37.7,10.1,33.6,54.7,0.8,40,21.7,42.8,3.8,281.2,0.0,1011.0,DEMO
2026-08-31 22:00:00,HHHT004,小召前街,40.805,111.665,回民区,27.0,37.2,14.8,23.0,47.3,0.71,39,25.5,26.2,4.8,144.6,0.0,1013.9,DEMO
2026-08-31 22:00:00,HHHT005,二十九中,40.78,111.7,玉泉区,19.2,25.0,12.7,25.9,47.8,0.68,27,27.2,53.2,2.8,268.1,0.0,1013.6,DEMO
2026-08-31 22:00:00,HHHT006,工大金川校区,40.76,111.62,土默特左旗,17.6,24.6,11.0,30.4,55.8,0.8,25,21.4,56.2,2.1,99.6,0.0,1012.4,DEMO
2026-08-31 23:00:00,HHHT001,呼和浩特市环境监测中心站,40.8421,111.749,新城区,20.2,26.7,10.0,35.9,47.1,0.73,29,25.0,28.1,3.2,245.6,0.0,1013.0,DEMO
2026-08-31 23:00:00,HHHT002,如意开发区,40.825,111.8,赛罕区,21.7,31.7,13.3,32.2,57.3,0.84,31,20.2,60.0,3.4,201.2,0.0,1015.2,DEMO
2026-08-31 23:00:00,HHHT003,呼市一监,40.81,111.67,回民区,22.8,30.9,10.2,36.3,50.5,0.61,33,25.5,45.9,4.6,223.9,0.0,1011.0,DEMO
2026-08-31 23:00:00,HHHT004,小召前街,40.805,111.665,回民区,18.1,26.8,20.9,27.9,65.6,0.81,26,21.2,54.5,3.8,27.6,0.0,1007.2,DEMO
2026-08-31 23:00:00,HHHT005,二十九中,40.78,111.7,玉泉区,15.4,25.0,8.8,30.8,50.2,0.73,22,22.0,30.4,3.4,132.8,0.9,1010.0,DEMO
2026-08-31 23:00:00,HHHT006,工大金川校区,40.76,111.62,土默特左旗,14.5,19.4,12.6,27.4,61.2,0.72,21,22.9,56.3,3.1,354.2,0.0,1014.1,DEMO
2026-09-01 00:00:00,HHHT001,呼和浩特市环境监测中心站,40.8421,111.749,新城区,31.2,41.7,14.3,33.7,60.4,0.93,45,9.6,55.9,5.2,335.6,0.0,1012.4,DEMO
2026-09-01 00:00:00,HHHT002,如意开发区,40.825,111.8,赛罕区,32.0,42.6,12.1,36.6,37.9,0.86,46,11.8,51.6,1.9,299.0,0.0,1012.2,DEMO
2026-09-01 00:00:00,HHHT003,呼市一监,40.81,111.67,回民区,31.4,40.9,16.1,24.5,64.3,0.86,45,9.3,44.9,4.5,270.9,0.0,1004.5,DEMO
2026-09-01 00:00:00,HHHT004,小召前街,40.805,111.665,回民区,36.0,63.2,15.2,31.2,51.8,0.98,51,10.9,59.4,1.1,325.3,0.7,1010.9,DEMO
2026-09-01 00:00:00,HHHT005,二十九中,40.78,111.7,玉泉区,36.7,48.9,14.6,32.4,45.9,0.93,52,6.1,16.5,4.1,78.9,0.0,1009.6,DEMO
2026-09-01 00:00:00,HHHT006,工大金川校区,40.76,111.62,土默特左旗,13.3,21.1,14.8,32.5,47.8,0.6,19,3.3,15.4,3.9,236.5,3.8,1007.5,DEMO
2026-09-01 01:00:00,HHHT001,呼和浩特市环境监测中心站,40.8421,111.749,新城区,29.3,37.7,19.4,22.1,42.1,0.78,42,10.7,31.0,1.5,84.4,0.0,1009.0,DEMO
2026-09-01 01:00:00,HHHT002,如意开发区,40.825,111.8,赛罕区,25.0,37.4,12.8,38.9,55.6,0.71,36,9.5,30.0,2.0,188.5,0.0,1014.1,DEMO
2026-09-01 01:00:00,HHHT003,呼市一监,40.81,111.67,回民区,34.6,44.1,16.1,34.8,54.6,0.87,49,9.9,46.7,1.0,30.4,0.0,1008.1,DEMO
2026-09-01 01:00:00,HHHT004,小召前街,40.805,111.665,回民区,36.1,53.3,13.7,27.2,56.1,0.84,51,9.3,58.6,4.5,272.7,0.0,1012.5,DEMO
2026-09-01 01:00:00,HHHT005,二十九中,40.78,111.7,玉泉区,26.8,38.5,16.7,32.6,58.6,0.83,38,7.8,45.2,3.7,194.4,0.0,1007.4,DEMO
2026-09-01 01:00:00,HHHT006,工大金川校区,40.76,111.62,土默特左旗,35.7,46.6,11.3,29.7,31.3,0.68,51,6.8,51.4,2.1,61.8,0.0,1005.7,DEMO
2026-09-01 02:00:00,HHHT001,呼和浩特市环境监测中心站,40.8421,111.749,新城区,9.9,13.5,13.9,33.5,52.2,0.99,14,10.6,49.5,5.1,323.8,0.0,1008.9,DEMO
2026-09-01 02:00:00,HHHT002,如意开发区,40.825,111.8,赛罕区,24.6,36.7,12.6,25.7,47.9,0.7,35,9.2,52.1,2.8,252.2,0.0,1015.0,DEMO
2026-09-01 02:00:00,HHHT003,呼市一监,40.81,111.67,回民区,31.8,41.1,13.4,28.5,39.6,0.89,45,3.5,50.1,2.4,312.3,0.0,1022.7,DEMO
2026-09-01 02:00:00,HHHT004,小召前街,40.805,111.665,回民区,29.3,39.3,12.4,36.6,62.0,0.9,42,12.3,35.0,2.2,210.6,0.0,1014.1,DEMO
2026-09-01 02:00:00,HHHT005,二十九中,40.78,111.7,玉泉区,27.4,39.7,15.7,25.5,53.6,0.79,39,7.7,34.5,3.5,166.8,0.0,1013.6,DEMO
2026-09-01 02:00:00,HHHT006,工大金川校区,40.76,111.62,土默特左旗,9.7,16.6,11.7,20.8,55.8,0.61,14,8.1,46.6,3.0,69.2,2.5,1012.0,DEMO
2026-09-01 03:00:00,HHHT001,呼和浩特市环境监测中心站,40.8421,111.749,新城区,16.9,24.5,9.1,33.2,60.3,0.62,24,8.7,51.4,3.8,213.9,0.0,1012.3,DEMO
2026-09-01 03:00:00,HHHT002,如意开发区,40.825,111.8,赛罕区,26.8,36.3,12.5,32.7,49.9,0.82,38,9.2,49.3,2.4,179.8,0.0,1010.1,DEMO
2026-09-01 03:00:00,HHHT003,呼市一监,40.81,111.67,回民区,35.6,49.5,10.5,31.2,49.8,1.09,51,12.2,40.7,2.1,170.9,0.0,1010.3,DEMO
2026-09-01 03:00:00,HHHT004,小召前街,40.805,111.665,回民区,32.0,40.0,12.5,32.1,53.5,0.97,46,10.6,53.6,2.9,323.9,0.0,1016.1,DEMO
2026-09-01 03:00:00,HHHT005,二十九中,40.78,111.7,玉泉区,25.8,37.7,13.6,27.8,38.2,0.87,37,6.0,36.3,2.9,126.6,0.0,1010.5,DEMO
2026-09-01 03:00:00,HHHT006,工大金川校区,40.76,111.62,土默特左旗,14.8,20.0,12.5,26.9,47.7,0.68,21,5.8,38.1,5.0,288.2,0.0,1015.1,DEMO
2026-09-01 04:00:00,HHHT001,呼和浩特市环境监测中心站,40.8421,111.749,新城区,25.3,34.3,12.8,21.2,55.4,0.75,36,11.4,57.0,5.7,222.3,0.0,1010.1,DEMO
2026-09-01 04:00:00,HHHT002,如意开发区,40.825,111.8,赛罕区,21.5,28.3,8.6,27.5,66.5,0.73,31,10.5,57.0,4.4,140.3,0.0,1006.4,DEMO
2026-09-01 04:00:00,HHHT003,呼市一监,40.81,111.67,回民区,17.3,22.4,14.9,25.7,60.2,0.8,25,12.6,49.1,0.3,116.4,0.0,1013.4,DEMO
2026-09-01 04:00:00,HHHT004,小召前街,40.805,111.665,回民区,28.6,40.1,18.3,44.2,45.0,0.71,41,3.9,35.0,1.9,240.9,0.0,1014.4,DEMO
2026-09-01 04:00:00,HHHT005,二十九中,40.78,111.7,玉泉区,19.5,28.3,10.0,24.6,49.9,0.64,28,7.5,38.0,1.7,288.9,0.0,1010.6,DEMO
2026-09-01 04:00:00,HHHT006,工大金川校区,40.76,111.62,土默特左旗,13.8,18.4,11.3,33.4,51.7,0.73,20,7.4,26.5,2.6,360.0,0.0,1013.3,DEMO
2026-09-01 05:00:00,HHHT001,呼和浩特市环境监测中心站,40.8421,111.749,新城区,18.4,27.8,11.0,36.6,61.3,0.74,26,11.4,27.9,3.0,241.1,0.2,1012.4,DEMO
2026-09-01 05:00:00,HHHT002,如意开发区,40.825,111.8,赛罕区,26.6,34.5,13.3,31.5,60.7,0.68,38,13.3,48.9,1.2,38.0,0.0,1017.0,DEMO
2026-09-01 05:00:00,HHHT003,呼市一监,40.81,111.67,回民区,13.2,18.5,16.7,26.8,55.3,0.71,19,5.4,57.5,4.1,7.7,0.0,1007.5,DEMO
2026-09-01 05:00:00,HHHT004,小召前街,40.805,111.665,回民区,42.8,63.9,13.1,35.2,64.1,1.07,60,2.4,41.7,2.1,316.4,0.0,1015.9,DEMO
2026-09-01 05:00:00,HHHT005,二十九中,40.78,111.7,玉泉区,21.9,32.6,15.3,34.6,52.1,0.74,31,9.4,51.0,3.2,1.9,0.8,1011.5,DEMO
2026-09-01 05:00:00,HHHT006,工大金川校区,40.76,111.62,土默特左旗,14.4,19.6,12.0,24.8,51.5,0.66,21,12.6,53.3,4.3,273.4,0.0,1015.1,DEMO
2026-09-01 06:00:00,HHHT001,呼和浩特市环境监测中心站,40.8421,111.749,新城区,28.9,39.7,14.1,23.8,44.4,1.04,41,15.6,46.8,4.5,70.4,0.0,1014.6,DEMO
2026-09-01 06:00:00,HHHT002,如意开发区,40.825,111.8,赛罕区,40.2,55.7,12.3,29.8,62.3,0.89,56,11.4,40.1,3.2,94.6,0.0,1012.8,DEMO
2026-09-01 06:00:00,HHHT003,呼市一监,40.81,111.67,回民区,32.7,41.6,14.4,38.0,62.3,0.91,47,8.5,53.8,3.7,329.6,0.0,1008.5,DEMO
2026-09-01 06:00:00,HHHT004,小召前街,40.805,111.665,回民区,31.4,47.0,14.9,29.0,49.5,0.74,45,7.9,50.4,4.0,53.1,0.0,1012.4,DEMO
2026-09-01 06:00:00,HHHT005,二十九中,40.78,111.7,玉泉区,32.5,46.3,15.0,41.0,60.1,0.67,46,2.3,31.3,4.7,71.4,0.0,1011.6,DEMO
2026-09-01 06:00:00,HHHT006,工大金川校区,40.76,111.62,土默特左旗,18.4,23.0,11.1,33.4,54.9,0.78,26,10.5,36.0,2.1,235.4,0.0,1014.4,DEMO
2026-09-01 07:00:00,HHHT001,呼和浩特市环境监测中心站,40.8421,111.749,新城区,41.5,60.2,15.0,43.1,54.2,0.91,58,8.8,52.1,2.7,319.4,0.0,1016.4,DEMO
2026-09-01 07:00:00,HHHT002,如意开发区,40.825,111.8,赛罕区,38.8,49.9,16.8,29.2,38.4,0.71,55,12.3,47.8,4.6,148.8,0.0,1014.6,DEMO
2026-09-01 07:00:00,HHHT003,呼市一监,40.81,111.67,回民区,37.4,53.1,19.2,27.2,45.6,0.92,53,5.7,61.4,4.5,181.2,0.0,1007.7,DEMO
2026-09-01 07:00:00,HHHT004,小召前街,40.805,111.665,回民区,42.4,55.7,13.4,39.3,48.0,1.07,59,10.0,50.5,2.7,154.1,0.0,1014.4,DEMO
2026-09-01 07:00:00,HHHT005,二十九中,40.78,111.7,玉泉区,38.4,54.0,16.5,30.0,42.7,0.89,54,4.6,37.1,2.8,310.1,0.0,1009.2,DEMO
2026-09-01 07:00:00,HHHT006,工大金川校区,40.76,111.62,土默特左旗,35.2,48.3,15.0,34.8,68.4,0.92,50,13.8,39.5,5.0,35.2,0.0,1015.6,DEMO
2026-09-01 08:00:00,HHHT001,呼和浩特市环境监测中心站,40.8421,111.749,新城区,37.3,53.1,12.5,29.2,41.2,0.79,53,2.8,36.5,2.5,260.8,0.0,1007.3,DEMO
2026-09-01 08:00:00,HHHT002,如意开发区,40.825,111.8,赛罕区,39.9,59.7,12.0,34.1,33.8,1.05,56,14.8,45.4,2.8,129.0,0.0,1009.2,DEMO
2026-09-01 08:00:00,HHHT003,呼市一监,40.81,111.67,回民区,36.4,49.6,14.3,35.7,48.9,0.74,52,8.1,41.3,5.0,284.3,0.0,1001.5,DEMO
2026-09-01 08:00:00,HHHT004,小召前街,40.805,111.665,回民区,50.0,70.1,18.0,36.8,59.3,1.0,69,5.4,65.8,3.6,250.7,0.0,1006.4,DEMO
2026-09-01 08:00:00,HHHT005,二十九中,40.78,111.7,玉泉区,35.4,50.3,14.4,34.6,48.1,0.84,50,7.8,55.3,2.7,350.9,0.0,1014.1,DEMO
2026-09-01 08:00:00,HHHT006,工大金川校区,40.76,111.62,土默特左旗,25.3,39.6,8.6,40.4,67.9,0.88,36,4.9,43.1,2.3,14.5,0.3,1014.3,DEMO
2026-09-01 09:00:00,HHHT001,呼和浩特市环境监测中心站,40.8421,111.749,新城区,20.3,28.9,11.3,31.9,58.9,0.82,29,6.3,42.0,4.3,42.5,0.0,1006.6,DEMO
2026-09-01 09:00:00,HHHT002,如意开发区,40.825,111.8,赛罕区,40.9,53.3,9.9,42.4,62.8,0.89,57,11.1,56.7,3.3,152.3,0.0,1014.0,DEMO
2026-09-01 09:00:00,HHHT003,呼市一监,40.81,111.67,回民区,36.1,46.7,12.7,37.5,42.0,0.81,51,11.3,56.4,3.5,310.3,0.0,1010.9,DEMO
2026-09-01 09:00:00,HHHT004,小召前街,40.805,111.665,回民区,51.3,66.7,10.9,30.4,51.9,0.96,70,8.2,49.4,0.3,210.3,0.0,1004.8,DEMO
2026-09-01 09:00:00,HHHT005,二十九中,40.78,111.7,玉泉区,34.7,52.0,15.3,27.1,56.5,0.83,50,6.2,22.4,4.3,281.9,0.0,1011.4,DEMO
2026-09-01 09:00:00,HHHT006,工大金川校区,40.76,111.62,土默特左旗,23.4,33.5,7.2,33.3,43.4,0.81,33,11.2,25.0,4.9,330.8,0.0,1010.9,DEMO
2026-09-01 10:00:00,HHHT001,呼和浩特市环境监测中心站,40.8421,111.749,新城区,24.5,33.7,13.3,41.8,45.1,0.84,35,8.0,57.7,3.6,262.6,0.0,1011.1,DEMO
2026-09-01 10:00:00,HHHT002,如意开发区,40.825,111.8,赛罕区,34.5,43.2,16.6,28.4,48.5,0.7,49,6.8,53.8,4.9,201.6,0.0,1011.7,DEMO
2026-09-01 10:00:00,HHHT003,呼市一监,40.81,111.67,回民区,38.7,51.5,10.7,38.3,56.3,1.03,55,10.5,30.4,3.0,315.7,0.0,1011.0,DEMO
2026-09-01 10:00:00,HHHT004,小召前街,40.805,111.665,回民区,42.2,60.4,13.6,42.5,64.7,1.14,59,10.5,34.2,3.4,237.3,0.0,1010.9,DEMO
2026-09-01 10:00:00,HHHT005,二十九中,40.78,111.7,玉泉区,30.4,41.8,19.4,31.7,46.6,0.78,43,11.4,67.4,5.9,179.3,0.0,1007.5,DEMO
2026-09-01 10:00:00,HHHT006,工大金川校区,40.76,111.62,土默特左旗,8.8,11.7,19.7,43.8,39.4,0.69,13,8.5,30.3,3.3,305.4,0.0,1016.7,DEMO
2026-09-01 11:00:00,HHHT001,呼和浩特市环境监测中心站,40.8421,111.749,新城区,20.1,27.3,18.9,24.1,70.8,0.69,29,4.7,31.5,1.9,257.6,0.0,1010.9,DEMO
2026-09-01 11:00:00,HHHT002,如意开发区,40.825,111.8,赛罕区,38.5,54.7,15.1,34.2,59.8,0.82,54,8.2,39.4,2.2,295.8,0.0,1006.2,DEMO
2026-09-01 11:00:00,HHHT003,呼市一监,40.81,111.67,回民区,31.7,50.6,14.5,39.8,54.8,0.67,45,6.6,41.1,3.5,156.0,2.7,1009.4,DEMO
2026-09-01 11:00:00,HHHT004,小召前街,40.805,111.665,回民区,59.0,87.0,16.0,41.2,55.2,1.13,80,11.5,32.7,2.5,339.6,0.0,1008.9,DEMO
2026-09-01 11:00:00,HHHT005,二十九中,40.78,111.7,玉泉区,33.2,47.6,14.1,33.4,58.6,0.88,47,7.9,58.9,5.5,264.9,0.0,1011.5,DEMO
2026-09-01 11:00:00,HHHT006,工大金川校区,40.76,111.62,土默特左旗,24.2,30.5,10.0,33.8,62.0,0.78,35,6.0,39.2,0.4,143.0,0.0,1013.0,DEMO
2026-09-01 12:00:00,HHHT001,呼和浩特市环境监测中心站,40.8421,111.749,新城区,28.8,38.6,14.5,27.0,74.8,0.83,41,8.6,55.1,2.9,236.7,0.0,1014.8,DEMO
2026-09-01 12:00:00,HHHT002,如意开发区,40.825,111.8,赛罕区,16.5,22.4,12.5,36.8,66.5,0.7,24,2.6,50.7,5.5,114.5,0.0,1013.4,DEMO
2026-09-01 12:00:00,HHHT003,呼市一监,40.81,111.67,回民区,36.4,52.5,18.2,27.5,54.0,0.88,52,5.9,53.9,2.2,263.0,0.0,1015.8,DEMO
2026-09-01 12:00:00,HHHT004,小召前街,40.805,111.665,回民区,42.1,61.2,10.7,30.1,65.7,1.04,59,4.4,53.1,3.2,67.5,0.0,1008.6,DEMO
2026-09-01 12:00:00,HHHT005,二十九中,40.78,111.7,玉泉区,26.0,33.6,18.7,33.3,58.9,0.79,37,8.3,45.0,2.9,291.1,0.0,1014.6,DEMO
2026-09-01 12:00:00,HHHT006,工大金川校区,40.76,111.62,土默特左旗,17.5,22.8,12.7,38.1,67.1,0.77,25,5.4,30.8,3.4,252.3,0.0,1015.5,DEMO
2026-09-01 13:00:00,HHHT001,呼和浩特市环境监测中心站,40.8421,111.749,新城区,27.3,36.0,11.3,30.8,51.0,0.79,39,4.6,59.6,4.1,202.0,0.0,1011.7,DEMO
2026-09-01 13:00:00,HHHT002,如意开发区,40.825,111.8,赛罕区,35.8,45.5,13.4,26.1,53.0,0.8,51,6.2,58.9,4.6,77.5,0.0,1012.6,DEMO
2026-09-01 13:00:00,HHHT003,呼市一监,40.81,111.67,回民区,35.1,51.9,14.0,38.8,59.0,0.84,50,9.1,50.3,3.8,126.4,0.0,1006.6,DEMO
2026-09-01 13:00:00,HHHT004,小召前街,40.805,111.665,回民区,34.4,59.2,13.7,27.4,53.0,0.98,49,9.7,34.4,2.8,111.0,2.1,1011.2,DEMO
2026-09-01 13:00:00,HHHT005,二十九中,40.78,111.7,玉泉区,33.5,47.8,12.6,34.6,45.2,0.88,48,7.5,30.2,2.2,291.0,0.0,1018.7,DEMO
2026-09-01 13:00:00,HHHT006,工大金川校区,40.76,111.62,土默特左旗,28.9,37.1,19.8,33.2,41.5,0.82,41,10.4,50.6,0.8,327.5,0.0,1011.6,DEMO
2026-09-01 14:00:00,HHHT001,呼和浩特市环境监测中心站,40.8421,111.749,新城区,22.2,27.9,16.9,37.7,49.3,0.58,32,9.3,45.9,3.0,178.0,0.0,1010.7,DEMO
2026-09-01 14:00:00,HHHT002,如意开发区,40.825,111.8,赛罕区,33.8,49.9,16.3,36.3,47.9,0.81,48,16.6,40.3,2.5,250.1,0.0,1012.4,DEMO
2026-09-01 14:00:00,HHHT003,呼市一监,40.81,111.67,回民区,29.5,38.6,13.4,24.0,70.2,0.88,42,6.3,60.2,3.0,288.0,0.0,1017.6,DEMO
2026-09-01 14:00:00,HHHT004,小召前街,40.805,111.665,回民区,44.4,66.3,12.1,35.8,62.5,0.95,62,11.1,39.0,1.5,98.1,0.6,1008.9,DEMO
2026-09-01 14:00:00,HHHT005,二十九中,40.78,111.7,玉泉区,30.3,41.2,9.3,31.2,56.6,0.78,43,4.3,56.8,3.1,330.6,0.0,1010.2,DEMO
2026-09-01 14:00:00,HHHT006,工大金川校区,40.76,111.62,土默特左旗,20.4,26.7,12.9,29.4,71.5,0.62,29,7.1,39.7,3.9,35.4,0.0,1010.4,DEMO
2026-09-01 15:00:00,HHHT001,呼和浩特市环境监测中心站,40.8421,111.749,新城区,22.1,32.1,20.1,28.7,65.9,0.74,32,6.9,48.9,4.5,264.7,0.0,1016.5,DEMO
2026-09-01 15:00:00,HHHT002,如意开发区,40.825,111.8,赛罕区,31.5,46.5,16.9,33.3,62.4,0.87,45,6.3,51.7,1.9,58.8,0.0,1008.7,DEMO
2026-09-01 15:00:00,HHHT003,呼市一监,40.81,111.67,回民区,36.9,54.9,11.4,35.3,63.3,0.83,52,6.3,33.5,1.8,151.4,0.0,1010.7,DEMO
2026-09-01 15:00:00,HHHT004,小召前街,40.805,111.665,回民区,34.4,49.0,10.1,37.1,58.2,0.82,49,6.9,51.9,3.8,11.3,0.0,1008.5,DEMO
2026-09-01 15:00:00,HHHT005,二十九中,40.78,111.7,玉泉区,35.9,53.7,14.4,27.1,62.0,0.95,51,6.6,55.1,1.8,299.4,0.0,1012.7,DEMO
2026-09-01 15:00:00,HHHT006,工大金川校区,40.76,111.62,土默特左旗,28.1,38.5,2,31.0,62.8,0.82,40,3.9,43.8,4.0,99.5,0.0,998.6,DEMO
2026-09-01 16:00:00,HHHT001,呼和浩特市环境监测中心站,40.8421,111.749,新城区,25.7,34.2,8.0,32.6,56.7,0.61,37,9.8,46.7,3.7,103.7,0.0,1011.7,DEMO
2026-09-01 16:00:00,HHHT002,如意开发区,40.825,111.8,赛罕区,38.4,49.5,7.7,29.6,64.4,0.83,54,10.2,54.7,3.4,37.7,0.0,1009.9,DEMO
2026-09-01 16:00:00,HHHT003,呼市一监,40.81,111.67,回民区,28.4,42.0,10.7,26.4,50.9,0.79,41,10.2,48.0,0.9,74.9,0.0,1012.6,DEMO
2026-09-01 16:00:00,HHHT004,小召前街,40.805,111.665,回民区,45.5,62.1,10.0,32.4,72.0,1.1,63,0.3,48.7,3.8,39.9,0.0,1007.6,DEMO
2026-09-01 16:00:00,HHHT005,二十九中,40.78,111.7,玉泉区,31.1,44.9,14.6,31.1,68.3,0.89,44,4.7,30.4,3.4,265.7,0.0,1006.4,DEMO
2026-09-01 16:00:00,HHHT006,工大金川校区,40.76,111.62,土默特左旗,18.2,27.0,11.5,32.3,57.3,0.88,26,9.0,41.3,3.0,184.7,0.0,1017.1,DEMO
2026-09-01 17:00:00,HHHT001,呼和浩特市环境监测中心站,40.8421,111.749,新城区,39.8,56.3,11.7,27.8,57.5,0.91,56,9.0,41.6,4.1,243.8,0.0,1013.1,DEMO
2026-09-01 17:00:00,HHHT002,如意开发区,40.825,111.8,赛罕区,48.7,64.2,17.3,37.7,34.9,0.96,67,4.0,28.9,2.2,119.7,0.0,1009.5,DEMO
2026-09-01 17:00:00,HHHT003,呼市一监,40.81,111.67,回民区,44.9,65.9,13.4,33.2,48.8,0.79,62,2.2,51.8,4.3,145.6,0.0,1010.0,DEMO
2026-09-01 17:00:00,HHHT004,小召前街,40.805,111.665,回民区,51.1,73.6,15.7,29.5,54.3,0.82,70,5.5,66.5,2.9,32.2,0.0,1011.9,DEMO
2026-09-01 17:00:00,HHHT005,二十九中,40.78,111.7,玉泉区,34.4,55.6,7.4,38.6,40.3,0.98,49,7.0,54.4,3.2,261.1,0.7,1015.1,DEMO
2026-09-01 17:00:00,HHHT006,工大金川校区,40.76,111.62,土默特左旗,23.8,31.5,11.9,14.9,48.6,0.89,34,9.0,40.0,3.3,33.3,0.0,1012.9,DEMO
2026-09-01 18:00:00,HHHT001,呼和浩特市环境监测中心站,40.8421,111.749,新城区,27.3,40.5,12.0,26.8,48.4,0.8,39,7.7,42.3,4.7,38.4,0.0,1012.8,DEMO
2026-09-01 18:00:00,HHHT002,如意开发区,40.825,111.8,赛罕区,42.5,61.1,11.2,47.7,51.5,1.09,59,6.7,47.5,2.4,160.0,0.0,1017.4,DEMO
2026-09-01 18:00:00,HHHT003,呼市一监,40.81,111.67,回民区,38.5,48.3,16.0,29.9,41.6,0.88,54,12.7,76.7,4.0,210.9,0.0,1004.0,DEMO
2026-09-01 18:00:00,HHHT004,小召前街,40.805,111.665,回民区,41.0,57.8,15.4,29.9,37.4,0.76,57,10.1,36.4,1.8,86.8,0.0,1009.9,DEMO
2026-09-01 18:00:00,HHHT005,二十九中,40.78,111.7,玉泉区,29.0,40.5,14.3,34.9,32.6,0.99,41,7.4,52.4,4.5,113.6,0.0,1017.0,DEMO
2026-09-01 18:00:00,HHHT006,工大金川校区,40.76,111.62,土默特左旗,32.7,57.3,13.7,35.7,47.8,0.85,47,13.9,39.8,1.6,21.6,0.2,1014.0,DEMO
2026-09-01 19:00:00,HHHT001,呼和浩特市环境监测中心站,40.8421,111.749,新城区,30.6,39.4,13.4,39.1,44.2,1.02,44,6.1,63.9,1.6,253.4,0.0,1008.2,DEMO
2026-09-01 19:00:00,HHHT002,如意开发区,40.825,111.8,赛罕区,53.6,68.2,10.3,31.1,61.0,1.06,73,9.2,60.8,2.4,101.1,0.0,1011.6,DEMO
2026-09-01 19:00:00,HHHT003,呼市一监,40.81,111.67,回民区,55.8,82.7,18.0,22.5,48.0,1.15,76,6.9,54.9,2.5,187.4,0.0,1011.9,DEMO
2026-09-01 19:00:00,HHHT004,小召前街,40.805,111.665,回民区,45.0,62.9,13.8,35.1,57.0,0.96,62,3.7,37.3,2.3,165.9,0.0,1002.5,DEMO
2026-09-01 19:00:00,HHHT005,二十九中,40.78,111.7,玉泉区,38.5,50.6,13.7,38.5,42.6,0.83,54,12.0,34.7,1.0,23.1,0.0,1012.2,DEMO
2026-09-01 19:00:00,HHHT006,工大金川校区,40.76,111.62,土默特左旗,27.7,43.1,13.6,34.7,41.5,0.62,40,12.2,40.8,5.6,144.2,1.8,1012.9,DEMO
2026-09-01 20:00:00,HHHT001,呼和浩特市环境监测中心站,40.8421,111.749,新城区,30.1,40.4,12.9,34.5,50.8,0.68,43,5.5,59.2,3.7,1.7,0.0,1011.5,DEMO
2026-09-01 20:00:00,HHHT002,如意开发区,40.825,111.8,赛罕区,40.7,65.4,15.4,44.7,48.8,0.79,57,7.6,63.6,1.6,106.7,3.2,1010.8,DEMO
2026-09-01 20:00:00,HHHT003,呼市一监,40.81,111.67,回民区,32.3,45.6,12.6,37.9,46.3,0.99,46,2.5,74.9,2.6,243.5,0.0,1012.4,DEMO
2026-09-01 20:00:00,HHHT004,小召前街,40.805,111.665,回民区,41.6,61.6,11.2,40.3,41.5,1.09,58,11.3,34.6,2.9,198.5,0.0,1014.4,DEMO
2026-09-01 20:00:00,HHHT005,二十九中,40.78,111.7,玉泉区,41.5,62.0,11.7,38.8,61.4,0.99,58,9.3,40.7,4.0,235.2,0.0,1006.3,DEMO
2026-09-01 20:00:00,HHHT006,工大金川校区,40.76,111.62,土默特左旗,28.9,41.6,16.3,28.7,57.7,0.73,41,8.2,21.4,3.8,342.9,0.0,1010.9,DEMO
2026-09-01 21:00:00,HHHT001,呼和浩特市环境监测中心站,40.8421,111.749,新城区,32.9,49.0,12.4,30.1,54.9,0.83,47,9.0,43.6,2.2,231.3,0.0,1006.3,DEMO
2026-09-01 21:00:00,HHHT002,如意开发区,40.825,111.8,赛罕区,36.7,54.1,14.2,36.5,50.7,1.0,52,6.9,43.3,2.3,152.5,0.0,1017.7,DEMO
2026-09-01 21:00:00,HHHT003,呼市一监,40.81,111.67,回民区,24.9,40.6,13.8,26.9,41.7,0.97,36,12.9,38.4,2.2,267.2,2.9,1010.0,DEMO
2026-09-01 21:00:00,HHHT004,小召前街,40.805,111.665,回民区,42.7,54.6,15.8,39.3,48.6,0.7,60,3.6,52.5,3.7,296.8,0.0,1007.8,DEMO
2026-09-01 21:00:00,HHHT005,二十九中,40.78,111.7,玉泉区,31.4,43.8,11.9,32.2,49.5,0.68,45,7.9,45.5,4.3,65.7,0.0,1011.0,DEMO
2026-09-01 21:00:00,HHHT006,工大金川校区,40.76,111.62,土默特左旗,20.8,31.0,8.9,25.6,53.6,0.83,30,11.7,52.8,0.9,312.8,0.0,1013.9,DEMO
2026-09-01 22:00:00,HHHT001,呼和浩特市环境监测中心站,40.8421,111.749,新城区,19.3,28.8,14.9,35.0,48.7,0.73,28,4.8,42.2,2.7,333.5,0.0,1013.7,DEMO
2026-09-01 22:00:00,HHHT002,如意开发区,40.825,111.8,赛罕区,34.2,56.9,11.7,38.1,52.5,1.07,49,4.7,49.3,3.0,67.6,2.1,1012.1,DEMO
2026-09-01 22:00:00,HHHT003,呼市一监,40.81,111.67,回民区,27.5,34.8,13.4,34.3,44.5,0.8,39,11.0,31.3,1.7,62.4,0.0,1011.6,DEMO
2026-09-01 22:00:00,HHHT004,小召前街,40.805,111.665,回民区,39.9,57.2,15.5,36.2,57.2,1.02,56,9.0,48.4,2.9,75.1,0.0,1004.8,DEMO
2026-09-01 22:00:00,HHHT005,二十九中,40.78,111.7,玉泉区,37.9,48.1,12.0,39.1,57.6,0.94,54,13.4,70.6,4.0,81.9,0.0,1011.4,DEMO
2026-09-01 22:00:00,HHHT006,工大金川校区,40.76,111.62,土默特左旗,29.7,43.4,21.7,25.3,57.0,0.82,42,3.2,56.4,2.0,29.2,0.0,1015.3,DEMO
2026-09-01 23:00:00,HHHT001,呼和浩特市环境监测中心站,40.8421,111.749,新城区,26.8,38.5,16.3,27.8,51.6,0.87,38,4.7,55.0,1.8,227.2,0.0,1009.0,DEMO
2026-09-01 23:00:00,HHHT002,如意开发区,40.825,111.8,赛罕区,32.9,45.1,14.8,39.7,47.6,0.77,47,13.0,56.6,3.8,234.2,0.0,1018.9,DEMO
2026-09-01 23:00:00,HHHT003,呼市一监,40.81,111.67,回民区,33.1,47.5,12.9,34.7,30.5,0.84,47,10.0,53.0,3.2,269.1,0.0,1008.7,DEMO
2026-09-01 23:00:00,HHHT004,小召前街,40.805,111.665,回民区,49.3,73.6,20.6,33.2,49.3,0.92,68,11.9,54.7,4.4,109.8,0.0,1022.1,DEMO
2026-09-01 23:00:00,HHHT005,二十九中,40.78,111.7,玉泉区,33.1,45.2,16.9,30.4,46.9,0.87,47,9.3,50.2,5.9,86.0,0.0,1012.1,DEMO
2026-09-01 23:00:00,HHHT006,工大金川校区,40.76,111.62,土默特左旗,22.1,29.0,13.7,28.8,44.2,0.63,32,8.5,51.1,3.8,200.8,0.0,1014.9,DEMO
2026-09-02 00:00:00,HHHT001,呼和浩特市环境监测中心站,40.8421,111.749,新城区,28.4,35.6,11.2,38.1,66.2,0.88,41,7.8,33.4,2.9,208.3,0.0,1011.1,DEMO
2026-09-02 00:00:00,HHHT002,如意开发区,40.825,111.8,赛罕区,42.6,55.1,11.1,37.4,57.7,1.09,60,2.6,56.2,1.9,0.4,0.0,1010.0,DEMO
2026-09-02 00:00:00,HHHT003,呼市一监,40.81,111.67,回民区,36.9,46.5,10.5,35.1,57.3,0.89,52,11.6,78.5,4.4,339.0,0.0,1010.6,DEMO
2026-09-02 00:00:00,HHHT004,小召前街,40.805,111.665,回民区,50.1,67.7,9.8,39.8,51.5,1.11,69,7.8,61.8,2.0,222.1,0.0,1016.1,DEMO
2026-09-02 00:00:00,HHHT005,二十九中,40.78,111.7,玉泉区,33.4,43.6,10.6,36.3,59.0,0.73,48,9.1,28.3,3.7,248.6,0.0,1012.5,DEMO
2026-09-02 00:00:00,HHHT006,工大金川校区,40.76,111.62,土默特左旗,24.4,34.3,17.4,39.8,63.5,0.81,35,7.8,68.2,0.8,254.2,0.0,1005.2,DEMO
2026-09-02 01:00:00,HHHT001,呼和浩特市环境监测中心站,40.8421,111.749,新城区,29.1,41.7,11.7,31.8,57.0,0.88,42,6.4,42.7,4.5,347.4,0.0,1008.4,DEMO
2026-09-02 01:00:00,HHHT002,如意开发区,40.825,111.8,赛罕区,52.4,67.7,16.2,50.3,48.1,1.02,72,10.7,73.9,1.9,108.1,0.0,1019.1,DEMO
2026-09-02 01:00:00,HHHT003,呼市一监,40.81,111.67,回民区,36.4,52.5,12.7,20.7,52.0,0.71,52,-0.2,60.6,3.9,4.6,0.0,1010.4,DEMO
2026-09-02 01:00:00,HHHT004,小召前街,40.805,111.665,回民区,41.5,59.2,12.7,30.8,48.9,0.95,58,8.5,49.3,2.9,86.4,0.0,1017.7,DEMO
2026-09-02 01:00:00,HHHT005,二十九中,40.78,111.7,玉泉区,26.2,32.7,10.2,40.7,54.3,0.84,37,5.0,40.6,1.3,21.6,0.0,1006.4,DEMO
2026-09-02 01:00:00,HHHT006,工大金川校区,40.76,111.62,土默特左旗,22.5,33.6,11.2,30.1,58.8,0.79,32,6.6,58.0,3.3,235.5,3.1,1008.0,DEMO
2026-09-02 02:00:00,HHHT001,呼和浩特市环境监测中心站,40.8421,111.749,新城区,31.6,46.4,9.9,35.6,52.2,0.8,45,7.5,45.9,2.1,337.9,0.0,1011.2,DEMO
2026-09-02 02:00:00,HHHT002,如意开发区,40.825,111.8,赛罕区,37.5,49.4,14.0,34.9,52.6,0.83,53,11.9,46.2,2.3,263.8,0.0,1012.7,DEMO
2026-09-02 02:00:00,HHHT003,呼市一监,40.81,111.67,回民区,30.3,42.7,11.6,23.6,43.6,0.83,43,11.4,57.9,4.3,200.3,0.0,1014.0,DEMO
2026-09-02 02:00:00,HHHT004,小召前街,40.805,111.665,回民区,45.5,57.7,16.8,37.4,52.3,1.04,63,10.1,30.2,2.6,10.0,0.0,1008.3,DEMO
2026-09-02 02:00:00,HHHT005,二十九中,40.78,111.7,玉泉区,35.1,45.5,11.3,32.5,49.1,0.87,50,16.2,44.5,2.8,217.3,0.0,1015.1,DEMO
2026-09-02 02:00:00,HHHT006,工大金川校区,40.76,111.62,土默特左旗,22.1,32.7,8.1,31.2,51.8,0.7,32,6.0,65.2,5.2,348.6,0.0,1013.8,DEMO
2026-09-02 03:00:00,HHHT001,呼和浩特市环境监测中心站,40.8421,111.749,新城区,24.6,33.0,16.6,30.5,52.4,0.97,35,4.7,67.4,0.8,183.0,0.0,1013.5,DEMO
2026-09-02 03:00:00,HHHT002,如意开发区,40.825,111.8,赛罕区,34.1,49.5,10.0,36.7,53.6,0.99,49,9.3,36.2,1.1,307.1,0.0,1010.2,DEMO
2026-09-02 03:00:00,HHHT003,呼市一监,40.81,111.67,回民区,29.4,38.8,13.8,32.9,48.2,0.96,42,8.7,64.5,4.5,210.4,0.0,1017.8,DEMO
2026-09-02 03:00:00,HHHT004,小召前街,40.805,111.665,回民区,47.5,69.3,17.1,39.8,50.7,0.94,66,5.3,45.2,0.6,106.1,0.0,1007.2,DEMO
2026-09-02 03:00:00,HHHT005,二十九中,40.78,111.7,玉泉区,30.0,41.7,7.0,36.1,51.3,0.83,43,6.3,52.3,1.3,204.7,0.0,1010.6,DEMO
2026-09-02 03:00:00,HHHT006,工大金川校区,40.76,111.62,土默特左旗,20.0,29.4,9.9,37.3,61.6,0.58,29,5.8,53.0,2.6,178.6,0.0,1014.1,DEMO
2026-09-02 04:00:00,HHHT001,呼和浩特市环境监测中心站,40.8421,111.749,新城区,28.8,42.1,12.0,33.2,64.6,0.83,41,11.4,41.7,4.0,85.5,0.0,1010.1,DEMO
2026-09-02 04:00:00,HHHT002,如意开发区,40.825,111.8,赛罕区,37.3,54.4,12.8,39.2,47.5,0.99,53,2.6,62.7,3.3,99.3,0.0,1014.2,DEMO
2026-09-02 04:00:00,HHHT003,呼市一监,40.81,111.67,回民区,26.7,35.0,11.4,41.9,55.4,1.02,38,11.0,72.3,3.0,60.3,0.0,1011.3,DEMO
2026-09-02 04:00:00,HHHT004,小召前街,40.805,111.665,回民区,38.0,57.0,13.0,31.6,54.6,0.96,54,3.0,66.1,1.5,161.0,0.0,1010.5,DEMO
2026-09-02 04:00:00,HHHT005,二十九中,40.78,111.7,玉泉区,28.4,36.6,10.2,28.0,59.2,0.78,41,8.9,50.8,2.3,185.6,0.0,1011.2,DEMO
2026-09-02 04:00:00,HHHT006,工大金川校区,40.76,111.62,土默特左旗,15.6,21.0,11.3,34.1,54.7,0.69,22,6.7,34.5,2.5,80.1,0.0,1008.0,DEMO
2026-09-02 05:00:00,HHHT001,呼和浩特市环境监测中心站,40.8421,111.749,新城区,32.1,47.5,17.1,38.4,45.0,1.04,46,7.1,43.4,3.2,104.9,0.0,1008.2,DEMO
2026-09-02 05:00:00,HHHT002,如意开发区,40.825,111.8,赛罕区,46.8,69.0,16.8,37.3,53.5,0.89,65,8.1,59.4,0.7,30.3,0.0,1008.2,DEMO
2026-09-02 05:00:00,HHHT003,呼市一监,40.81,111.67,回民区,25.6,36.5,12.9,31.4,52.6,1.08,37,8.5,49.9,4.5,84.1,0.0,1012.5,DEMO
2026-09-02 05:00:00,HHHT004,小召前街,40.805,111.665,回民区,46.0,66.9,12.7,33.7,52.6,1.12,64,6.9,55.2,2.4,146.6,0.0,1007.3,DEMO
2026-09-02 05:00:00,HHHT005,二十九中,40.78,111.7,玉泉区,16.5,26.8,6.2,25.8,46.9,0.94,24,10.1,62.3,1.1,323.2,1.9,1011.0,DEMO
2026-09-02 05:00:00,HHHT006,工大金川校区,40.76,111.62,土默特左旗,27.5,35.3,18.3,32.9,40.7,0.89,39,1.3,39.3,4.0,52.4,0.0,1006.0,DEMO
2026-09-02 06:00:00,HHHT001,呼和浩特市环境监测中心站,40.8421,111.749,新城区,29.3,43.1,18.6,33.9,61.1,0.73,42,13.0,48.0,3.0,166.8,0.0,1008.8,DEMO
2026-09-02 06:00:00,HHHT002,如意开发区,40.825,111.8,赛罕区,50.5,63.8,17.3,31.7,34.7,1.16,69,10.3,48.6,1.5,173.6,0.0,1012.9,DEMO
2026-09-02 06:00:00,HHHT003,呼市一监,40.81,111.67,回民区,47.2,70.1,11.3,33.8,57.3,0.94,65,7.5,47.7,2.1,304.7,0.0,1006.5,DEMO
2026-09-02 06:00:00,HHHT004,小召前街,40.805,111.665,回民区,54.5,69.6,14.4,40.2,45.6,1.03,74,7.9,64.7,3.9,153.6,0.0,1011.4,DEMO
2026-09-02 06:00:00,HHHT005,二十九中,40.78,111.7,玉泉区,29.4,41.0,12.5,32.6,54.5,0.84,42,7.8,39.1,2.3,255.8,0.0,1016.8,DEMO
2026-09-02 06:00:00,HHHT006,工大金川校区,40.76,111.62,土默特左旗,38.7,50.5,12.1,32.1,40.2,0.93,55,9.2,53.5,2.2,313.3,0.0,1013.3,DEMO
2026-09-02 07:00:00,HHHT001,呼和浩特市环境监测中心站,40.8421,111.749,新城区,41.5,57.4,13.0,36.1,49.5,0.94,58,2.2,66.7,1.3,130.3,0.0,1016.3,DEMO
2026-09-02 07:00:00,HHHT002,如意开发区,40.825,111.8,赛罕区,47.0,63.8,9.0,34.1,55.1,0.98,65,0.2,49.5,2.6,235.0,0.0,1009.9,DEMO
2026-09-02 07:00:00,HHHT003,呼市一监,40.81,111.67,回民区,49.5,68.2,9.6,47.7,42.0,1.06,68,7.8,40.5,3.0,112.3,0.0,1020.5,DEMO
2026-09-02 07:00:00,HHHT004,小召前街,40.805,111.665,回民区,59.9,79.2,15.1,31.5,53.7,1.25,81,8.4,72.1,3.1,303.5,0.0,1020.1,DEMO
2026-09-02 07:00:00,HHHT005,二十九中,40.78,111.7,玉泉区,39.4,51.7,14.2,26.6,65.0,0.99,56,5.4,51.7,3.1,232.6,0.0,1009.1,DEMO
2026-09-02 07:00:00,HHHT006,工大金川校区,40.76,111.62,土默特左旗,43.9,56.8,16.4,36.9,53.8,0.89,61,8.3,42.8,2.8,133.5,0.0,1011.4,DEMO
2026-09-02 08:00:00,HHHT001,呼和浩特市环境监测中心站,40.8421,111.749,新城区,37.8,50.3,16.2,35.2,59.5,0.91,53,10.1,46.0,0.3,181.8,0.0,1007.1,DEMO
2026-09-02 08:00:00,HHHT002,如意开发区,40.825,111.8,赛罕区,53.1,70.6,13.7,30.7,39.0,1.17,73,7.9,58.3,2.1,195.8,0.0,1017.1,DEMO
2026-09-02 08:00:00,HHHT003,呼市一监,40.81,111.67,回民区,41.1,60.5,12.0,39.1,68.8,0.84,58,12.5,57.3,1.8,60.9,0.0,1018.7,DEMO
2026-09-02 08:00:00,HHHT004,小召前街,40.805,111.665,回民区,55.4,74.5,19.2,44.5,52.5,0.91,76,9.3,38.6,2.7,31.1,0.0,1015.1,DEMO
2026-09-02 08:00:00,HHHT005,二十九中,40.78,111.7,玉泉区,41.3,56.5,14.2,30.6,56.3,0.98,58,8.1,38.9,2.0,52.0,0.0,1014.4,DEMO
2026-09-02 08:00:00,HHHT006,工大金川校区,40.76,111.62,土默特左旗,24.0,32.6,14.1,30.0,37.3,0.9,34,8.8,38.0,3.2,323.5,0.0,1016.9,DEMO
2026-09-02 09:00:00,HHHT001,呼和浩特市环境监测中心站,40.8421,111.749,新城区,28.0,41.7,7.3,33.7,56.3,0.7,40,11.8,33.6,3.7,352.4,0.0,1014.3,DEMO
2026-09-02 09:00:00,HHHT002,如意开发区,40.825,111.8,赛罕区,46.1,58.7,18.4,36.1,36.5,0.94,64,5.5,55.3,1.0,344.7,0.0,1009.2,DEMO
2026-09-02 09:00:00,HHHT003,呼市一监,40.81,111.67,回民区,46.8,59.1,14.7,42.5,51.2,0.96,65,6.9,15,0.7,105.9,0.0,1008.6,DEMO
2026-09-02 09:00:00,HHHT004,小召前街,40.805,111.665,回民区,52.3,88.1,20.1,35.0,62.8,1.13,72,9.5,44.1,2.4,161.3,1.6,1012.5,DEMO
2026-09-02 09:00:00,HHHT005,二十九中,40.78,111.7,玉泉区,37.6,49.6,13.7,27.7,48.1,0.76,53,5.0,55.8,3.3,205.9,0.0,1000.7,DEMO
2026-09-02 09:00:00,HHHT006,工大金川校区,40.76,111.62,土默特左旗,29.4,39.4,12.4,32.8,42.8,1.0,42,3.1,47.3,1.1,70.3,0.0,1016.7,DEMO
2026-09-02 10:00:00,HHHT001,呼和浩特市环境监测中心站,40.8421,111.749,新城区,28.0,35.4,16.7,26.6,65.0,0.76,40,10.5,69.3,2.4,7.5,0.0,1008.6,DEMO
2026-09-02 10:00:00,HHHT002,如意开发区,40.825,111.8,赛罕区,39.6,51.5,16.3,25.9,57.2,0.82,56,7.2,24.5,4.8,173.2,0.0,1011.6,DEMO
2026-09-02 10:00:00,HHHT003,呼市一监,40.81,111.67,回民区,56.8,71.2,21.9,38.1,54.8,1.02,77,6.9,40.4,1.9,9.7,0.0,1020.2,DEMO
2026-09-02 10:00:00,HHHT004,小召前街,40.805,111.665,回民区,45.7,62.2,9.5,33.4,58.0,1.04,63,8.0,54.1,2.7,2.1,0.0,1012.0,DEMO
2026-09-02 10:00:00,HHHT005,二十九中,40.78,111.7,玉泉区,34.8,52.2,10.6,33.3,41.3,0.58,50,8.9,39.4,4.0,324.7,0.0,1014.2,DEMO
2026-09-02 10:00:00,HHHT006,工大金川校区,40.76,111.62,土默特左旗,14.1,18.7,9.6,30.7,52.2,0.68,20,5.5,62.5,4.2,304.4,0.0,1012.5,DEMO
2026-09-02 11:00:00,HHHT001,呼和浩特市环境监测中心站,40.8421,111.749,新城区,27.1,39.6,17.0,28.5,57.3,0.84,39,10.8,60.1,3.6,124.0,0.0,1013.1,DEMO
2026-09-02 11:00:00,HHHT002,如意开发区,40.825,111.8,赛罕区,53.6,78.8,9.4,35.8,51.1,0.91,73,6.1,66.1,3.2,108.2,0.0,1009.5,DEMO
2026-09-02 11:00:00,HHHT003,呼市一监,40.81,111.67,回民区,36.9,59.9,20.1,29.0,49.7,1.2,52,7.9,52.3,2.4,51.5,0.8,1016.8,DEMO
2026-09-02 11:00:00,HHHT004,小召前街,40.805,111.665,回民区,43.8,73.7,15.0,29.8,62.1,1.04,61,12.0,54.3,1.9,218.3,3.5,1009.9,DEMO
2026-09-02 11:00:00,HHHT005,二十九中,40.78,111.7,玉泉区,38.5,49.7,15.5,38.9,66.4,0.82,54,8.6,25.8,1.3,186.0,0.0,1014.5,DEMO
2026-09-02 11:00:00,HHHT006,工大金川校区,40.76,111.62,土默特左旗,19.1,27.8,9.4,29.4,61.0,0.73,27,6.9,69.0,4.9,222.6,0.0,1018.8,DEMO
2026-09-02 12:00:00,HHHT001,呼和浩特市环境监测中心站,40.8421,111.749,新城区,37.9,56.2,11.0,31.6,62.4,0.93,54,8.5,46.8,3.5,98.8,0.0,1008.6,DEMO
2026-09-02 12:00:00,HHHT002,如意开发区,40.825,111.8,赛罕区,33.8,50.4,12.0,28.5,68.9,0.78,48,11.8,50.8,2.5,194.3,0.0,1014.9,DEMO
2026-09-02 12:00:00,HHHT003,呼市一监,40.81,111.67,回民区,45.2,61.4,14.2,31.8,59.5,0.77,63,2.0,39.1,2.6,206.5,0.0,1007.4,DEMO
2026-09-02 12:00:00,HHHT004,小召前街,40.805,111.665,回民区,53.2,74.4,20.4,37.3,53.4,0.95,73,8.8,20.5,1.2,196.7,0.0,1007.5,DEMO
2026-09-02 12:00:00,HHHT005,二十九中,40.78,111.7,玉泉区,36.0,50.7,13.8,36.5,43.9,0.96,51,1.6,69.8,2.8,145.9,0.0,1011.7,DEMO
2026-09-02 12:00:00,HHHT006,工大金川校区,40.76,111.62,土默特左旗,22.9,34.2,13.9,31.4,70.1,0.62,33,8.0,46.0,0.7,21.9,0.0,1012.0,DEMO
2026-09-02 13:00:00,HHHT001,呼和浩特市环境监测中心站,40.8421,111.749,新城区,29.1,41.7,16.1,39.6,49.8,0.8,42,11.3,39.0,5.5,184.0,0.0,1014.7,DEMO
2026-09-02 13:00:00,HHHT002,如意开发区,40.825,111.8,赛罕区,34.9,45.5,12.2,36.2,56.4,0.66,50,8.7,32.4,2.3,29.2,0.0,1009.0,DEMO
2026-09-02 13:00:00,HHHT003,呼市一监,40.81,111.67,回民区,37.3,54.0,12.8,25.0,56.4,1.01,53,14.4,23.1,1.6,41.5,0.0,1009.3,DEMO
2026-09-02 13:00:00,HHHT004,小召前街,40.805,111.665,回民区,49.5,73.1,15.7,37.1,59.8,1.12,68,6.2,64.6,3.9,153.1,0.0,1021.8,DEMO
2026-09-02 13:00:00,HHHT005,二十九中,40.78,111.7,玉泉区,40.1,58.1,13.8,34.0,54.8,1.13,56,10.1,45.2,3.8,163.7,0.0,1011.6,DEMO
2026-09-02 13:00:00,HHHT006,工大金川校区,40.76,111.62,土默特左旗,19.4,25.1,13.8,26.5,55.0,0.75,28,6.3,61.7,2.8,154.8,0.0,1012.1,DEMO
2026-09-02 14:00:00,HHHT001,呼和浩特市环境监测中心站,40.8421,111.749,新城区,29.0,36.6,17.1,32.2,65.1,0.73,41,8.1,42.8,1.7,235.9,0.0,1011.2,DEMO
2026-09-02 14:00:00,HHHT002,如意开发区,40.825,111.8,赛罕区,50.4,66.0,18.2,39.2,47.0,0.9,69,5.4,65.3,2.8,93.1,0.0,1006.8,DEMO
2026-09-02 14:00:00,HHHT003,呼市一监,40.81,111.67,回民区,30.4,42.2,18.2,34.5,50.9,0.92,43,7.1,25.6,2.9,201.1,0.0,1010.8,DEMO
2026-09-02 14:00:00,HHHT004,小召前街,40.805,111.665,回民区,48.5,72.8,11.6,34.8,67.9,0.99,67,9.4,42.1,0.9,288.6,0.0,1013.1,DEMO
2026-09-02 14:00:00,HHHT005,二十九中,40.78,111.7,玉泉区,34.2,55.3,11.2,33.5,66.4,1.01,49,11.7,49.6,1.3,225.4,3.8,1011.7,DEMO
2026-09-02 14:00:00,HHHT006,工大金川校区,40.76,111.62,土默特左旗,41.3,61.0,15.0,32.9,45.4,1.02,58,9.7,24.3,1.4,359.1,0.0,1013.4,DEMO
2026-09-02 15:00:00,HHHT001,呼和浩特市环境监测中心站,40.8421,111.749,新城区,24.9,31.5,15.1,27.2,74.4,0.78,36,9.2,49.0,3.9,256.3,0.0,1008.3,DEMO
2026-09-02 15:00:00,HHHT002,如意开发区,40.825,111.8,赛罕区,45.4,63.6,11.8,34.4,65.7,0.95,63,6.9,35.5,2.3,226.7,0.0,1016.2,DEMO
2026-09-02 15:00:00,HHHT003,呼市一监,40.81,111.67,回民区,30.8,47.8,12.3,32.0,58.3,0.99,44,11.5,36.0,2.5,289.5,1.0,1018.7,DEMO
2026-09-02 15:00:00,HHHT004,小召前街,40.805,111.665,回民区,60.0,86.8,17.9,40.9,62.2,1.0,81,10.9,49.9,1.3,268.9,0.0,1014.2,DEMO
2026-09-02 15:00:00,HHHT005,二十九中,40.78,111.7,玉泉区,40.4,53.2,15.2,31.3,49.5,0.89,57,10.6,39.3,2.9,196.2,0.0,1007.1,DEMO
2026-09-02 15:00:00,HHHT006,工大金川校区,40.76,111.62,土默特左旗,33.6,49.1,9.0,29.7,58.3,0.76,48,12.2,48.2,3.6,109.7,0.0,1017.5,DEMO
2026-09-02 16:00:00,HHHT001,呼和浩特市环境监测中心站,40.8421,111.749,新城区,26.2,37.3,11.6,31.0,57.8,0.74,37,7.8,34.3,1.9,334.7,0.0,1018.1,DEMO
2026-09-02 16:00:00,HHHT002,如意开发区,40.825,111.8,赛罕区,41.4,56.5,14.9,35.3,70.6,0.85,58,11.5,52.1,3.6,2.5,0.0,1012.2,DEMO
2026-09-02 16:00:00,HHHT003,呼市一监,40.81,111.67,回民区,32.0,43.1,10.2,31.6,57.3,0.73,46,4.5,56.6,6.3,90.9,0.0,1009.8,DEMO
2026-09-02 16:00:00,HHHT004,小召前街,40.805,111.665,回民区,46.9,67.5,13.3,40.2,62.7,0.99,65,4.7,59.2,0.5,108.9,0.0,1011.8,DEMO
2026-09-02 16:00:00,HHHT005,二十九中,40.78,111.7,玉泉区,37.6,50.9,7.4,44.2,41.9,0.94,53,5.3,56.4,0.9,329.1,0.0,1004.7,DEMO
2026-09-02 16:00:00,HHHT006,工大金川校区,40.76,111.62,土默特左旗,23.4,31.5,12.8,39.4,59.6,0.9,33,4.2,43.4,3.5,155.8,0.0,1010.0,DEMO
2026-09-02 17:00:00,HHHT001,呼和浩特市环境监测中心站,40.8421,111.749,新城区,42.0,52.7,10.8,27.8,47.5,0.91,59,8.3,47.6,2.7,334.1,0.0,1003.0,DEMO
2026-09-02 17:00:00,HHHT002,如意开发区,40.825,111.8,赛罕区,47.8,70.1,14.3,26.7,56.8,0.92,66,4.8,64.4,3.0,54.5,0.0,1013.0,DEMO
2026-09-02 17:00:00,HHHT003,呼市一监,40.81,111.67,回民区,48.0,61.1,10.8,29.0,38.8,0.92,66,6.4,41.6,1.2,115.1,0.0,1007.6,DEMO
2026-09-02 17:00:00,HHHT004,小召前街,40.805,111.665,回民区,59.0,82.5,15.4,42.9,48.3,1.06,80,6.4,54.6,4.0,193.0,0.0,1006.0,DEMO
2026-09-02 17:00:00,HHHT005,二十九中,40.78,111.7,玉泉区,54.9,81.0,13.9,35.2,58.4,1.19,75,6.2,53.0,3.5,120.7,0.0,1010.7,DEMO
2026-09-02 17:00:00,HHHT006,工大金川校区,40.76,111.62,土默特左旗,29.6,42.8,14.0,33.2,61.2,0.92,42,10.9,49.6,2.2,60.1,0.0,1013.5,DEMO
2026-09-02 18:00:00,HHHT001,呼和浩特市环境监测中心站,40.8421,111.749,新城区,43.1,58.1,13.9,21.7,51.2,1.12,60,1.7,49.7,1.3,26.9,0.0,1011.1,DEMO
2026-09-02 18:00:00,HHHT002,如意开发区,40.825,111.8,赛罕区,55.9,72.5,15.8,31.6,50.5,1.03,76,10.5,57.6,1.9,216.7,0.0,1010.9,DEMO
2026-09-02 18:00:00,HHHT003,呼市一监,40.81,111.67,回民区,48.1,71.4,17.7,47.5,49.0,1.0,66,9.1,40.6,1.2,194.0,0.0,1002.9,DEMO
2026-09-02 18:00:00,HHHT004,小召前街,40.805,111.665,回民区,50.5,69.4,15.1,33.3,46.8,1.08,69,6.6,48.2,4.0,250.6,0.0,1011.1,DEMO
2026-09-02 18:00:00,HHHT005,二十九中,40.78,111.7,玉泉区,50.3,72.7,8.9,34.2,48.2,1.01,69,8.6,50.6,2.9,33.8,0.0,1010.0,DEMO
2026-09-02 18:00:00,HHHT006,工大金川校区,40.76,111.62,土默特左旗,44.2,63.9,14.6,42.7,44.1,0.9,62,12.1,66.8,1.2,49.5,0.0,1015.6,DEMO
2026-09-02 19:00:00,HHHT001,呼和浩特市环境监测中心站,40.8421,111.749,新城区,38.5,57.6,10.1,26.8,57.3,0.79,54,7.7,59.4,3.0,320.9,0.0,1007.9,DEMO
2026-09-02 19:00:00,HHHT002,如意开发区,40.825,111.8,赛罕区,53.4,74.5,17.0,30.2,45.5,1.02,73,1.0,70.4,3.1,323.6,0.0,1016.4,DEMO
2026-09-02 19:00:00,HHHT003,呼市一监,40.81,111.67,回民区,44.3,75.5,9.8,37.1,62.0,0.94,62,7.1,52.6,2.8,321.4,0.6,1014.7,DEMO
2026-09-02 19:00:00,HHHT004,小召前街,40.805,111.665,回民区,59.2,77.7,13.9,32.6,43.9,1.22,80,8.3,50.2,0.3,107.1,0.0,1016.3,DEMO
2026-09-02 19:00:00,HHHT005,二十九中,40.78,111.7,玉泉区,38.3,49.7,11.1,29.5,54.4,0.67,54,10.6,57.3,1.2,273.4,0.0,1020.7,DEMO
2026-09-02 19:00:00,HHHT006,工大金川校区,40.76,111.62,土默特左旗,37.0,51.1,13.9,33.0,49.3,0.87,52,10.3,53.4,3.6,57.5,0.0,1014.6,DEMO
2026-09-02 20:00:00,HHHT001,呼和浩特市环境监测中心站,40.8421,111.749,新城区,30.3,47.5,12.3,44.0,40.2,0.99,43,10.3,54.4,2.8,11.3,2.7,1009.5,DEMO
2026-09-02 20:00:00,HHHT002,如意开发区,40.825,111.8,赛罕区,57.0,83.7,14.9,34.4,38.1,0.97,77,5.5,24.0,2.0,39.1,0.0,1018.7,DEMO
2026-09-02 20:00:00,HHHT003,呼市一监,40.81,111.67,回民区,44.8,75.0,12.1,37.4,38.8,0.99,62,11.7,52.0,3.2,328.1,2.0,1005.6,DEMO
2026-09-02 20:00:00,HHHT004,小召前街,40.805,111.665,回民区,45.3,62.6,8.9,37.3,47.8,0.87,63,9.9,35.5,1.3,343.4,0.0,1017.5,DEMO
2026-09-02 20:00:00,HHHT005,二十九中,40.78,111.7,玉泉区,48.1,67.4,13.1,32.1,47.2,0.99,66,8.6,44.1,3.3,23.6,0.0,1008.8,DEMO
2026-09-02 20:00:00,HHHT006,工大金川校区,40.76,111.62,土默特左旗,39.5,57.9,12.9,32.9,56.9,0.94,56,5.2,41.8,3.8,279.1,0.0,1006.4,DEMO
2026-09-02 21:00:00,HHHT001,呼和浩特市环境监测中心站,40.8421,111.749,新城区,34.1,45.6,12.6,30.6,51.8,0.95,49,11.2,37.0,1.7,202.0,0.0,1017.7,DEMO
2026-09-02 21:00:00,HHHT002,如意开发区,40.825,111.8,赛罕区,51.4,70.8,13.0,44.8,59.6,0.91,71,2.1,42.6,3.0,339.1,0.0,1011.3,DEMO
2026-09-02 21:00:00,HHHT003,呼市一监,40.81,111.67,回民区,35.8,53.2,9.6,28.9,54.3,1.03,51,10.7,50.0,2.6,110.9,0.0,1013.9,DEMO
2026-09-02 21:00:00,HHHT004,小召前街,40.805,111.665,回民区,54.6,70.5,11.3,32.7,48.1,1.0,74,14.0,58.6,0.6,343.9,0.0,1016.2,DEMO
2026-09-02 21:00:00,HHHT005,二十九中,40.78,111.7,玉泉区,26.6,38.6,16.6,38.5,62.8,0.88,38,12.1,49.6,3.7,204.6,0.0,1004.3,DEMO
2026-09-02 21:00:00,HHHT006,工大金川校区,40.76,111.62,土默特左旗,23.6,34.3,12.4,29.8,48.7,0.68,34,0.8,41.8,1.3,345.1,0.0,1007.0,DEMO
2026-09-02 22:00:00,HHHT001,呼和浩特市环境监测中心站,40.8421,111.749,新城区,29.5,43.3,16.7,34.3,44.0,0.79,42,10.2,44.0,4.3,174.6,0.0,1009.9,DEMO
2026-09-02 22:00:00,HHHT002,如意开发区,40.825,111.8,赛罕区,46.5,60.9,13.9,38.9,53.8,1.06,64,5.3,38.6,0.6,113.9,0.0,1015.3,DEMO
2026-09-02 22:00:00,HHHT003,呼市一监,40.81,111.67,回民区,36.9,47.1,12.1,38.8,44.3,0.93,52,7.5,53.9,4.3,318.4,0.0,1015.8,DEMO
2026-09-02 22:00:00,HHHT004,小召前街,40.805,111.665,回民区,48.6,63.8,16.6,28.8,45.5,0.81,67,10.2,45.6,2.5,45.7,0.0,1025.6,DEMO
2026-09-02 22:00:00,HHHT005,二十九中,40.78,111.7,玉泉区,36.7,46.7,15.6,26.6,36.6,1.06,52,5.3,52.9,2.6,147.6,0.0,1009.3,DEMO
2026-09-02 22:00:00,HHHT006,工大金川校区,40.76,111.62,土默特左旗,28.5,42.6,13.2,41.0,62.2,0.85,41,7.4,62.1,0.3,234.8,0.5,1012.0,DEMO
2026-09-02 23:00:00,HHHT001,呼和浩特市环境监测中心站,40.8421,111.749,新城区,26.5,35.2,15.2,29.4,59.1,0.7,38,10.6,43.8,1.6,308.7,0.0,1012.8,DEMO
2026-09-02 23:00:00,HHHT002,如意开发区,40.825,111.8,赛罕区,34.6,46.6,12.9,31.0,35.6,0.75,49,9.3,49.9,2.6,207.4,0.0,1011.5,DEMO
2026-09-02 23:00:00,HHHT003,呼市一监,40.81,111.67,回民区,44.4,65.0,6.1,31.5,48.7,0.94,62,7.1,34.3,2.0,323.6,0.0,1021.0,DEMO
2026-09-02 23:00:00,HHHT004,小召前街,40.805,111.665,回民区,48.7,61.1,18.9,35.7,49.7,0.98,67,8.0,37.2,2.5,279.7,0.0,1018.3,DEMO
2026-09-02 23:00:00,HHHT005,二十九中,40.78,111.7,玉泉区,38.4,48.5,17.8,36.9,41.3,1.02,54,7.8,39.4,3.0,154.4,0.0,1014.5,DEMO
2026-09-02 23:00:00,HHHT006,工大金川校区,40.76,111.62,土默特左旗,28.0,36.8,15.2,29.3,68.9,0.8,40,6.0,47.8,0.7,193.7,0.0,1012.8,DEMO
2026-09-03 00:00:00,HHHT001,呼和浩特市环境监测中心站,40.8421,111.749,新城区,38.7,55.7,11.5,31.2,48.1,0.89,55,6.5,52.1,3.6,346.1,0.0,1012.6,DEMO
2026-09-03 00:00:00,HHHT002,如意开发区,40.825,111.8,赛罕区,36.4,46.3,12.6,23.9,44.0,0.81,52,8.7,38.2,0.5,41.3,0.0,1009.2,DEMO
2026-09-03 00:00:00,HHHT003,呼市一监,40.81,111.67,回民区,44.7,63.8,16.2,36.8,56.6,0.96,62,8.6,63.8,3.0,346.9,0.0,1011.4,DEMO
2026-09-03 00:00:00,HHHT004,小召前街,40.805,111.665,回民区,49.4,70.5,11.6,29.3,52.4,0.94,68,3.4,69.5,2.1,116.3,0.0,1001.5,DEMO
2026-09-03 00:00:00,HHHT005,二十九中,40.78,111.7,玉泉区,39.1,49.3,17.5,39.7,45.8,0.88,55,5.2,54.0,3.6,246.5,0.0,1011.8,DEMO
2026-09-03 00:00:00,HHHT006,工大金川校区,40.76,111.62,土默特左旗,33.9,55.6,9.6,30.5,63.1,0.87,48,6.4,44.2,3.5,52.2,2.0,1011.1,DEMO
2026-09-03 01:00:00,HHHT001,呼和浩特市环境监测中心站,40.8421,111.749,新城区,34.7,46.9,15.4,32.0,59.1,0.73,50,5.7,38.2,4.3,156.8,0.0,1009.3,DEMO
2026-09-03 01:00:00,HHHT002,如意开发区,40.825,111.8,赛罕区,37.9,60.8,15.4,37.2,62.3,1.0,54,5.7,45.7,1.5,293.7,1.0,1013.0,DEMO
2026-09-03 01:00:00,HHHT003,呼市一监,40.81,111.67,回民区,44.0,63.6,12.4,35.3,45.6,1.11,61,9.6,43.4,1.4,319.2,0.0,1012.9,DEMO
2026-09-03 01:00:00,HHHT004,小召前街,40.805,111.665,回民区,47.5,67.8,14.7,40.9,57.7,0.91,66,7.1,67.1,1.7,190.3,0.0,1011.7,DEMO
2026-09-03 01:00:00,HHHT005,二十九中,40.78,111.7,玉泉区,38.8,57.7,7.5,29.5,39.3,1.13,55,9.3,71.2,3.5,183.2,0.0,1006.0,DEMO
2026-09-03 01:00:00,HHHT006,工大金川校区,40.76,111.62,土默特左旗,34.8,51.8,13.0,34.4,39.5,0.94,50,13.2,67.6,0.8,9.6,0.0,1005.9,DEMO
2026-09-03 02:00:00,HHHT001,呼和浩特市环境监测中心站,40.8421,111.749,新城区,17.4,25.7,13.0,32.1,54.8,0.72,25,8.4,36.0,3.7,36.9,0.0,1014.5,DEMO
2026-09-03 02:00:00,HHHT002,如意开发区,40.825,111.8,赛罕区,43.0,54.8,15.7,33.9,39.9,0.95,60,9.4,60.6,3.8,348.0,0.0,1014.6,DEMO
2026-09-03 02:00:00,HHHT003,呼市一监,40.81,111.67,回民区,53.9,70.5,18.4,41.6,48.4,0.98,74,6.8,60.6,4.5,161.0,0.0,1013.3,DEMO
2026-09-03 02:00:00,HHHT004,小召前街,40.805,111.665,回民区,53.1,73.5,11.1,31.7,52.3,1.09,73,9.5,51.6,3.6,304.4,0.0,1005.7,DEMO
2026-09-03 02:00:00,HHHT005,二十九中,40.78,111.7,玉泉区,30.0,41.6,19.5,36.7,49.2,0.74,43,9.1,53.5,1.4,325.0,0.0,1013.1,DEMO
2026-09-03 02:00:00,HHHT006,工大金川校区,40.76,111.62,土默特左旗,22.6,29.3,19.1,25.6,55.9,0.76,32,9.7,65.2,3.6,163.4,0.0,1013.4,DEMO
2026-09-03 03:00:00,HHHT001,呼和浩特市环境监测中心站,40.8421,111.749,新城区,31.8,43.3,13.3,39.1,40.0,0.88,45,10.6,44.6,2.4,316.4,0.0,1006.0,DEMO
2026-09-03 03:00:00,HHHT002,如意开发区,40.825,111.8,赛罕区,43.3,63.9,11.4,35.1,41.7,0.88,60,12.0,57.7,2.2,24.5,2.9,1014.2,DEMO
2026-09-03 03:00:00,HHHT003,呼市一监,40.81,111.67,回民区,38.4,53.5,12.6,31.0,46.6,0.9,54,4.5,82.2,1.6,266.0,0.0,1006.9,DEMO
2026-09-03 03:00:00,HHHT004,小召前街,40.805,111.665,回民区,31.1,49.3,17.4,30.6,68.8,1.03,44,10.8,78.7,2.1,92.8,0.7,1015.1,DEMO
2026-09-03 03:00:00,HHHT005,二十九中,40.78,111.7,玉泉区,32.9,44.4,20.3,35.2,44.2,0.89,47,6.1,60.0,4.1,261.7,0.0,1012.8,DEMO
2026-09-03 03:00:00,HHHT006,工大金川校区,40.76,111.62,土默特左旗,27.5,37.3,16.2,35.0,45.3,0.89,39,5.3,32.2,3.6,125.1,0.0,1005.0,DEMO
2026-09-03 04:00:00,HHHT001,呼和浩特市环境监测中心站,40.8421,111.749,新城区,22.6,30.5,9.3,36.9,48.6,0.91,32,9.6,63.5,4.8,144.9,0.0,1013.5,DEMO
2026-09-03 04:00:00,HHHT002,如意开发区,40.825,111.8,赛罕区,42.9,67.5,13.5,33.6,50.0,1.07,60,8.0,65.1,1.3,71.8,2.7,1012.8,DEMO
2026-09-03 04:00:00,HHHT003,呼市一监,40.81,111.67,回民区,37.5,56.2,10.1,34.2,42.1,0.81,53,6.5,32.2,3.9,132.1,0.0,1014.3,DEMO
2026-09-03 04:00:00,HHHT004,小召前街,40.805,111.665,回民区,42.8,55.3,16.4,30.9,54.2,1.1,60,3.3,53.1,3.0,212.7,0.0,1005.2,DEMO
2026-09-03 04:00:00,HHHT005,二十九中,40.78,111.7,玉泉区,30.2,38.6,14.2,36.4,42.1,0.68,43,1.6,48.5,1.4,121.6,0.0,1011.2,DEMO
2026-09-03 04:00:00,HHHT006,工大金川校区,40.76,111.62,土默特左旗,20.3,27.2,15.6,26.9,55.3,0.68,29,7.9,68.4,5.3,272.5,0.0,1006.6,DEMO
2026-09-03 05:00:00,HHHT001,呼和浩特市环境监测中心站,40.8421,111.749,新城区,32.0,41.8,14.2,31.1,57.1,1.02,46,6.2,37.8,3.6,248.2,0.0,1016.0,DEMO
2026-09-03 05:00:00,HHHT002,如意开发区,40.825,111.8,赛罕区,49.5,69.3,14.4,39.5,47.8,0.98,68,9.2,30.3,2.0,50.1,0.0,1015.0,DEMO
2026-09-03 05:00:00,HHHT003,呼市一监,40.81,111.67,回民区,38.8,57.5,8.6,30.9,53.1,0.82,55,11.4,59.7,4.5,325.7,0.0,1012.0,DEMO
2026-09-03 05:00:00,HHHT004,小召前街,40.805,111.665,回民区,42.7,54.4,13.3,33.6,46.9,1.04,60,8.4,44.2,4.0,200.3,0.0,1017.7,DEMO
2026-09-03 05:00:00,HHHT005,二十九中,40.78,111.7,玉泉区,48.0,67.3,14.5,32.2,37.3,0.86,66,4.3,51.6,1.7,168.9,0.0,1016.3,DEMO
2026-09-03 05:00:00,HHHT006,工大金川校区,40.76,111.62,土默特左旗,29.2,37.0,9.2,28.5,53.7,0.84,42,9.3,43.2,3.3,44.4,0.0,1016.3,DEMO
2026-09-03 06:00:00,HHHT001,呼和浩特市环境监测中心站,40.8421,111.749,新城区,41.8,56.3,18.1,31.7,41.0,0.96,58,7.9,47.8,2.2,71.4,0.0,1005.4,DEMO
2026-09-03 06:00:00,HHHT002,如意开发区,40.825,111.8,赛罕区,50.8,66.5,16.5,31.6,49.7,1.07,70,6.9,52.4,3.2,348.6,0.0,1009.3,DEMO
2026-09-03 06:00:00,HHHT003,呼市一监,40.81,111.67,回民区,40.6,52.7,13.4,35.7,53.0,0.95,57,14.5,48.0,3.4,234.2,0.0,1012.5,DEMO
2026-09-03 06:00:00,HHHT004,小召前街,40.805,111.665,回民区,57.2,74.3,10.7,42.2,60.4,1.26,78,10.8,39.7,2.8,58.9,0.0,1012.9,DEMO
2026-09-03 06:00:00,HHHT005,二十九中,40.78,111.7,玉泉区,36.8,48.2,16.2,30.5,41.9,1.06,52,11.6,42.1,1.5,224.3,0.0,1010.4,DEMO
2026-09-03 06:00:00,HHHT006,工大金川校区,40.76,111.62,土默特左旗,35.3,52.3,12.9,35.3,55.3,0.88,50,8.4,60.6,0.6,217.0,0.0,1009.8,DEMO
2026-09-03 07:00:00,HHHT001,呼和浩特市环境监测中心站,40.8421,111.749,新城区,46.2,67.2,11.4,27.9,38.0,0.9,64,3.9,38.4,3.7,164.2,0.0,1003.0,DEMO
2026-09-03 07:00:00,HHHT002,如意开发区,40.825,111.8,赛罕区,64.1,90.8,6.9,40.7,47.8,1.1,86,8.3,36.8,0.3,51.8,0.0,1012.3,DEMO
2026-09-03 07:00:00,HHHT003,呼市一监,40.81,111.67,回民区,47.7,74.7,15.5,40.6,57.6,1.03,66,3.8,53.4,4.3,184.0,3.8,1012.5,DEMO
2026-09-03 07:00:00,HHHT004,小召前街,40.805,111.665,回民区,58.4,81.4,14.8,34.9,64.0,1.04,79,12.2,62.9,3.6,286.3,0.0,1010.2,DEMO
2026-09-03 07:00:00,HHHT005,二十九中,40.78,111.7,玉泉区,53.3,79.0,12.7,35.6,62.2,0.85,73,7.3,55.9,5.2,219.5,0.0,1010.7,DEMO
2026-09-03 07:00:00,HHHT006,工大金川校区,40.76,111.62,土默特左旗,45.6,62.0,12.7,28.0,42.8,0.81,63,8.5,57.2,1.2,285.0,0.0,1005.3,DEMO
2026-09-03 08:00:00,HHHT001,呼和浩特市环境监测中心站,40.8421,111.749,新城区,44.9,58.5,17.3,39.4,36.2,0.89,62,3.5,52.9,2.6,298.8,0.0,1018.9,DEMO
2026-09-03 08:00:00,HHHT002,如意开发区,40.825,111.8,赛罕区,51.7,66.1,13.5,40.7,47.6,1.06,71,2.8,49.3,4.3,214.4,0.0,1009.4,DEMO
2026-09-03 08:00:00,HHHT003,呼市一监,40.81,111.67,回民区,60.2,90.0,9.7,36.4,37.6,1.05,82,13.8,31.8,3.8,334.9,0.0,1010.5,DEMO
2026-09-03 08:00:00,HHHT004,小召前街,40.805,111.665,回民区,53.5,74.4,14.4,41.0,45.6,1.06,73,9.9,48.5,1.8,196.9,0.0,1005.4,DEMO
2026-09-03 08:00:00,HHHT005,二十九中,40.78,111.7,玉泉区,61.8,80.2,7.7,35.9,37.3,1.13,84,5.2,37.4,3.7,95.6,0.0,1004.9,DEMO
2026-09-03 08:00:00,HHHT006,工大金川校区,40.76,111.62,土默特左旗,40.8,53.2,13.4,24.7,30.2,0.91,57,10.4,45.0,2.1,4.4,0.0,1004.6,DEMO
2026-09-03 09:00:00,HHHT001,呼和浩特市环境监测中心站,40.8421,111.749,新城区,46.8,68.3,16.0,37.4,34.9,0.94,65,8.1,46.1,2.9,314.0,0.0,1008.8,DEMO
2026-09-03 09:00:00,HHHT002,如意开发区,40.825,111.8,赛罕区,52.7,78.4,13.0,34.3,49.7,1.09,72,6.5,59.7,4.1,219.2,0.0,1012.8,DEMO
2026-09-03 09:00:00,HHHT003,呼市一监,40.81,111.67,回民区,54.4,69.5,16.2,38.9,49.5,0.9,74,6.1,41.0,4.1,127.7,0.0,1011.5,DEMO
2026-09-03 09:00:00,HHHT004,小召前街,40.805,111.665,回民区,38.8,62.4,21.4,40.1,47.2,1.0,55,10.1,36.8,3.3,165.5,2.3,1009.3,DEMO
2026-09-03 09:00:00,HHHT005,二十九中,40.78,111.7,玉泉区,56.1,81.9,17.1,34.4,42.7,0.88,76,3.3,56.9,4.1,43.4,0.0,1009.4,DEMO
2026-09-03 09:00:00,HHHT006,工大金川校区,40.76,111.62,土默特左旗,42.1,59.7,16.5,33.6,40.5,0.99,59,5.5,50.5,2.9,282.1,0.0,1006.9,DEMO
2026-09-03 10:00:00,HHHT001,呼和浩特市环境监测中心站,40.8421,111.749,新城区,36.5,46.2,13.8,34.0,48.2,1.12,52,5.0,55.9,3.0,30.3,0.0,1014.4,DEMO
2026-09-03 10:00:00,HHHT002,如意开发区,40.825,111.8,赛罕区,51.6,72.7,12.7,35.3,45.5,1.06,71,12.7,43.4,2.5,19.5,0.0,1017.3,DEMO
2026-09-03 10:00:00,HHHT003,呼市一监,40.81,111.67,回民区,46.3,61.2,20.4,35.7,35.5,1.04,64,7.8,52.5,1.7,27.3,0.0,1004.5,DEMO
2026-09-03 10:00:00,HHHT004,小召前街,40.805,111.665,回民区,46.9,67.6,18.4,34.0,58.4,1.06,65,12.3,60.1,3.6,306.2,0.0,1014.0,DEMO
2026-09-03 10:00:00,HHHT005,二十九中,40.78,111.7,玉泉区,39.1,54.0,19.2,29.0,61.3,0.86,55,4.8,55.2,3.2,150.5,0.0,1015.2,DEMO
2026-09-03 10:00:00,HHHT006,工大金川校区,40.76,111.62,土默特左旗,39.5,52.3,17.3,41.1,52.4,0.97,56,6.0,50.4,5.4,220.5,0.0,1010.9,DEMO
2026-09-03 11:00:00,HHHT001,呼和浩特市环境监测中心站,40.8421,111.749,新城区,37.2,53.9,16.6,34.7,60.4,0.83,53,13.0,67.2,4.7,148.1,0.0,1018.4,DEMO
2026-09-03 11:00:00,HHHT002,如意开发区,40.825,111.8,赛罕区,45.1,69.9,9.1,39.7,58.6,1.13,63,2.9,39.8,2.8,299.4,3.6,1019.7,DEMO
2026-09-03 11:00:00,HHHT003,呼市一监,40.81,111.67,回民区,54.9,75.7,10.2,42.5,64.3,0.92,75,2.3,32.5,1.1,9.7,0.0,1007.4,DEMO
2026-09-03 11:00:00,HHHT004,小召前街,40.805,111.665,回民区,50.0,64.8,14.4,37.0,50.9,0.91,69,7.8,45.5,2.8,243.4,0.0,1018.0,DEMO
2026-09-03 11:00:00,HHHT005,二十九中,40.78,111.7,玉泉区,41.2,57.1,10.3,38.7,55.1,0.99,58,0.5,54.9,2.8,97.7,0.0,1008.1,DEMO
2026-09-03 11:00:00,HHHT006,工大金川校区,40.76,111.62,土默特左旗,34.4,50.8,11.5,30.4,56.7,0.71,49,5.1,51.3,1.7,85.0,0.0,1013.3,DEMO
2026-09-03 12:00:00,HHHT001,呼和浩特市环境监测中心站,40.8421,111.749,新城区,27.0,35.3,13.4,21.4,59.6,0.72,39,15.1,56.6,2.3,258.0,0.0,1008.0,DEMO
2026-09-03 12:00:00,HHHT002,如意开发区,40.825,111.8,赛罕区,40.1,52.0,6.9,33.6,56.1,0.95,56,11.8,54.2,0.3,321.9,0.0,1018.1,DEMO
2026-09-03 12:00:00,HHHT003,呼市一监,40.81,111.67,回民区,50.2,66.5,16.9,35.9,54.8,1.1,69,3.5,63.0,4.1,326.7,0.0,1009.7,DEMO
2026-09-03 12:00:00,HHHT004,小召前街,40.805,111.665,回民区,48.7,61.0,15.7,30.7,57.6,0.87,67,3.0,45.6,1.9,141.4,0.0,1013.5,DEMO
2026-09-03 12:00:00,HHHT005,二十九中,40.78,111.7,玉泉区,42.1,53.6,16.3,40.3,59.9,1.04,59,12.2,47.5,2.9,219.4,0.0,1008.5,DEMO
2026-09-03 12:00:00,HHHT006,工大金川校区,40.76,111.62,土默特左旗,38.6,50.8,9.3,27.5,65.7,0.69,55,7.4,43.0,3.9,90.6,0.0,1009.9,DEMO
2026-09-03 13:00:00,HHHT001,呼和浩特市环境监测中心站,40.8421,111.749,新城区,44.9,62.0,13.2,35.7,63.9,1.02,62,9.8,55.8,2.1,91.6,0.0,1016.5,DEMO
2026-09-03 13:00:00,HHHT002,如意开发区,40.825,111.8,赛罕区,56.3,74.7,14.9,40.0,51.3,1.09,77,2.6,60.2,2.5,90.6,0.0,1005.3,DEMO
2026-09-03 13:00:00,HHHT003,呼市一监,40.81,111.67,回民区,49.6,67.1,12.1,48.0,41.5,0.88,68,4.2,44.8,2.5,351.1,0.0,1005.9,DEMO
2026-09-03 13:00:00,HHHT004,小召前街,40.805,111.665,回民区,53.6,77.7,9.7,36.7,63.5,1.09,73,8.9,56.3,4.1,96.0,0.0,1010.6,DEMO
2026-09-03 13:00:00,HHHT005,二十九中,40.78,111.7,玉泉区,36.8,49.2,12.1,41.0,68.9,0.83,52,7.3,40.1,2.5,31.2,0.0,1011.6,DEMO
2026-09-03 13:00:00,HHHT006,工大金川校区,40.76,111.62,土默特左旗,35.9,52.3,10.6,25.4,77.3,0.72,51,10.5,57.7,2.0,345.0,0.0,1017.8,DEMO
2026-09-03 14:00:00,HHHT001,呼和浩特市环境监测中心站,40.8421,111.749,新城区,35.9,51.8,11.1,45.9,60.6,0.84,51,8.7,37.4,4.0,236.6,0.0,1016.8,DEMO
2026-09-03 14:00:00,HHHT002,如意开发区,40.825,111.8,赛罕区,49.1,65.8,10.7,32.1,62.4,1.06,68,8.2,33.2,2.1,85.7,0.0,1005.3,DEMO
2026-09-03 14:00:00,HHHT003,呼市一监,40.81,111.67,回民区,45.3,60.6,7.8,32.1,63.4,0.96,63,10.6,41.6,1.6,224.8,0.0,1015.2,DEMO
2026-09-03 14:00:00,HHHT004,小召前街,40.805,111.665,回民区,42.7,58.0,14.4,34.2,45.6,0.69,60,6.9,52.1,2.7,354.9,0.0,1011.0,DEMO
2026-09-03 14:00:00,HHHT005,二十九中,40.78,111.7,玉泉区,46.5,65.8,14.4,30.1,68.4,1.12,64,11.5,57.4,5.6,158.8,0.0,1018.3,DEMO
2026-09-03 14:00:00,HHHT006,工大金川校区,40.76,111.62,土默特左旗,34.5,45.5,17.1,39.5,61.6,0.92,49,8.8,40.0,1.5,40.1,0.0,1008.1,DEMO
2026-09-03 15:00:00,HHHT001,呼和浩特市环境监测中心站,40.8421,111.749,新城区,45.9,67.7,15.0,39.3,57.4,0.97,64,7.5,47.5,1.9,242.1,0.0,1007.6,DEMO
2026-09-03 15:00:00,HHHT002,如意开发区,40.825,111.8,赛罕区,50.4,64.8,18.8,31.2,50.5,0.93,69,4.8,34.2,3.3,237.7,0.0,1010.8,DEMO
2026-09-03 15:00:00,HHHT003,呼市一监,40.81,111.67,回民区,53.6,77.2,11.6,36.6,55.2,1.2,73,7.3,44.1,3.3,21.6,0.0,1015.6,DEMO
2026-09-03 15:00:00,HHHT004,小召前街,40.805,111.665,回民区,58.2,86.8,17.4,40.2,50.2,1.04,79,5.5,58.6,4.2,317.7,0.0,1008.6,DEMO
2026-09-03 15:00:00,HHHT005,二十九中,40.78,111.7,玉泉区,38.3,54.5,11.9,30.4,57.0,1.03,54,5.8,67.4,1.1,111.7,0.0,1016.5,DEMO
2026-09-03 15:00:00,HHHT006,工大金川校区,40.76,111.62,土默特左旗,30.8,39.8,8.3,36.0,64.4,0.87,44,9.7,43.4,2.6,90.8,0.0,1012.2,DEMO
2026-09-03 16:00:00,HHHT001,呼和浩特市环境监测中心站,40.8421,111.749,新城区,35.4,46.9,12.7,34.2,58.1,0.7,50,9.6,44.7,3.8,237.3,0.0,1011.1,DEMO
2026-09-03 16:00:00,HHHT002,如意开发区,40.825,111.8,赛罕区,40.9,60.0,19.1,32.2,68.0,1.03,57,12.6,41.6,3.9,42.4,0.0,1015.4,DEMO
2026-09-03 16:00:00,HHHT003,呼市一监,40.81,111.67,回民区,56.3,70.7,20.5,37.0,61.9,0.89,77,11.0,70.9,1.5,309.0,0.0,1014.8,DEMO
2026-09-03 16:00:00,HHHT004,小召前街,40.805,111.665,回民区,69.1,86.7,13.5,43.2,59.1,1.0,93,13.7,44.7,0.4,188.8,0.0,1010.7,DEMO
2026-09-03 16:00:00,HHHT005,二十九中,40.78,111.7,玉泉区,32.9,45.1,14.6,33.2,58.4,0.85,47,12.3,51.4,3.6,315.9,0.0,1012.6,DEMO
2026-09-03 16:00:00,HHHT006,工大金川校区,40.76,111.62,土默特左旗,29.2,36.9,13.3,31.7,36.3,0.92,42,9.8,72.7,2.4,316.5,0.0,1008.0,DEMO
2026-09-03 17:00:00,HHHT001,呼和浩特市环境监测中心站,40.8421,111.749,新城区,37.4,57.1,10.9,35.7,59.2,0.9,53,9.2,30.0,2.5,349.8,3.5,1006.8,DEMO
2026-09-03 17:00:00,HHHT002,如意开发区,40.825,111.8,赛罕区,52.9,78.4,14.1,35.9,57.2,1.04,72,2.6,30.4,1.3,62.5,0.0,1012.3,DEMO
2026-09-03 17:00:00,HHHT003,呼市一监,40.81,111.67,回民区,54.7,81.6,18.9,33.0,50.3,1.06,75,5.4,55.9,1.7,229.6,0.0,1011.3,DEMO
2026-09-03 17:00:00,HHHT004,小召前街,40.805,111.665,回民区,50.6,79.5,20.3,26.6,50.0,1.08,69,13.2,66.4,1.4,3.4,1.8,1008.7,DEMO
2026-09-03 17:00:00,HHHT005,二十九中,40.78,111.7,玉泉区,51.7,74.0,12.4,40.4,35.6,1.09,71,9.7,74.4,0.8,242.4,0.0,1012.9,DEMO
2026-09-03 17:00:00,HHHT006,工大金川校区,40.76,111.62,土默特左旗,45.9,65.5,12.9,33.2,57.5,1.02,64,9.8,46.8,2.0,241.3,0.0,1013.9,DEMO
2026-09-03 18:00:00,HHHT001,呼和浩特市环境监测中心站,40.8421,111.749,新城区,45.7,64.8,20.5,37.1,45.4,1.24,63,6.3,44.8,0.3,167.6,0.0,1012.5,DEMO
2026-09-03 18:00:00,HHHT002,如意开发区,40.825,111.8,赛罕区,52.4,77.5,17.4,38.6,45.6,0.95,72,5.0,36.8,5.0,62.0,0.0,1011.2,DEMO
2026-09-03 18:00:00,HHHT003,呼市一监,40.81,111.67,回民区,55.2,76.7,14.6,30.0,57.4,1.07,75,11.6,59.1,1.2,197.4,0.0,1018.3,DEMO
2026-09-03 18:00:00,HHHT004,小召前街,40.805,111.665,回民区,50.3,67.8,14.1,29.2,52.2,0.98,69,8.0,58.1,2.0,264.4,0.0,1009.6,DEMO
2026-09-03 18:00:00,HHHT005,二十九中,40.78,111.7,玉泉区,49.9,70.7,14.1,37.6,46.1,1.05,69,11.1,61.1,4.1,118.8,0.0,1014.7,DEMO
2026-09-03 18:00:00,HHHT006,工大金川校区,40.76,111.62,土默特左旗,42.0,59.1,13.5,36.7,60.1,0.82,59,6.2,44.1,1.5,78.7,0.0,1012.6,DEMO
2026-09-03 19:00:00,HHHT001,呼和浩特市环境监测中心站,40.8421,111.749,新城区,48.0,71.6,14.5,37.1,34.0,0.94,66,7.0,46.2,1.1,175.1,0.0,1014.4,DEMO
2026-09-03 19:00:00,HHHT002,如意开发区,40.825,111.8,赛罕区,55.5,76.9,16.0,38.1,36.9,0.9,76,10.9,44.2,1.4,351.0,0.0,1014.4,DEMO
2026-09-03 19:00:00,HHHT003,呼市一监,40.81,111.67,回民区,50.8,87.2,16.4,24.1,44.2,1.11,70,3.8,44.6,2.2,231.3,0.9,1012.5,DEMO
2026-09-03 19:00:00,HHHT004,小召前街,40.805,111.665,回民区,55.3,70.9,14.5,38.7,51.3,1.14,75,9.7,55.3,1.7,281.7,0.0,1007.1,DEMO
2026-09-03 19:00:00,HHHT005,二十九中,40.78,111.7,玉泉区,46.3,66.3,11.6,32.1,53.7,0.75,64,9.4,67.8,1.6,2.0,0.0,1015.8,DEMO
2026-09-03 19:00:00,HHHT006,工大金川校区,40.76,111.62,土默特左旗,33.3,43.7,13.0,28.4,52.1,1.05,48,8.3,48.9,3.1,349.1,0.0,1011.8,DEMO
2026-09-03 20:00:00,HHHT001,呼和浩特市环境监测中心站,40.8421,111.749,新城区,49.6,74.4,13.7,40.1,55.7,1.12,68,8.8,54.6,3.7,162.8,0.0,1009.0,DEMO
2026-09-03 20:00:00,HHHT002,如意开发区,40.825,111.8,赛罕区,61.9,85.8,19.7,36.1,62.2,1.17,84,9.3,23.1,3.2,64.8,0.0,1018.5,DEMO
2026-09-03 20:00:00,HHHT003,呼市一监,40.81,111.67,回民区,55.2,79.3,14.2,35.0,44.3,0.77,75,8.5,55.8,3.1,347.3,0.0,1015.4,DEMO
2026-09-03 20:00:00,HHHT004,小召前街,40.805,111.665,回民区,59.8,77.9,13.0,44.6,45.7,1.03,81,8.1,63.8,1.3,314.2,0.0,1010.4,DEMO
2026-09-03 20:00:00,HHHT005,二十九中,40.78,111.7,玉泉区,60.3,84.2,12.7,36.5,40.3,1.07,82,5.7,41.6,3.4,296.2,0.0,1015.2,DEMO
2026-09-03 20:00:00,HHHT006,工大金川校区,40.76,111.62,土默特左旗,42.9,58.5,13.2,45.1,55.7,0.92,60,13.4,35.4,3.3,333.2,0.0,1013.9,DEMO
2026-09-03 21:00:00,HHHT001,呼和浩特市环境监测中心站,40.8421,111.749,新城区,25.5,43.9,13.1,27.9,40.7,0.8,36,10.5,46.8,3.3,206.5,0.3,1006.1,DEMO
2026-09-03 21:00:00,HHHT002,如意开发区,40.825,111.8,赛罕区,54.8,81.1,12.0,38.0,52.1,1.16,75,10.9,51.0,1.8,223.8,0.0,1011.5,DEMO
2026-09-03 21:00:00,HHHT003,呼市一监,40.81,111.67,回民区,42.7,57.5,13.6,38.0,56.0,1.04,60,13.0,46.2,2.5,248.5,0.0,1017.9,DEMO
2026-09-03 21:00:00,HHHT004,小召前街,40.805,111.665,回民区,62.9,79.3,10.6,43.9,46.3,1.12,85,8.1,59.1,2.9,86.6,0.0,1012.9,DEMO
2026-09-03 21:00:00,HHHT005,二十九中,40.78,111.7,玉泉区,32.3,41.0,15.2,29.8,44.2,1.03,46,5.2,38.9,0.3,162.8,0.0,1010.8,DEMO
2026-09-03 21:00:00,HHHT006,工大金川校区,40.76,111.62,土默特左旗,31.1,42.6,14.4,28.4,52.5,0.91,44,10.1,48.5,5.0,255.1,0.0,1012.7,DEMO
2026-09-03 22:00:00,HHHT001,呼和浩特市环境监测中心站,40.8421,111.749,新城区,33.4,44.1,16.5,36.0,50.6,0.99,48,5.4,57.6,3.0,279.5,0.0,1014.8,DEMO
2026-09-03 22:00:00,HHHT002,如意开发区,40.825,111.8,赛罕区,48.2,66.8,13.0,46.4,42.8,0.98,66,13.5,15.9,4.2,340.2,0.0,1016.3,DEMO
2026-09-03 22:00:00,HHHT003,呼市一监,40.81,111.67,回民区,47.1,59.8,16.7,27.8,50.2,0.84,65,6.9,34.5,4.7,114.2,0.0,1009.9,DEMO
2026-09-03 22:00:00,HHHT004,小召前街,40.805,111.665,回民区,51.3,76.4,12.2,33.7,55.9,0.96,70,9.2,39.5,4.2,308.2,0.0,1010.3,DEMO
2026-09-03 22:00:00,HHHT005,二十九中,40.78,111.7,玉泉区,49.7,71.8,15.0,35.0,34.3,1.11,68,9.6,48.3,2.9,343.0,0.0,1015.1,DEMO
2026-09-03 22:00:00,HHHT006,工大金川校区,40.76,111.62,土默特左旗,26.1,34.3,12.7,40.8,44.7,0.79,37,10.2,25.4,2.6,316.9,0.0,1002.3,DEMO
2026-09-03 23:00:00,HHHT001,呼和浩特市环境监测中心站,40.8421,111.749,新城区,35.7,51.3,13.6,42.3,53.5,0.83,51,5.5,54.1,3.1,289.6,0.0,1013.6,DEMO
2026-09-03 23:00:00,HHHT002,如意开发区,40.825,111.8,赛罕区,50.8,75.5,18.1,37.2,46.8,0.96,70,6.0,66.7,1.8,24.5,0.0,1014.0,DEMO
2026-09-03 23:00:00,HHHT003,呼市一监,40.81,111.67,回民区,42.7,58.8,14.6,29.6,44.7,0.8,60,11.7,38.1,2.4,268.2,0.0,1014.5,DEMO
2026-09-03 23:00:00,HHHT004,小召前街,40.805,111.665,回民区,53.1,68.7,11.6,43.5,46.0,1.13,73,10.0,41.9,1.7,257.0,0.0,1018.7,DEMO
2026-09-03 23:00:00,HHHT005,二十九中,40.78,111.7,玉泉区,35.9,51.8,10.8,29.2,42.9,0.89,51,10.5,31.0,3.0,81.0,0.0,1009.6,DEMO
2026-09-03 23:00:00,HHHT006,工大金川校区,40.76,111.62,土默特左旗,43.0,60.5,13.6,32.5,63.0,1.02,60,5.2,31.6,2.6,168.0,0.0,1011.9,DEMO
2026-09-04 00:00:00,HHHT001,呼和浩特市环境监测中心站,40.8421,111.749,新城区,33.2,50.1,12.5,39.3,52.7,0.91,47,8.5,52.4,3.1,19.8,2.2,1013.3,DEMO
2026-09-04 00:00:00,HHHT002,如意开发区,40.825,111.8,赛罕区,44.4,72.8,9.1,37.6,66.8,1.14,62,11.8,69.1,2.8,45.5,1.8,1013.6,DEMO
2026-09-04 00:00:00,HHHT003,呼市一监,40.81,111.67,回民区,37.0,50.6,13.3,29.7,43.3,0.92,53,8.1,53.2,3.6,5.6,0.0,1010.8,DEMO
2026-09-04 00:00:00,HHHT004,小召前街,40.805,111.665,回民区,43.7,62.7,10.0,37.3,48.7,0.84,61,5.9,51.9,2.9,73.9,0.0,1011.9,DEMO
2026-09-04 00:00:00,HHHT005,二十九中,40.78,111.7,玉泉区,26.1,44.7,14.9,30.9,45.8,1.04,37,8.4,49.2,3.5,246.7,3.3,1014.0,DEMO
2026-09-04 00:00:00,HHHT006,工大金川校区,40.76,111.62,土默特左旗,34.9,44.9,19.3,26.3,41.1,0.75,50,6.4,44.1,3.1,192.6,0.0,1003.9,DEMO
2026-09-04 01:00:00,HHHT001,呼和浩特市环境监测中心站,40.8421,111.749,新城区,40.8,56.5,16.1,30.5,42.4,0.82,57,9.1,39.1,0.8,43.2,0.0,1005.3,DEMO
2026-09-04 01:00:00,HHHT002,如意开发区,40.825,111.8,赛罕区,56.0,82.7,19.4,36.4,49.3,1.1,76,8.3,61.8,3.3,88.9,0.0,1021.2,DEMO
2026-09-04 01:00:00,HHHT003,呼市一监,40.81,111.67,回民区,40.9,53.5,12.2,35.4,53.1,1.01,57,10.9,64.8,2.7,120.3,0.0,1009.4,DEMO
2026-09-04 01:00:00,HHHT004,小召前街,40.805,111.665,回民区,47.4,60.9,19.2,31.0,49.0,0.98,65,11.5,51.3,0.6,102.7,0.0,1013.2,DEMO
2026-09-04 01:00:00,HHHT005,二十九中,40.78,111.7,玉泉区,38.0,55.3,16.1,40.5,51.9,0.91,54,7.2,35.9,2.9,270.7,0.0,1022.1,DEMO
2026-09-04 01:00:00,HHHT006,工大金川校区,40.76,111.62,土默特左旗,44.9,58.9,15.9,41.5,69.0,1.07,62,7.5,60.3,1.5,202.7,0.0,1010.7,DEMO
2026-09-04 02:00:00,HHHT001,呼和浩特市环境监测中心站,40.8421,111.749,新城区,45.1,66.8,21.8,36.7,56.9,0.94,63,5.7,41.1,5.0,181.2,0.0,1006.3,DEMO
2026-09-04 02:00:00,HHHT002,如意开发区,40.825,111.8,赛罕区,42.7,60.7,19.5,35.0,61.6,0.97,60,6.7,63.4,1.3,89.3,0.0,1018.3,DEMO
2026-09-04 02:00:00,HHHT003,呼市一监,40.81,111.67,回民区,51.4,71.1,14.2,35.1,43.2,0.89,71,10.3,47.3,3.3,6.1,0.0,1005.7,DEMO
2026-09-04 02:00:00,HHHT004,小召前街,40.805,111.665,回民区,40.6,62.3,19.1,34.0,45.3,1.09,57,9.7,54.3,2.5,45.3,3.5,1011.7,DEMO
2026-09-04 02:00:00,HHHT005,二十九中,40.78,111.7,玉泉区,42.5,53.5,15.0,38.9,43.9,0.99,59,5.1,55.9,2.5,146.2,0.0,1014.1,DEMO
2026-09-04 02:00:00,HHHT006,工大金川校区,40.76,111.62,土默特左旗,24.0,32.3,11.1,32.3,44.8,0.72,34,9.7,44.6,2.6,315.2,0.0,1019.2,DEMO
2026-09-04 03:00:00,HHHT001,呼和浩特市环境监测中心站,40.8421,111.749,新城区,31.2,39.9,15.8,24.2,72.4,0.87,45,8.3,45.2,1.0,295.1,0.0,1013.2,DEMO
2026-09-04 03:00:00,HHHT002,如意开发区,40.825,111.8,赛罕区,42.0,59.9,16.7,29.6,49.4,0.87,59,2.7,42.4,3.3,105.5,0.0,1013.2,DEMO
2026-09-04 03:00:00,HHHT003,呼市一监,40.81,111.67,回民区,37.6,48.8,12.8,40.0,54.8,0.89,53,7.7,66.4,2.3,225.8,0.0,1007.6,DEMO
2026-09-04 03:00:00,HHHT004,小召前街,40.805,111.665,回民区,52.4,71.2,14.6,40.4,55.7,1.0,72,6.7,59.2,1.2,160.7,0.0,1017.3,DEMO
2026-09-04 03:00:00,HHHT005,二十九中,40.78,111.7,玉泉区,36.6,51.0,9.4,34.0,46.7,0.97,52,10.8,28.5,2.2,19.9,0.0,1014.5,DEMO
2026-09-04 03:00:00,HHHT006,工大金川校区,40.76,111.62,土默特左旗,31.4,42.2,8.4,24.4,37.1,0.85,45,6.6,43.7,1.2,48.4,0.0,1015.3,DEMO
2026-09-04 04:00:00,HHHT001,呼和浩特市环境监测中心站,40.8421,111.749,新城区,41.1,57.1,12.1,23.4,62.0,0.81,58,5.9,53.8,3.1,336.9,0.0,1000.9,DEMO
2026-09-04 04:00:00,HHHT002,如意开发区,40.825,111.8,赛罕区,50.6,66.9,8.8,38.7,49.2,0.96,70,3.1,31.0,3.9,200.7,0.0,1010.2,DEMO
2026-09-04 04:00:00,HHHT003,呼市一监,40.81,111.67,回民区,44.5,66.5,14.6,32.6,56.2,0.96,62,6.9,45.9,2.5,118.8,0.0,1016.5,DEMO
2026-09-04 04:00:00,HHHT004,小召前街,40.805,111.665,回民区,39.6,59.4,13.5,39.5,47.3,0.96,56,-1.3,52.9,3.6,330.6,0.3,1016.9,DEMO
2026-09-04 04:00:00,HHHT005,二十九中,40.78,111.7,玉泉区,40.0,56.8,15.3,35.2,55.0,0.8,56,13.7,49.8,2.4,15.5,0.0,1013.8,DEMO
2026-09-04 04:00:00,HHHT006,工大金川校区,40.76,111.62,土默特左旗,30.2,40.5,9.6,30.2,39.3,0.94,43,6.9,68.5,3.0,277.1,0.0,1008.4,DEMO
2026-09-04 05:00:00,HHHT001,呼和浩特市环境监测中心站,40.8421,111.749,新城区,37.1,55.2,14.9,32.7,49.0,0.73,53,4.3,36.4,3.6,35.5,0.0,1007.3,DEMO
2026-09-04 05:00:00,HHHT002,如意开发区,40.825,111.8,赛罕区,40.5,70.4,18.3,31.8,45.4,0.87,57,7.9,39.1,4.1,6.6,4.0,1013.6,DEMO
2026-09-04 05:00:00,HHHT003,呼市一监,40.81,111.67,回民区,47.8,67.0,10.5,32.9,58.8,0.99,66,3.4,47.9,3.6,343.4,0.0,1019.8,DEMO
2026-09-04 05:00:00,HHHT004,小召前街,40.805,111.665,回民区,43.7,63.4,10.9,32.0,44.9,1.04,61,4.6,57.3,1.9,282.1,0.0,1013.7,DEMO
2026-09-04 05:00:00,HHHT005,二十九中,40.78,111.7,玉泉区,45.2,58.3,11.0,33.7,47.8,0.97,63,6.3,34.8,4.0,2.5,0.0,1013.6,DEMO
2026-09-04 05:00:00,HHHT006,工大金川校区,40.76,111.62,土默特左旗,24.3,34.8,10.4,20.6,59.9,0.56,35,9.8,68.3,1.4,67.5,0.0,1015.5,DEMO
2026-09-04 06:00:00,HHHT001,呼和浩特市环境监测中心站,40.8421,111.749,新城区,32.9,46.3,14.3,43.7,45.7,1.01,47,3.0,40.0,3.0,89.3,0.0,1015.9,DEMO
2026-09-04 06:00:00,HHHT002,如意开发区,40.825,111.8,赛罕区,56.3,77.0,14.5,40.1,51.7,1.02,77,8.4,53.1,0.3,200.0,0.0,1009.9,DEMO
2026-09-04 06:00:00,HHHT003,呼市一监,40.81,111.67,回民区,50.4,69.9,13.7,39.2,38.1,1.1,69,9.4,32.7,1.4,38.2,0.0,1018.0,DEMO
2026-09-04 06:00:00,HHHT004,小召前街,40.805,111.665,回民区,67.2,89.5,16.7,38.5,35.4,0.98,90,8.0,47.9,3.0,19.4,0.0,1008.4,DEMO
2026-09-04 06:00:00,HHHT005,二十九中,40.78,111.7,玉泉区,60.9,85.0,12.6,39.0,47.9,0.9,82,0.9,54.5,2.1,268.1,0.0,1012.1,DEMO
2026-09-04 06:00:00,HHHT006,工大金川校区,40.76,111.62,土默特左旗,33.8,47.1,17.9,34.4,56.1,0.74,48,12.0,69.2,3.4,167.8,0.0,1008.2,DEMO
2026-09-04 07:00:00,HHHT001,呼和浩特市环境监测中心站,40.8421,111.749,新城区,45.3,60.1,11.5,30.2,32.7,0.97,63,5.9,48.1,2.3,102.7,0.0,1005.1,DEMO
2026-09-04 07:00:00,HHHT002,如意开发区,40.825,111.8,赛罕区,44.4,64.1,13.2,38.1,59.1,0.9,62,10.5,34.7,2.7,92.7,0.0,1016.9,DEMO
2026-09-04 07:00:00,HHHT003,呼市一监,40.81,111.67,回民区,47.2,66.3,18.6,44.3,39.9,0.85,65,7.1,48.2,4.2,43.9,0.0,1014.4,DEMO
2026-09-04 07:00:00,HHHT004,小召前街,40.805,111.665,回民区,59.8,88.1,15.1,35.5,63.3,0.94,81,7.5,45.3,1.9,82.3,0.0,1017.6,DEMO
2026-09-04 07:00:00,HHHT005,二十九中,40.78,111.7,玉泉区,46.9,60.0,17.0,34.5,38.3,0.86,65,7.9,42.7,1.2,108.3,0.0,1015.5,DEMO
2026-09-04 07:00:00,HHHT006,工大金川校区,40.76,111.62,土默特左旗,32.6,49.3,15.2,28.2,52.2,0.77,47,15.5,46.4,1.2,70.8,0.2,1010.0,DEMO
2026-09-04 08:00:00,HHHT001,呼和浩特市环境监测中心站,40.8421,111.749,新城区,37.6,49.8,12.6,39.0,45.8,0.69,53,5.5,39.0,4.4,108.0,0.0,1013.9,DEMO
2026-09-04 08:00:00,HHHT002,如意开发区,40.825,111.8,赛罕区,51.9,77.0,12.5,33.2,57.7,0.76,71,13.7,67.2,5.6,243.1,0.0,1018.0,DEMO
2026-09-04 08:00:00,HHHT003,呼市一监,40.81,111.67,回民区,43.4,68.7,17.6,36.2,46.0,1.1,60,12.3,55.5,3.6,104.6,1.8,1011.2,DEMO
2026-09-04 08:00:00,HHHT004,小召前街,40.805,111.665,回民区,64.6,82.1,13.2,37.8,53.3,0.94,87,16.5,28.2,3.2,280.8,0.0,1013.8,DEMO
2026-09-04 08:00:00,HHHT005,二十九中,40.78,111.7,玉泉区,55.3,77.8,12.9,37.8,61.5,1.11,75,4.9,43.4,1.2,57.1,0.0,1015.0,DEMO
2026-09-04 08:00:00,HHHT006,工大金川校区,40.76,111.62,土默特左旗,41.1,54.9,14.6,30.2,50.3,0.9,58,7.0,64.0,2.5,127.3,0.0,1022.2,DEMO
2026-09-04 09:00:00,HHHT001,呼和浩特市环境监测中心站,40.8421,111.749,新城区,45.0,62.9,12.9,31.6,48.7,0.87,62,3.4,70.1,2.7,30.9,0.0,1014.5,DEMO
2026-09-04 09:00:00,HHHT002,如意开发区,40.825,111.8,赛罕区,69.5,94.3,21.7,33.4,41.7,1.12,93,2.8,54.1,4.0,115.5,0.0,1018.6,DEMO
2026-09-04 09:00:00,HHHT003,呼市一监,40.81,111.67,回民区,53.3,77.3,12.4,33.1,51.8,1.01,73,7.1,45.1,2.6,304.4,0.0,1013.2,DEMO
2026-09-04 09:00:00,HHHT004,小召前街,40.805,111.665,回民区,68.2,90.6,17.0,36.7,46.7,1.06,91,10.8,57.8,2.9,103.1,0.0,1010.8,DEMO
2026-09-04 09:00:00,HHHT005,二十九中,40.78,111.7,玉泉区,62.5,93.5,13.5,37.3,49.6,0.88,84,5.1,35.3,2.2,33.5,0.0,1015.1,DEMO
2026-09-04 09:00:00,HHHT006,工大金川校区,40.76,111.62,土默特左旗,38.4,54.3,15.3,44.8,57.1,0.8,54,9.6,42.2,2.9,244.0,0.0,1014.7,DEMO
2026-09-04 10:00:00,HHHT001,呼和浩特市环境监测中心站,40.8421,111.749,新城区,36.6,46.5,14.5,26.7,54.5,0.86,52,8.2,64.6,1.4,44.2,0.0,1015.5,DEMO
2026-09-04 10:00:00,HHHT002,如意开发区,40.825,111.8,赛罕区,49.2,65.9,17.0,37.8,60.7,1.09,68,10.5,37.6,2.5,13.4,0.0,1007.0,DEMO
2026-09-04 10:00:00,HHHT003,呼市一监,40.81,111.67,回民区,45.1,67.6,10.6,32.4,60.9,1.07,63,3.3,51.2,1.1,238.2,0.0,1018.4,DEMO
2026-09-04 10:00:00,HHHT004,小召前街,40.805,111.665,回民区,59.9,76.8,14.2,42.5,57.6,1.1,81,9.7,46.5,0.9,106.9,0.0,1010.3,DEMO
2026-09-04 10:00:00,HHHT005,二十九中,40.78,111.7,玉泉区,39.7,56.0,3.7,28.0,44.1,0.8,56,9.8,32.5,2.9,158.4,0.0,1016.0,DEMO
2026-09-04 10:00:00,HHHT006,工大金川校区,40.76,111.62,土默特左旗,43.2,58.9,17.5,39.0,40.5,0.82,60,9.7,53.5,3.2,190.5,0.0,1016.1,DEMO
2026-09-04 11:00:00,HHHT001,呼和浩特市环境监测中心站,40.8421,111.749,新城区,33.7,50.0,12.8,27.6,54.0,0.82,48,5.9,66.7,7.3,112.4,0.0,1010.6,DEMO
2026-09-04 11:00:00,HHHT002,如意开发区,40.825,111.8,赛罕区,43.7,61.9,18.7,40.1,60.3,0.99,61,5.8,53.3,2.7,108.8,0.0,1015.4,DEMO
2026-09-04 11:00:00,HHHT003,呼市一监,40.81,111.67,回民区,51.3,67.1,13.1,35.3,64.2,0.98,70,11.7,47.4,3.4,257.3,0.0,1012.1,DEMO
2026-09-04 11:00:00,HHHT004,小召前街,40.805,111.665,回民区,45.1,62.5,16.2,37.5,62.4,0.75,63,7.9,51.5,0.3,184.7,0.0,1014.7,DEMO
2026-09-04 11:00:00,HHHT005,二十九中,40.78,111.7,玉泉区,43.2,54.2,19.5,37.7,53.9,0.96,60,8.8,41.8,2.2,139.4,0.0,1010.0,DEMO
2026-09-04 11:00:00,HHHT006,工大金川校区,40.76,111.62,土默特左旗,49.2,63.6,9.5,37.2,55.5,1.07,68,9.0,47.1,1.1,253.0,0.0,1011.6,DEMO
2026-09-04 12:00:00,HHHT001,呼和浩特市环境监测中心站,40.8421,111.749,新城区,41.1,56.6,14.5,39.8,57.3,0.93,58,7.3,71.7,3.1,13.0,0.0,1014.0,DEMO
2026-09-04 12:00:00,HHHT002,如意开发区,40.825,111.8,赛罕区,47.6,67.9,10.1,34.8,49.7,1.01,66,7.8,38.8,3.2,223.4,0.0,1015.5,DEMO
2026-09-04 12:00:00,HHHT003,呼市一监,40.81,111.67,回民区,42.6,64.3,11.2,39.3,58.7,1.04,60,8.3,28.2,4.5,242.1,2.7,1014.3,DEMO
2026-09-04 12:00:00,HHHT004,小召前街,40.805,111.665,回民区,59.8,86.5,18.0,31.4,40.7,1.08,81,10.0,27.7,3.2,326.1,0.0,1019.1,DEMO
2026-09-04 12:00:00,HHHT005,二十九中,40.78,111.7,玉泉区,43.8,56.7,15.0,35.3,69.3,0.95,61,8.3,45.6,3.6,358.0,0.0,1014.9,DEMO
2026-09-04 12:00:00,HHHT006,工大金川校区,40.76,111.62,土默特左旗,36.7,50.8,15.6,42.2,64.9,0.68,52,4.3,51.4,3.3,310.8,0.0,1011.7,DEMO
2026-09-04 13:00:00,HHHT001,呼和浩特市环境监测中心站,40.8421,111.749,新城区,41.4,52.9,18.1,28.7,68.1,1.08,58,4.7,41.5,2.1,346.9,0.0,1011.1,DEMO
2026-09-04 13:00:00,HHHT002,如意开发区,40.825,111.8,赛罕区,51.0,67.4,18.6,34.8,65.7,1.25,70,10.4,39.5,1.0,104.5,0.0,1020.0,DEMO
2026-09-04 13:00:00,HHHT003,呼市一监,40.81,111.67,回民区,44.0,56.3,17.9,30.4,56.9,0.93,61,5.8,46.9,5.3,222.2,0.0,1009.9,DEMO
2026-09-04 13:00:00,HHHT004,小召前街,40.805,111.665,回民区,61.0,91.3,19.2,29.4,50.6,0.95,82,8.3,48.8,1.7,86.8,0.0,1010.5,DEMO
2026-09-04 13:00:00,HHHT005,二十九中,40.78,111.7,玉泉区,38.4,55.9,9.8,37.1,68.0,0.82,54,6.4,43.9,5.5,9.2,0.0,1004.9,DEMO
2026-09-04 13:00:00,HHHT006,工大金川校区,40.76,111.62,土默特左旗,28.6,39.3,21.8,36.0,66.0,0.8,41,2.4,55.1,4.4,8.0,0.0,1011.0,DEMO
2026-09-04 14:00:00,HHHT001,呼和浩特市环境监测中心站,40.8421,111.749,新城区,45.3,66.8,13.2,33.0,62.2,0.94,63,13.4,52.9,3.1,31.2,0.0,1018.5,DEMO
2026-09-04 14:00:00,HHHT002,如意开发区,40.825,111.8,赛罕区,47.2,64.1,14.5,32.0,75.8,1.12,65,11.9,76.5,1.4,215.1,0.0,1011.4,DEMO
2026-09-04 14:00:00,HHHT003,呼市一监,40.81,111.67,回民区,50.5,74.5,18.4,42.8,52.5,0.84,69,9.4,45.3,2.8,295.4,0.0,1010.4,DEMO
2026-09-04 14:00:00,HHHT004,小召前街,40.805,111.665,回民区,57.7,80.5,16.4,32.4,59.7,0.98,78,7.3,54.1,3.0,103.2,0.0,1014.5,DEMO
2026-09-04 14:00:00,HHHT005,二十九中,40.78,111.7,玉泉区,44.5,66.7,9.6,34.4,55.1,0.94,62,8.7,39.6,3.6,169.3,0.0,1018.7,DEMO
2026-09-04 14:00:00,HHHT006,工大金川校区,40.76,111.62,土默特左旗,43.8,58.6,13.5,37.5,75.6,0.99,61,7.8,56.8,3.2,318.8,0.0,1008.9,DEMO
2026-09-04 15:00:00,HHHT001,呼和浩特市环境监测中心站,40.8421,111.749,新城区,38.1,54.0,13.1,34.9,54.7,0.92,54,6.3,35.6,2.3,325.1,0.0,1012.4,DEMO
2026-09-04 15:00:00,HHHT002,如意开发区,40.825,111.8,赛罕区,57.7,82.4,10.9,41.3,53.8,1.38,78,8.7,54.0,4.2,37.8,0.0,1014.3,DEMO
2026-09-04 15:00:00,HHHT003,呼市一监,40.81,111.67,回民区,59.6,83.2,17.2,31.9,45.9,0.98,81,8.1,51.0,3.2,70.9,0.0,1020.4,DEMO
2026-09-04 15:00:00,HHHT004,小召前街,40.805,111.665,回民区,51.5,68.1,15.0,43.5,41.7,1.01,71,10.6,54.7,0.3,181.2,0.0,1013.3,DEMO
2026-09-04 15:00:00,HHHT005,二十九中,40.78,111.7,玉泉区,47.0,59.0,16.3,38.7,65.4,1.06,65,5.4,41.6,1.3,9.6,0.0,1010.7,DEMO
2026-09-04 15:00:00,HHHT006,工大金川校区,40.76,111.62,土默特左旗,37.7,50.8,14.7,32.7,67.7,0.82,53,8.3,47.3,4.5,291.9,0.0,1010.2,DEMO
2026-09-04 16:00:00,HHHT001,呼和浩特市环境监测中心站,40.8421,111.749,新城区,37.7,51.2,11.2,33.2,73.9,0.73,53,12.3,32.8,2.6,285.5,0.0,1007.4,DEMO
2026-09-04 16:00:00,HHHT002,如意开发区,40.825,111.8,赛罕区,51.5,64.4,10.8,33.3,46.5,1.0,71,3.4,36.9,2.8,273.8,0.0,1003.9,DEMO
2026-09-04 16:00:00,HHHT003,呼市一监,40.81,111.67,回民区,46.0,64.8,17.7,36.1,58.1,0.92,64,9.6,60.4,2.1,102.2,0.0,1019.2,DEMO
2026-09-04 16:00:00,HHHT004,小召前街,40.805,111.665,回民区,65.0,92.9,14.2,42.5,52.4,1.11,88,11.3,62.9,1.7,190.5,0.0,1007.6,DEMO
2026-09-04 16:00:00,HHHT005,二十九中,40.78,111.7,玉泉区,38.3,59.8,17.6,34.3,60.6,0.79,54,7.9,72.4,2.9,72.4,1.1,1010.8,DEMO
2026-09-04 16:00:00,HHHT006,工大金川校区,40.76,111.62,土默特左旗,33.0,44.1,12.8,35.0,66.1,0.77,47,7.5,32.0,1.0,92.2,0.0,1023.0,DEMO
2026-09-04 17:00:00,HHHT001,呼和浩特市环境监测中心站,40.8421,111.749,新城区,43.3,63.9,14.8,44.1,61.5,0.93,60,9.5,62.9,4.0,7.7,0.0,1010.1,DEMO
2026-09-04 17:00:00,HHHT002,如意开发区,40.825,111.8,赛罕区,50.7,65.5,14.4,41.6,41.2,1.05,70,6.5,65.4,2.1,345.2,0.0,1008.3,DEMO
2026-09-04 17:00:00,HHHT003,呼市一监,40.81,111.67,回民区,47.9,69.3,13.6,44.0,45.1,0.89,66,6.5,67.6,1.2,292.6,0.0,1011.8,DEMO
2026-09-04 17:00:00,HHHT004,小召前街,40.805,111.665,回民区,47.0,72.4,17.4,48.2,36.8,0.91,65,11.3,35.3,3.6,185.0,3.7,1012.6,DEMO
2026-09-04 17:00:00,HHHT005,二十九中,40.78,111.7,玉泉区,49.5,62.7,15.1,29.2,42.5,1.03,68,10.1,56.8,2.5,97.6,0.0,1007.4,DEMO
2026-09-04 17:00:00,HHHT006,工大金川校区,40.76,111.62,土默特左旗,37.3,53.9,12.1,35.6,53.3,1.02,53,8.9,51.9,3.4,65.3,0.0,1008.8,DEMO
2026-09-04 18:00:00,HHHT001,呼和浩特市环境监测中心站,40.8421,111.749,新城区,54.8,80.3,17.7,32.9,51.3,0.98,75,5.6,40.4,2.6,236.0,0.0,1009.6,DEMO
2026-09-04 18:00:00,HHHT002,如意开发区,40.825,111.8,赛罕区,59.7,74.7,10.8,39.8,27.0,1.11,81,2.5,56.3,2.5,298.9,0.0,1010.2,DEMO
2026-09-04 18:00:00,HHHT003,呼市一监,40.81,111.67,回民区,61.8,90.6,14.3,36.7,55.4,0.92,84,8.6,56.7,3.7,203.1,0.0,1011.9,DEMO
2026-09-04 18:00:00,HHHT004,小召前街,40.805,111.665,回民区,61.1,79.9,15.2,32.4,40.4,1.06,83,7.4,44.2,0.5,209.3,0.0,1016.6,DEMO
2026-09-04 18:00:00,HHHT005,二十九中,40.78,111.7,玉泉区,65.7,85.2,17.5,42.5,29.2,1.06,88,6.9,37.7,1.6,119.9,0.0,1008.3,DEMO
2026-09-04 18:00:00,HHHT006,工大金川校区,40.76,111.62,土默特左旗,49.5,66.4,9.5,33.4,47.3,0.95,68,10.8,64.1,3.8,358.7,0.0,1013.8,DEMO
2026-09-04 19:00:00,HHHT001,呼和浩特市环境监测中心站,40.8421,111.749,新城区,49.0,68.0,13.5,35.7,58.7,0.99,68,10.9,65.6,3.3,323.2,0.0,1017.4,DEMO
2026-09-04 19:00:00,HHHT002,如意开发区,40.825,111.8,赛罕区,62.8,89.1,21.0,46.5,35.8,1.1,85,7.6,40.5,3.0,216.6,0.0,1010.2,DEMO
2026-09-04 19:00:00,HHHT003,呼市一监,40.81,111.67,回民区,65.1,82.7,14.7,36.0,52.3,1.08,88,13.7,44.3,2.0,210.4,0.0,1009.9,DEMO
2026-09-04 19:00:00,HHHT004,小召前街,40.805,111.665,回民区,67.0,86.2,16.3,34.2,55.3,1.23,90,3.9,54.9,1.3,75.6,0.0,1014.8,DEMO
2026-09-04 19:00:00,HHHT005,二十九中,40.78,111.7,玉泉区,50.2,64.3,14.1,40.9,32.7,1.19,69,7.2,67.1,3.7,78.0,0.0,1011.6,DEMO
2026-09-04 19:00:00,HHHT006,工大金川校区,40.76,111.62,土默特左旗,40.5,53.0,15.3,37.1,49.3,1.01,57,7.5,50.1,3.4,338.3,0.0,1011.8,DEMO
2026-09-04 20:00:00,HHHT001,呼和浩特市环境监测中心站,40.8421,111.749,新城区,44.2,66.0,12.2,30.1,45.5,0.97,61,7.2,60.0,4.6,58.2,0.4,1020.0,DEMO
2026-09-04 20:00:00,HHHT002,如意开发区,40.825,111.8,赛罕区,71.5,101.6,15.8,32.1,49.0,1.21,96,9.1,49.1,2.3,37.1,0.0,1008.1,DEMO
2026-09-04 20:00:00,HHHT003,呼市一监,40.81,111.67,回民区,55.3,89.4,10.6,38.2,50.4,1.12,75,11.5,65.6,1.9,315.8,2.5,1019.5,DEMO
2026-09-04 20:00:00,HHHT004,小召前街,40.805,111.665,回民区,72.0,90.9,10.8,45.1,38.7,1.28,96,5.9,53.1,2.0,184.7,0.0,1009.1,DEMO
2026-09-04 20:00:00,HHHT005,二十九中,40.78,111.7,玉泉区,59.7,84.8,18.0,39.3,45.2,0.96,81,6.8,43.0,2.7,82.9,0.0,1017.4,DEMO
2026-09-04 20:00:00,HHHT006,工大金川校区,40.76,111.62,土默特左旗,38.7,53.6,17.1,39.5,46.3,1.04,55,6.7,55.1,2.4,256.9,0.0,1011.9,DEMO
